STT,Dạng,Nguồn,STT câu gốc,Loại số,Đề bài,Đáp án đúng,Lời giải,Nhận xét,Ghi chú kiểm tra
1,"Dạng 1 - Xác định phần thực, phần ảo, liên hợp, môđun",Câu gốc,1,,"Cho số phức $z = 3-2i$. Tìm phần thực và phần ảo của số phức $\overline{z}$.

A. Phần thực bằng $-3$ và phần ảo bằng $-2i$.
B. Phần thực bằng $-3$ và phần ảo bằng $-2$.
C. Phần thực bằng $3$ và phần ảo bằng $2i$.
D. Phần thực bằng $3$ và phần ảo bằng $2$.",D. Phần thực bằng 3 và phần ảo bằng 2.,Từ $z = 3-2i$ suy ra $\overline{z} = 3+2i$. Nên phần thực của $\overline{z}$ bằng $3$ và phần ảo của $\overline{z}$ bằng $2$.,Đạt,
2,"Dạng 1 - Xác định phần thực, phần ảo, liên hợp, môđun",Câu gốc,2,,"Cho hai số phức $z_1 = 1+i$ và $z_2 = 2-3i$. Tính môđun của số phức $z_1+z_2$.

A. $|z_1+z_2| = \sqrt{13}$.
B. $|z_1+z_2| = \sqrt{5}$.
C. $|z_1+z_1| = 1$.
D. $|z_1+z_2| = 5$.",A. $|z_1+z_2| = \sqrt{13}$.,Ta có $z_1+z_2 = 3-2i \Rightarrow |z_1+z_2| = \sqrt{3^2+(-2)^2} = \sqrt{13}$.,Đạt,
3,Dạng 3 - Phép toán số phức,Câu gốc,3,,"Cho số phức $z = 2+5i$. Tìm số phức $w = iz+\overline{z}$.

A. $w = 7-3i$.
B. $w = -3-3i$.
C. $w = 3+7i$.
D. $w = -7-7i$.",B. $w = -3-3i$.,$w = i(2+5i)+2-5i = 2i-5+2-5i = -3-3i$.,Đạt,
4,Dạng 5 - Tập hợp điểm biểu diễn (quỹ tích),Câu gốc,4,,"Cho số phức $z$ thỏa mãn $|z| = 4$. Biết rằng tập hợp các điểm biểu diễn các số phức $w = (3+4i)z+i$ là một đường tròn. Tính bán kính $r$ của đường tròn đó.

A. $r = 4$.
B. $r = 5$.
C. $r = 20$.
D. $r = 22$.",C. $r = 20$.,"Giả sử $w = x+yi$ $(x,y \in \mathbb{R})$. Ta có: $w = (3+4i)z+i \Leftrightarrow z = \dfrac{w-i}{3+4i} = \dfrac{x+(y-1)i}{3+4i} = \dfrac{3x-4(y-1)+[3(y-1)+4x]i}{25}$.
Do đó $|z|=4 \Leftrightarrow \left(\dfrac{3x-4y+4}{25}\right)^2+\left(\dfrac{4x+3y-3}{25}\right)^2 = 16 \Leftrightarrow x^2+(y-1)^2 = 400$.
Suy ra $r=20$.",Đạt,
5,Dạng 3 - Phép toán số phức,Câu gốc,5,,"Tìm số phức liên hợp của số phức $z = i(3i+1)$.

A. $\overline{z} = 3-i$.
B. $\overline{z} = -3+i$.
C. $\overline{z} = 3+i$.
D. $\overline{z} = -3-i$.",D. $\overline{z} = -3-i$.,Ta có $z = -3+i \Rightarrow \overline{z} = -3-i$.,Đạt,
6,Dạng 4 - Tìm số phức thỏa mãn điều kiện cho trước,Câu gốc,6,,"Tính môđun của số phức $z$ thỏa mãn $z(2-i)+13i = 1$.

A. $|z| = \sqrt{34}$.
B. $|z| = 34$.
C. $|z| = \dfrac{5\sqrt{34}}{3}$.
D. $|z| = \dfrac{\sqrt{34}}{4}$.",A. $|z| = \sqrt{34}$.,"Ta có: $z(2-i)+13i = 1 \Leftrightarrow z = \dfrac{1-13i}{2-i} \Leftrightarrow z = \dfrac{(1-13i)(2+i)}{(2-i)(2+i)} = 3-5i$.
$|z| = \sqrt{3^2+(-5)^2} = \sqrt{34}$.",Đạt,
7,Dạng 4 - Tìm số phức thỏa mãn điều kiện cho trước,Câu gốc,7,,"Cho số phức $z = a+bi$ $(a,b \in \mathbb{R})$ thỏa mãn $(1+i)z+2\overline{z} = 3+2i$. Tính $P = a+b$.

A. $P = \dfrac{1}{2}$.
B. $P = 1$.
C. $P = -1$.
D. $P = -\dfrac{1}{2}$.",C. $P = -1$.,"Ta có: $(1+i)z+2\overline{z} = 3+2i$ $(1)$.
Ta có: $z = a+bi \Rightarrow \overline{z} = a-bi$. Thay vào $(1)$ ta được:
$(1+i)(a+bi)+2(a-bi) = 3+2i \Leftrightarrow (a-b)i+(3a-b) = 3+2i \Leftrightarrow \begin{cases} a-b=2 \\ 3a-b=3 \end{cases} \Leftrightarrow \begin{cases} a=\dfrac{1}{2} \\ b=-\dfrac{3}{2} \end{cases} \Rightarrow P=-1$.",Đạt,
8,Dạng 4 - Tìm số phức thỏa mãn điều kiện cho trước,Câu gốc,8,,"Xét số phức $z$ thỏa mãn $(1+2i)|z| = \dfrac{\sqrt{10}}{z}-2+i$. Mệnh đề nào dưới đây đúng?

A. $\dfrac{3}{2} < |z| < 2$.
B. $|z| > 2$.
C. $|z| < \dfrac{1}{2}$.
D. $\dfrac{1}{2} < |z| < \dfrac{3}{2}$.",D. $\dfrac{1}{2} < |z| < \dfrac{3}{2}$.,"Ta có: $(1+2i)|z| = \dfrac{\sqrt{10}}{z}-2+i \Leftrightarrow (1+2i)|z| = \dfrac{\sqrt{10}}{z}+i(1+2i) \Leftrightarrow (1+2i)(|z|-i) = \dfrac{\sqrt{10}}{z}$.
$\Rightarrow |(1+2i)(|z|-i)| = \left|\dfrac{\sqrt{10}}{z}\right| \Rightarrow |1+2i|\cdot||z|-i| = \dfrac{\sqrt{10}}{|z|}$ $(*)$.
Đặt $t=|z|$ thì $t \in \mathbb{R}, t>0$ và $(*) \Leftrightarrow \sqrt{5}\cdot\sqrt{t^2+1} = \dfrac{\sqrt{10}}{t} \Leftrightarrow t^4+t^2=2 \Rightarrow t=1$ (do $t>0$).
Vậy, $|z|=t=1 \Rightarrow \dfrac{1}{2}<t<\dfrac{3}{2}$.",Đạt,
9,"Dạng 1 - Xác định phần thực, phần ảo, liên hợp, môđun",Câu gốc,9,,"Kí hiệu $a, b$ lần lượt là phần thực và phần ảo của số phức $3-2\sqrt{2}i$. Tìm $a, b$.

A. $a=3, b=2$.
B. $a=3, b=2\sqrt{2}$.
C. $a=3, b=\sqrt{2}$.
D. $a=3, b=-2\sqrt{2}$.","D. $a=3, b=-2\sqrt{2}$.","Số phức $3-2\sqrt{2}i$ có phần thực và phần ảo lần lượt là $3$ và $-2\sqrt{2}$. Vậy, $a=3, b=-2\sqrt{2}$.",Đạt,
10,"Dạng 1 - Xác định phần thực, phần ảo, liên hợp, môđun",Câu gốc,10,,"Tính môđun của số phức $z$ biết $\overline{z} = (4-3i)(1+i)$.

A. $|z| = 25\sqrt{2}$.
B. $|z| = 7\sqrt{2}$.
C. $|z| = 5\sqrt{2}$.
D. $|z| = \sqrt{2}$.",C. $|z| = 5\sqrt{2}$.,Ta có $\overline{z} = (4-3i)(1+i) = 7+i \Rightarrow |\overline{z}| = \sqrt{50} \Rightarrow |z| = \sqrt{50} = 5\sqrt{2}$.,Đạt,
11,Dạng 4 - Tìm số phức thỏa mãn điều kiện cho trước,Câu gốc,11,,"Hỏi có bao nhiêu số phức $z$ thỏa mãn đồng thời các điều kiện: $|z-i| = 5$ và $z^2$ là số thuần ảo?

A. 2.
B. 3.
C. 4.
D. 0.",C. 4.,"Đặt $z = x+iy$ với $x,y \in \mathbb{R}$.
$|z-i|=5 \Leftrightarrow |x+iy-i|=5 \Leftrightarrow \sqrt{x^2+(y-1)^2}=5 \Leftrightarrow x^2+(y-1)^2=25$.
$z^2$ là số thuần ảo hay $(x+iy)^2$ là số thuần ảo
$\Leftrightarrow x^2+2ixy-y^2$ là số thuần ảo $\Rightarrow x^2-y^2=0 \Leftrightarrow x=\pm y$.
Vậy, ta có hệ phương trình:
$\begin{cases} x^2+(y-1)^2=25 \\ x=y \end{cases}$ hoặc $\begin{cases} x^2+(y-1)^2=25 \\ x=-y \end{cases}$
$\Leftrightarrow \begin{cases} y^2+(y-1)^2=25 \\ x=y \end{cases}$ hoặc $\begin{cases} y^2+(y-1)^2=25 \\ x=-y \end{cases}$
$\Leftrightarrow \begin{cases} y^2-y-12=0 \\ x=y \end{cases}$ hoặc $\begin{cases} y^2-y-12=0 \\ x=-y \end{cases}$
$\Leftrightarrow \begin{cases} y=4 \\ x=4 \end{cases}$ hoặc $\begin{cases} y=-3 \\ x=-3 \end{cases}$ hoặc $\begin{cases} y=4 \\ x=-4 \end{cases}$ hoặc $\begin{cases} y=-3 \\ x=3 \end{cases}$.
Vậy, ta có 4 số phức thỏa mãn điều kiện.",Đạt,
12,Dạng 7 - Cực trị & vận dụng cao,Câu gốc,12,,"Xét các số phức $z$ thỏa mãn $|z+2-i|+|z-4-7i| = 6\sqrt{2}$. Gọi $m, M$ lần lượt là giá trị nhỏ nhất, giá trị lớn nhất của $|z-1+i|$. Tính $P = m+M$.

A. $P = \sqrt{13}+\sqrt{73}$.
B. $P = \dfrac{5\sqrt{2}+2\sqrt{73}}{2}$.
C. $P = 5\sqrt{2}+\sqrt{73}$.
D. $P = \dfrac{5\sqrt{2}+\sqrt{73}}{2}$.",B. $P = \dfrac{5\sqrt{2}+2\sqrt{73}}{2}$.,"Gọi $M(x;y)$ là điểm biểu diễn của $z$. Các điểm $A(-2;1), B(4;7), C(1;-1)$.
Ta có: $|z+2-i|+|z-4-7i|=6\sqrt{2} \Leftrightarrow MA+MB=6\sqrt{2}$, mà $AB=6\sqrt{2} \Rightarrow MA+MB=AB$.
Suy ra $M$ thuộc đoạn $AB$.
Phương trình đường thẳng $AB: y=x+3$, với $x \in [-2;4]$.
Ta có $|z-1+i| = MC \Rightarrow |z-1+i|^2 = MC^2 = (x-1)^2+(y+1)^2 = (x-1)^2+(x+4)^2 = 2x^2+6x+17$.
Đặt $f(x)=2x^2+6x+15, x \in [-2;4]$.
$f'(x)=4x+6, f'(x)=0 \Leftrightarrow x=-\dfrac{3}{2}$ (nhận).
Ta có: $f(-2)=13; f\left(-\dfrac{3}{2}\right)=\dfrac{25}{2}; f(4)=73$.
Vậy $f(x)_{\max}=f(4)=73; f(x)_{\min}=f\left(-\dfrac{3}{2}\right)=\dfrac{25}{2}$.
$\Rightarrow M=\sqrt{73}, m=\dfrac{5\sqrt{2}}{2} \Rightarrow P=\dfrac{5\sqrt{2}+2\sqrt{73}}{2}$.",Đạt,
13,Dạng 5 - Tập hợp điểm biểu diễn (quỹ tích),Câu gốc,13,,"Xét các số phức $z$ thỏa mãn $(z+2i)(\overline{z}+2)$ là số thuần ảo. Biết rằng tập hợp tất cả các điểm biểu diễn của $z$ là một đường tròn, tâm của đường tròn đó có tọa độ là

A. $(1;-1)$.
B. $(1;1)$.
C. $(-1;1)$.
D. $(-1;-1)$.",D. $(-1;-1)$.,"Giả sử $z=a+bi, (a,b\in\mathbb{R})$, ta được $(z+2i)(\overline{z}+2) = [a+(b+2)i][(a+2)-bi] = [a(a+2)+b(b+2)]+[(a+2)(b+2)-ab]i$.
$(z+2i)(\overline{z}+2)$ là số thuần ảo $\Leftrightarrow a(a+2)+b(b+2)=0 \Leftrightarrow (a+1)^2+(b+1)^2=2$ nên tập hợp tất cả các điểm biểu diễn của $z$ là một đường tròn phương trình $(x+1)^2+(y+1)^2=2$ có tâm $I(-1;-1)$.",Đạt,
14,Dạng 4 - Tìm số phức thỏa mãn điều kiện cho trước,Câu gốc,14,,"Có bao nhiêu số phức $z$ thỏa mãn $|z|^2 = 2|z+\overline{z}|+4$ và $|z-1-i| = |z-3+3i|$?

A. 4.
B. 3.
C. 1.
D. 2.",B. 3.,"Gọi $z=x+yi$ $(x;y\in\mathbb{R})$.
$|z|^2=2|z+\overline{z}|+4 \Leftrightarrow x^2+y^2=4|x|+4 \Leftrightarrow \begin{cases} x^2+y^2-4x-4=0, x\geq 0 & (1)\\ x^2+y^2+4x-4=0, x<0 & (2)\end{cases}$.
$|z-1-i|=|z-3+3i| \Leftrightarrow (x-1)^2+(y-1)^2=(x-3)^2+(y+3)^2 \Leftrightarrow 4x=8y+16 \Leftrightarrow x=2y+4$ $(3)$.
+ Thay $(3)$ vào $(1)$ ta được: $(2y+4)^2+y^2-4(2y+4)-4=0 \Leftrightarrow 5y^2+8y-4=0 \Leftrightarrow \begin{bmatrix} y=\dfrac{2}{5} \Rightarrow x=\dfrac{24}{5} \text{ (nhận)} \\ y=-2 \Rightarrow x=0 \text{ (nhận)} \end{bmatrix}$.
+ Thay $(3)$ vào $(2)$ ta được: $(2y+4)^2+y^2+4(2y+4)-4=0 \Leftrightarrow 5y^2+24y+28=0 \Leftrightarrow \begin{bmatrix} y=-2 \Rightarrow x=0 \text{ (loại)} \\ y=-\dfrac{14}{5} \Rightarrow x=-\dfrac{8}{5} \text{ (nhận)} \end{bmatrix}$.
Vậy có 3 số phức thỏa điều kiện.",Đạt,
15,"Dạng 1 - Xác định phần thực, phần ảo, liên hợp, môđun",Câu gốc,15,,"Môđun của số phức $1+2i$ bằng

A. 5.
B. $\sqrt{3}$.
C. $\sqrt{5}$.
D. 3.",C. $\sqrt{5}$.,Ta có: $|1+2i| = \sqrt{1^2+2^2} = \sqrt{5}$.,Đạt,
16,Dạng 3 - Phép toán số phức,Câu gốc,16,,"Cho hai số phức $z_1 = -3+i$ và $z_2 = 1-i$. Phần ảo của số phức $z_1+\overline{z_2}$ bằng

A. $-2$.
B. $2i$.
C. $2$.
D. $-2i$.",C. 2.,Ta có: $z_1+\overline{z_2} = -3+i+1+i = -2+2i$. Phần ảo của số phức $z_1+\overline{z_2}$ là $2$.,Đạt,
17,Dạng 2 - Biểu diễn hình học,Câu gốc,17,,"Trên mặt phẳng tọa độ, điểm biểu diễn số phức $z = (1+2i)^2$ là điểm nào dưới đây?

A. $P(-3;4)$.
B. $Q(5;4)$.
C. $N(4;-3)$.
D. $M(4;5)$.",A. $P(-3;4)$.,"Ta có: $z = (1+2i)^2 = 1+4i+4i^2 = 1+4i-4 = -3+4i$.
Vậy, điểm biểu diễn số phức $z$ là $P(-3;4)$.",Đạt,
18,"Dạng 1 - Xác định phần thực, phần ảo, liên hợp, môđun",Câu gốc,18,,"Số phức liên hợp của số phức $z = 2+i$ là

A. $\overline{z} = -2+i$.
B. $\overline{z} = -2-i$.
C. $\overline{z} = 2-i$.
D. $\overline{z} = 2+i$.",C. $\overline{z} = 2-i$.,Số phức liên hợp của số phức $z = 2+i$ là $\overline{z} = 2-i$.,Đạt,
19,Dạng 3 - Phép toán số phức,Câu gốc,19,,"Cho hai số phức $z_1 = 2+i$ và $z_2 = 1+3i$. Phần thực của số phức $z_1+z_2$ bằng

A. 1.
B. 3.
C. 4.
D. $-2$.",B. 3.,"Ta có $z_1+z_2 = 3+4i$.
Phần thực của số phức $z_1+z_2$ bằng $3$.",Đạt,
20,Dạng 2 - Biểu diễn hình học,Câu gốc,20,,"Trên mặt phẳng tọa độ, điểm biểu diễn số phức $z = -1+2i$ là điểm nào dưới đây?

A. $Q(1;2)$.
B. $P(-1;2)$.
C. $N(1;-2)$.
D. $M(-1;-2)$.",B. $P(-1;2)$.,Điểm biểu diễn số phức $z = -1+2i$ là điểm $P(-1;2)$.,Đạt,
21,Dạng 3 - Phép toán số phức,Câu gốc,21,,"Cho hai số phức $z_1 = 3-i$ và $z_2 = -1+i$. Phần ảo của số phức $z_1z_2$ bằng

A. 4.
B. $4i$.
C. $-1$.
D. $-i$.",A. 4.,"Ta có $z_1z_2 = (3-i)(-1+i) = -2+4i$.
Suy ra phần ảo của $z_1z_2$ bằng $4$.",Đạt,
22,"Dạng 1 - Xác định phần thực, phần ảo, liên hợp, môđun",Câu gốc,22,,"Môđun của số phức $z = 3-i$ bằng

A. 8.
B. $\sqrt{10}$.
C. 10.
D. $2\sqrt{2}$.",B. $\sqrt{10}$.,Ta có $z = 3-i \Rightarrow |z| = \sqrt{10}$.,Đạt,
23,Dạng 3 - Phép toán số phức,Câu gốc,23,,"Cho số phức $z = 3-2i$, khi đó $2z$ bằng

A. $6-2i$.
B. $6-4i$.
C. $3-4i$.
D. $-6+4i$.",B. $6-4i$.,Ta có $2z = 2(3-2i) = 6-4i$.,Đạt,
24,Dạng 2 - Biểu diễn hình học,Câu gốc,24,,"Trên mặt phẳng tọa độ, cho $M(2;3)$ là điểm biểu diễn của số phức $z$. Phần thực của $z$ bằng

A. $2$.
B. $3$.
C. $-3$.
D. $-2$.",A. $2$.,"Vì $M(2;3)$ là điểm biểu diễn của số phức $z$ nên $z = 2+3i$.

Vậy phần thực của số phức $z$ là $2$.",Đạt,
25,Dạng 4 - Tìm số phức thỏa mãn điều kiện cho trước,Câu gốc,25,,"Cho số phức $z$ thỏa mãn $i\bar{z} = 5+2i$. Phần ảo của $z$ bằng

A. $5$.
B. $2$.
C. $-5$.
D. $-2$.",A. $5$.,"Ta có $\bar{z} = \dfrac{5+2i}{i} = 2-5i$.

Suy ra $z = 2+5i$, do đó phần ảo của $z$ là $5$.",Đạt,
26,Dạng 6 - Phương trình bậc hai có tham số,Câu gốc,26,,"Trên tập hợp các số phức, xét phương trình $z^2 - 2mz + 8m - 12 = 0$ ($m$ là tham số thực). Có bao nhiêu giá trị nguyên của $m$ để phương trình đó có hai nghiệm phân biệt $z_1, z_2$ thỏa mãn $|z_1| = |z_2|$?

A. $5$.
B. $6$.
C. $3$.
D. $4$.",D. $4$.,"Ta có $\Delta' = m^2 - 8m + 12$.

Nếu $\Delta' > 0$ thì phương trình có hai nghiệm thực. Khi đó, $|z_1| = |z_2| \Leftrightarrow z_1 = -z_2 \Leftrightarrow z_1 + z_2 = 0 \Leftrightarrow m = 0$ (thỏa mãn).

Nếu $\Delta' < 0$, thì phương trình có hai nghiệm phức. Khi đó, là hai số phức liên hợp nên ta luôn có $|z_1| = |z_2|$ hay $m^2 - 8m + 12 < 0 \Leftrightarrow 2 < m < 6$ luôn thỏa mãn.

Vậy có 4 giá trị nguyên của tham số thỏa mãn.",Đạt,
27,Dạng 7 - Cực trị & vận dụng cao,Câu gốc,27,,"Gọi $S$ là tập hợp tất cả các số phức $z$ sao cho số phức $w = \dfrac{1}{|z|-z}$ có phần thực bằng $\dfrac{1}{8}$. Xét các số phức $z_1, z_2 \in S$ thỏa mãn $|z_1-z_2|=2$, giá trị lớn nhất của $P = |z_1-5i|^2 - |z_2-5i|^2$ bằng

A. $16$.
B. $20$.
C. $10$.
D. $32$.",B. $20$.,"Gọi $z = x+yi$ suy ra $w = \dfrac{1}{(\sqrt{x^2+y^2}-x)-yi}$.

Từ đó suy ra phần thực của $w$ là $\dfrac{\sqrt{x^2+y^2}-x}{2\sqrt{x^2+y^2}\left(\sqrt{x^2+y^2}-x\right)} = \dfrac{1}{8} \Leftrightarrow \sqrt{x^2+y^2} = 4 \Leftrightarrow x^2+y^2 = 16$.

Vậy tập hợp điểm biểu diễn số phức $z$ là đường tròn $(O;4)$ với $O(0;0)$.

Gọi $A, B$ lần lượt là hai điểm biểu diễn số phức $z_1$ và $z_2$. Khi đó $AB = 2$ (vì $|z_1-z_2|=2$).

Gọi $I(0;5) \Rightarrow \begin{cases} |z_1-5i| = AI \\ |z_2-5i| = BI \end{cases}$.

Khi đó $P = AI^2 - BI^2 = (\overrightarrow{AO}+\overrightarrow{OI})^2 - (\overrightarrow{BO}+\overrightarrow{OI})^2 = 2\overrightarrow{OI}\cdot\overrightarrow{AB} \le 2OI\cdot AB = 20$.

Dấu ""="" xảy ra khi $\overrightarrow{OI}$ và $\overrightarrow{AB}$ cùng hướng.",Đạt,
28,Dạng 2 - Biểu diễn hình học,Câu gốc,28,,"Trên mặt phẳng tọa độ, điểm biểu diễn số phức $z=7-6i$ có tọa độ là

A. $(-6;7)$.
B. $(6;7)$.
C. $(7;6)$.
D. $(7;-6)$.",D. $(7;-6)$.,Điểm biểu diễn số phức $z=7-6i$ có tọa độ là $(7;-6)$.,Đạt,
29,Dạng 3 - Phép toán số phức,Câu gốc,29,,"Cho số phức $z = 2+9i$, phần thực của số phức $z^2$ bằng

A. $-77$.
B. $4$.
C. $36$.
D. $85$.",A. $-77$.,Ta có $z^2 = (2+9i)^2 = 4+36i+81i^2 = -77+36i$ nên phần thực của số phức $z^2$ bằng $-77$.,Đạt,
30,"Dạng 1 - Xác định phần thực, phần ảo, liên hợp, môđun",Câu gốc,30,,"Phần ảo của số phức $z = 2-3i$ là

A. $-3$.
B. $-2$.
C. $2$.
D. $3$.",A. $-3$.,Phần ảo của số phức $z = 2-3i$ là $-3$.,Đạt,
31,Dạng 5 - Tập hợp điểm biểu diễn (quỹ tích),Câu gốc,31,,"Trên mặt phẳng tọa độ, biết tập hợp điểm biểu diễn các số phức $z$ thỏa mãn $|z+2i|=1$ là một đường tròn. Tâm của đường tròn đó có tọa độ là

A. $(0;2)$.
B. $(-2;0)$.
C. $(0;-2)$.
D. $(2;0)$.",C. $(0;-2)$.,"Gọi $z = x+yi$, với $x,y \in \mathbb{R}$. Khi đó $z+2i = x+(y+2)i$.

Ta có $|z+2i|=1 \Leftrightarrow \sqrt{x^2+(y+2)^2}=1 \Leftrightarrow x^2+(y+2)^2=1$.

Vậy tập hợp điểm biểu diễn các số phức $z$ là đường tròn tâm $I(0;-2)$ bán kính $R=1$.",Đạt,
32,Dạng 7 - Cực trị & vận dụng cao,Câu gốc,32,,"Xét các số phức $z$ thỏa mãn $|z^2-3-4i| = 2|z|$. Gọi $M$ và $m$ lần lượt là giá trị lớn nhất và giá trị nhỏ nhất của $|z|$. Giá trị của $M^2+m^2$ bằng

A. $28$.
B. $18+4\sqrt{6}$.
C. $14$.
D. $11+4\sqrt{6}$.",C. $14$.,"Gọi $z=x+yi$, với $x,y\in\mathbb{R}$. Ta có

$|z^2-3-4i|=2|z|$

$\Leftrightarrow |z^2-(2+i)^2|=2|z|$

$\Leftrightarrow \left((x-2)^2+(y-1)^2\right)\left((x+2)^2+(y+1)^2\right)=4(x^2+y^2)$

$\Leftrightarrow (t+5)^2-(4x+2y)^2=4t$, với $t=x^2+y^2$

$\Leftrightarrow (4x+2y)^2=t^2+6t+25$

$\Leftrightarrow 20t \ge t^2+6t+25$ (bất đẳng thức B.C.S)

$\Leftrightarrow t^2-14t+25 \le 0$

$\Leftrightarrow 7-2\sqrt{6} \le t \le 7+2\sqrt{6}$

$\Leftrightarrow \sqrt{6}-1 \le |z| \le \sqrt{6}+1$.

Suy ra giá trị lớn nhất của $|z|$ là $M=1+\sqrt{6}$ và giá trị nhỏ nhất là $m=1-\sqrt{6}$.

Vậy $M^2+m^2=14$.",Đạt,
33,Dạng 6 - Phương trình bậc hai có tham số,Câu gốc,33,,"Trên tập hợp số phức, xét phương trình $z^2 - 2(m+1)z + m^2 = 0$ ($m$ là tham số thực). Có bao nhiêu giá trị của $m$ để phương trình đó có hai nghiệm phân biệt $z_1, z_2$ thỏa mãn $|z_1|+|z_2|=2$?

A. $1$.
B. $4$.
C. $2$.
D. $3$.",C. $2$.,"Ta có $\Delta' = (m+1)^2-m^2=2m+1$. Ta có các trường hợp (TH) sau:

TH1. $\Delta<0 \Leftrightarrow m<-\dfrac{1}{2}$. Khi đó $z_1=\overline{z_2}$, suy ra $2|z_1|=|z_1|+|z_2|=2 \Rightarrow |z_1|=1 \Rightarrow m^2=z_1z_2=|z_1|^2=1 \Rightarrow m=\pm1$.

Kết hợp với điều kiện, $m<-\dfrac{1}{2}$, ta được $m=-1$.

TH2. $\Delta \ge 0 \Leftrightarrow m \ge -\dfrac{1}{2}$. Khi đó phương trình đã cho có hai nghiệm thực thỏa mãn $z_1+z_2=2(m+1)$ và $z_1z_2=m^2$. Do đó

$4=(|z_1|+|z_2|)^2=z_1^2+z_2^2+2|z_1z_2|=(z_1+z_2)^2-2z_1z_2+2|z_1z_2|$

$\Leftrightarrow 4(m+1)^2-2m^2+2m^2=4 \Leftrightarrow \left[\begin{array}{l} m=0 \\ m=-2 \end{array}\right.$

Kết hợp điều kiện $m>-\dfrac{1}{2}$, ta được $m=0$.

Vậy có 2 giá trị $m=0$ hoặc $m=-1$ thỏa mãn bài toán.",Đạt,
34,"Dạng 1 - Xác định phần thực, phần ảo, liên hợp, môđun",Câu gốc,34,,"Số phức nào dưới đây là số thuần ảo?

A. $z=-2+3i$.
B. $z=3i$.
C. $z=-2$.
D. $z=\sqrt{3}+i$.",B. $z=3i$.,Số phức là số thuần ảo nếu phần thực bằng $0$.,Đạt,
35,Dạng 3 - Phép toán số phức,Câu gốc,35,,"Cho hai số phức $z_1 = 5-7i$ và $z_2 = 2+3i$. Tìm số phức $z=z_1+z_2$.

A. $z=7-4i$.
B. $z=2+5i$.
C. $z=-2+5i$.
D. $z=3-10i$.",A. $z=7-4i$.,Ta có $z = 5-7i+2+3i = 7-4i$.,Đạt,
36,Dạng 6 - Phương trình bậc hai có tham số,Câu gốc,36,,"Phương trình nào dưới đây nhận hai số phức $z=1+\sqrt{2}i$ và $1-\sqrt{2}i$ là nghiệm?

A. $z^2+2z+3=0$.
B. $z^2-2z-3=0$.
C. $z^2-2z+3=0$.
D. $z^2+2z-3=0$.",C. $z^2-2z+3=0$.,Áp dụng định lý Vi-ét có tổng hai số phức là $2$ và tích của chúng là $3$ $\Rightarrow$ hai số phức là nghiệm của phương trình $z^2-2z+3=0$.,Đạt,
37,Dạng 2 - Biểu diễn hình học,Câu gốc,37,,"Cho số phức $z=1-2i$. Điểm nào dưới đây là điểm biểu diễn của số phức $w=iz$ trên mặt phẳng tọa độ?

A. $Q(1;2)$.
B. $N(2;1)$.
C. $M(1;-2)$.
D. $P(-2;1)$.",B. $N(2;1)$.,$w=iz=2+i$. Điểm biểu diễn số phức $w$ là $N(2;1)$.,Đạt,
38,Dạng 4 - Tìm số phức thỏa mãn điều kiện cho trước,Câu gốc,38,,"Cho số phức $z=a+bi$ ($a,b \in \mathbb{R}$) thỏa mãn $z+1+3i-|z|i=0$. Tính $S=a+3b$.

A. $S=\dfrac{7}{3}$.
B. $S=-5$.
C. $S=5$.
D. $S=-\dfrac{7}{3}$.",B. $S=-5$.,"$z+1+3i-|z|i=0 \Leftrightarrow a+bi+1+3i-\sqrt{a^2+b^2}i=0 \Leftrightarrow a+1+\left(b+3-\sqrt{a^2+b^2}\right)i=0$

$\Leftrightarrow \begin{cases} a+1=0 \\ b+3-\sqrt{a^2+b^2}=0 \end{cases} \Leftrightarrow \begin{cases} a=-1 \\ \sqrt{b^2+1}=b+3 \end{cases} \Leftrightarrow \begin{cases} a=-1 \\ b=-\dfrac{4}{3} \end{cases}$.

$S=a+3b=-5$.",Đạt,
39,Dạng 4 - Tìm số phức thỏa mãn điều kiện cho trước,Câu gốc,39,,"Có bao nhiêu số phức $z$ thỏa mãn $|z-3i|=5$ và $\dfrac{z}{z-4}$ là số thuần ảo?

A. $0$.
B. Vô số.
C. $1$.
D. $2$.",C. $1$.,"$\begin{cases} |z-3i|=5 \\ \dfrac{z}{z-4} \text{ là số thuần ảo} \end{cases} \Leftrightarrow \begin{cases} \sqrt{a^2+(b-3)^2}=5 \\ \dfrac{(a+bi)(a-4-bi)}{(a-4+bi)(a-4-bi)} \text{ là số thuần ảo} \end{cases}$

$\Leftrightarrow \begin{cases} a^2+b^2-6b=16 \\ a^2+b^2-4a=0 \\ a\ne4, b\ne0 \end{cases} \Leftrightarrow \begin{cases} 4a-6b=16 \\ a^2+b^2-4a=0 \\ a\ne4, b\ne0 \end{cases} \Leftrightarrow \begin{cases} b=\dfrac{2a-8}{3} \\ a^2+\left(\dfrac{2a-8}{3}\right)^2-4a=0 \\ a\ne4, b\ne0 \end{cases}$

$\Leftrightarrow \begin{cases} b=\dfrac{2a-8}{3} \\ 13a^2-68a+64=0 \\ a\ne4, b\ne0 \end{cases} \Leftrightarrow \begin{cases} a=\dfrac{16}{13} \\ b=-\dfrac{24}{13} \end{cases}$

Vậy có một số phức thỏa yêu cầu bài toán.",Đạt,
40,"Dạng 1 - Xác định phần thực, phần ảo, liên hợp, môđun",Câu gốc,40,,"Số phức có phần thực bằng $3$ và phần ảo bằng $4$ là

A. $3+4i$.
B. $4-3i$.
C. $3-4i$.
D. $4+3i$.",A. $3+4i$.,Số phức có phần thực bằng $3$ và phần ảo bằng $4$ là $z = 3+4i$.,Đạt,
41,Dạng 5 - Tập hợp điểm biểu diễn (quỹ tích),Câu gốc,41,,"Xét các số phức $z$ thỏa mãn $(\bar{z}+3i)(z-3)$ là số thuần ảo. Trên mặt phẳng tọa độ, tập hợp tất cả các điểm biểu diễn các số phức $z$ là một đường tròn có bán kính bằng

A. $\dfrac{9}{2}$.
B. $3\sqrt{2}$.
C. $3$.
D. $\dfrac{3\sqrt{2}}{2}$.",D. $\dfrac{3\sqrt{2}}{2}$.,"Giả sử $z=x+yi \Rightarrow \bar{z}=x-yi$ trong đó $x,y\in\mathbb{R}$.

Ta có $(\bar{z}+3i)(z-3) = x^2+y^2-3x-3y+(3x+3y-9)i$.

Số phức $(\bar{z}+3i)(z-3)$ là số thuần ảo khi chỉ khi $x^2+y^2-3x-3y=0 \Leftrightarrow \left(x-\dfrac{3}{2}\right)^2+\left(y-\dfrac{3}{2}\right)^2=\dfrac{9}{2}$.

Vậy tập hợp tất cả các điểm biểu diễn số phức $z$ thỏa mãn yêu cầu bài toán là đường tròn có bán kính bằng $\dfrac{3\sqrt{2}}{2}$.",Đạt,
42,Dạng 4 - Tìm số phức thỏa mãn điều kiện cho trước,Câu gốc,42,,"Có bao nhiêu số phức $z$ thỏa mãn $|z|(z-3-i)+2i=(4-i)z$?

A. $1$.
B. $3$.
C. $2$.
D. $4$.",B. $3$.,"Ta có $|z|(z-3-i)+2i=(4-i)z \Leftrightarrow z(4-|z|-i)=-3|z|+(2-|z|)i$.

Đặt $t=|z|$, điều kiện $t\ge0, t\in\mathbb{R}$. Lấy mô-đun hai vế ta được

$t|4-t-i| = |-3t+(2-t)i|$

$\Leftrightarrow t\sqrt{(4-t)^2+1} = \sqrt{9t^2+(2-t)^2}$

$\Leftrightarrow t^4-8t^3+6t^2+4t-3=0$

$\Leftrightarrow (t-1)(t^3-7t^2-t+3)=0$

$\Leftrightarrow \left[\begin{array}{l} t=1 \\ t\approx7,081 \\ t\approx0,61146 \\ t\approx-0,6928. \end{array}\right.$

Do đó, có 3 giá trị $t$ thỏa mãn.

Mặt khác, với mỗi $t\ge0$, ta có $z=\dfrac{-3t+(2-t)i}{4-t-i}$ nên có duy nhất một số phức $z$ thỏa mãn.

Vậy có 3 số phức thỏa mãn yêu cầu bài toán.",Đạt,
43,"Dạng 1 - Xác định phần thực, phần ảo, liên hợp, môđun",Câu gốc,43,,"Số phức liên hợp của số phức $5-3i$ là

A. $-5+3i$.
B. $-3+5i$.
C. $-5-3i$.
D. $5+3i$.",D. $5+3i$.,Số phức liên hợp của số phức $5-3i$ là $5+3i$.,Đạt,
44,Dạng 2 - Biểu diễn hình học,Câu gốc,44,,"Cho hai số phức $z_1=-2+i$ và $z_2=1+i$. Trên mặt phẳng tọa độ $Oxy$, điểm biểu diễn số phức $2z_1+z_2$ có tọa độ là

A. $(3;-3)$.
B. $(2;-3)$.
C. $(-3;3)$.
D. $(-3;2)$.",C. $(-3;3)$.,"Ta có $2z_1+z_2=-4+2i+1+i=-3+3i$.

Vậy điểm biểu diễn số phức $2z_1+z_2$ có tọa độ là $(-3;3)$.",Đạt,
45,Dạng 4 - Tìm số phức thỏa mãn điều kiện cho trước,Câu gốc,45,,"Cho số phức $z$ thoả mãn $3(\bar{z}-i)-(2+3i)z=7-16i$. Mô-đun của $z$ bằng

A. $\sqrt{5}$.
B. $5$.
C. $\sqrt{3}$.
D. $3$.",A. $\sqrt{5}$.,"Đặt $z=a+bi\,(a;b\in\mathbb{R})$. Theo đề ta có
$3(a-bi-i)-(2+3i)(a+bi)=7-16i$
$\Leftrightarrow 3a-3bi-3i-2a-2bi-3ai+3b=7-16i$
$\Leftrightarrow (a+3b)+(-3a-5b-3)i=7-16i$
$\Leftrightarrow \begin{cases}a+3b=7\\-3a-5b-3=-16\end{cases}\Leftrightarrow \begin{cases}a+3b=7\\-3a-5b=-13\end{cases}\Leftrightarrow \begin{cases}a=1\\b=2.\end{cases}$
Vậy $|z|=\sqrt{1^2+2^2}=\sqrt5$.",Đạt,
46,Dạng 5 - Tập hợp điểm biểu diễn (quỹ tích),Câu gốc,46,,"Xét số phức $z$ thỏa mãn $|z|=\sqrt{2}$. Trên mặt phẳng tọa độ $Oxy$, tập hợp điểm biểu diễn các số phức $w=\dfrac{3+iz}{1+z}$ là một đường tròn có bán kính bằng

A. $2\sqrt{3}$.
B. $20$.
C. $12$.
D. $2\sqrt{5}$.",D. $2\sqrt{5}$.,"Ta có $w=\dfrac{3+iz}{1+z} \Leftrightarrow w+wz=3+iz \Leftrightarrow w-3=(i-w)z$. Lấy mô-đun hai vế ta được
$|w-3|=|(i-w)z| \Leftrightarrow |w-3|=|(i-w)||z|$. $(*)$
Gọi $w=x+yi,\, x,y\in\mathbb{R}$. Khi đó ta có
$(*) \Leftrightarrow |w-3|=|(i-w)||z| \Leftrightarrow \sqrt{(x-3)^2+y^2}=\sqrt{x^2+(1-y)^2}\cdot\sqrt{2}$
$\Leftrightarrow (x-3)^2+y^2=2x^2+2(1-y)^2 \Leftrightarrow x^2+y^2+6x-4y-7=0$.
Vậy tập hợp điểm biểu diễn số phức $w$ thỏa mãn $|z|=\sqrt{2}$ là đường tròn có tâm $I(-3;2)$ và bán kính bằng $2\sqrt{5}$.",Đạt,
47,Dạng 2 - Biểu diễn hình học,Câu gốc,47,,"Trên mặt phẳng tọa độ, biết $M(-1;3)$ là điểm biểu diễn số phức $z$. Phần thực của $z$ bằng

A. $3$.
B. $-1$.
C. $-3$.
D. $1$.",B. $-1$.,"Ta có $M(-1;3)$ là điểm biểu diễn số phức $z=-1+3i$.
Do đó, phần thực của $z$ là $-1$.",Đạt,
48,Dạng 3 - Phép toán số phức,Câu gốc,48,,"Cho hai số phức $z_1=3+2i$ và $z_2=2-i$. Số phức $z_1+z_2$ bằng

A. $5-i$.
B. $5+i$.
C. $-5-i$.
D. $-5+i$.",B. $5+i$.,Ta có: $z_1+z_2=(3+2i)+(2-i)=5+i$.,Đạt,
49,"Dạng 1 - Xác định phần thực, phần ảo, liên hợp, môđun",Câu gốc,49,,"Số phức liên hợp của số phức $z=-2+5i$ là

A. $\bar{z}=2-5i$.
B. $\bar{z}=2+5i$.
C. $\bar{z}=-2+5i$.
D. $\bar{z}=-2-5i$.",D. $\bar{z}=-2-5i$.,Ta có số phức liên hợp của số phức $z=-2+5i$ là $\bar{z}=-2-5i$.,Đạt,
50,"Dạng 1 - Xác định phần thực, phần ảo, liên hợp, môđun",Câu gốc,50,,"Cho hai số phức $z=2+2i$ và $w=2+i$. Mô-đun của số phức $z\cdot\overline{w}$ bằng

A. $40$.
B. $8$.
C. $2\sqrt{2}$.
D. $2\sqrt{10}$.",D. $2\sqrt{10}$.,"Ta có $z\cdot\overline{w}=(2+2i)(2-i)=6+2i$.
Vậy $|z\cdot\overline{w}|=|6+2i|=\sqrt{6^2+2^2}=2\sqrt{10}$.",Đạt,
51,Dạng 2 - Biểu diễn hình học,Câu gốc,51,,"Trong mặt phẳng tọa độ $Oxy$, điểm $M(-3;2)$ là điểm biểu diễn của số phức nào sau đây?

A. $z_3=3-2i$.
B. $z_4=3+2i$.
C. $z_1=-3-2i$.
D. $z_2=-3+2i$.",D. $z_2=-3+2i$.,"Trong mặt phẳng tọa độ $Oxy$, điểm $M(-3;2)$ biểu diễn cho số phức $z_2=-3+2i$.",Đạt,
52,Dạng 3 - Phép toán số phức,Câu gốc,52,,"Cho hai số phức $z=5+2i$ và $w=1-4i$. Số phức $z+w$ bằng

A. $6+2i$.
B. $4+6i$.
C. $6-2i$.
D. $-4-6i$.",C. $6-2i$.,Ta có $z+w=5+2i+1-4i=(5+1)+(2-4)i=6-2i$.,Đạt,
53,"Dạng 1 - Xác định phần thực, phần ảo, liên hợp, môđun",Câu gốc,53,,"Phần thực của số phức $z=6-2i$ bằng

A. $-2$.
B. $2$.
C. $6$.
D. $-6$.",C. $6$.,Phần thực của số phức $z=6-2i$ bằng $6$.,Đạt,
54,Dạng 4 - Tìm số phức thỏa mãn điều kiện cho trước,Câu gốc,54,,"Cho số phức $z$ thỏa mãn $iz=6+5i$. Số phức liên hợp của $z$ là

A. $\bar{z}=5-6i$.
B. $\bar{z}=-5+6i$.
C. $\bar{z}=5+6i$.
D. $\bar{z}=-5-6i$.",C. $\bar{z}=5+6i$.,Ta có $iz=6+5i \Leftrightarrow z=\dfrac{6+5i}{i}=5-6i$. Vậy $\bar{z}=5+6i$.,Đạt,
55,Dạng 7 - Cực trị & vận dụng cao,Câu gốc,55,,"Xét các số phức $z, w$ thỏa mãn $|z|=1$ và $|w|=2$. Khi $|z+i\overline{w}+6+8i|$ đạt giá trị nhỏ nhất, $|z-w|$ bằng

A. $\dfrac{\sqrt{29}}{5}$.
B. $\dfrac{\sqrt{221}}{5}$.
C. $3$.
D. $\sqrt{5}$.",A. $\dfrac{\sqrt{29}}{5}$.,"Ta có $|z+i\overline{w}+6+8i| \ge |6+8i|-|z|-|i\overline{w}|=10-1-2=7$.
Dấu bằng xảy ra khi và chỉ khi $\begin{cases}z=-\dfrac{3}{5}-\dfrac{4}{5}i\\iw=-\dfrac{6}{5}-\dfrac{8}{5}i\end{cases} \Leftrightarrow \begin{cases}z=-\dfrac{3}{5}-\dfrac{4}{5}i\\w=-\dfrac{8}{5}-\dfrac{6}{5}i.\end{cases}$
Khi đó $|z-w|=\dfrac{\sqrt{29}}{5}$.",Đạt,
56,Dạng 6 - Phương trình bậc hai có tham số,Câu gốc,56,,"Trên tập hợp các số phức, xét phương trình $z^2-2(m+1)z+m^2=0$ ($m$ là tham số thực). Có bao nhiêu giá trị của $m$ để phương trình đó có nghiệm $z_0$ thỏa mãn $|z_0|=5$?

A. $2$.
B. $3$.
C. $1$.
D. $4$.",B. $3$.,"Ta có $\Delta'=2m+1$.
- TH1: $\Delta'=0 \Leftrightarrow m=-\dfrac{1}{2}$ thì $z_0=\dfrac{1}{2}$, suy ra $m=-\dfrac{1}{2}$ (loại).
- TH2: $\Delta'<0 \Leftrightarrow m<-\dfrac{1}{2}$ thì $z_0=m+1+\sqrt{|2m+1|}\,i$ hoặc $z_0=m+1-\sqrt{|2m+1|}\,i$.
Theo đề bài $|z_0|=5 \Rightarrow (m+1)^2+(-2m-1)=25 \Leftrightarrow \begin{bmatrix}m=5 & (\text{loại})\\m=-5 & (\text{nhận})\end{bmatrix}$
- TH3: $\Delta'>0 \Leftrightarrow m>-\dfrac{1}{2}$ thì phương trình có hai nghiệm thực phân biệt
  Khi $z_0=5$: thế vào phương trình ta được $m^2-10m+15=0 \Leftrightarrow m=5\pm\sqrt{10}$ (nhận).
  Khi $z_0=-5$: thế vào phương trình ta được $m^2+10m+35=0$ vô nghiệm.
Vậy có 3 giá trị của $m$.",Đạt,
57,Dạng 3 - Phép toán số phức,Câu gốc,57,,"Cho hai số phức $z=4+3i$ và $w=1-i$. Số phức $z-w$ bằng

A. $5+2i$.
B. $7-i$.
C. $3+4i$.
D. $-3-4i$.",C. $3+4i$.,Ta có $z-w=4+3i-(1-i)=3+4i$.,Đạt,
58,"Dạng 1 - Xác định phần thực, phần ảo, liên hợp, môđun",Câu gốc,58,,"Phần ảo của số phức $z=3-4i$ bằng

A. $4$.
B. $-3$.
C. $-4$.
D. $3$.",C. $-4$.,Phần ảo của số phức $z=3-4i$ là $-4$.,Đạt,
59,"Dạng 1 - Xác định phần thực, phần ảo, liên hợp, môđun",Câu gốc,59,,"Cho số phức $z=4-2i$, mô-đun của số phức $(1+i)z$ bằng

A. $2\sqrt{10}$.
B. $24$.
C. $2\sqrt{26}$.
D. $40$.",A. $2\sqrt{10}$.,"Ta có $(1+i)z=(1+i)(4-2i)=6+2i$.
Do đó mô-đun của $(1+i)z$ là $|6+2i|=\sqrt{6^2+2^2}=\sqrt{40}=2\sqrt{10}$.
Vậy $|(1+i)z|=2\sqrt{10}$.",Đạt,
60,Dạng 7 - Cực trị & vận dụng cao,Câu gốc,60,,"Xét các số phức $z$ và $w$ thay đổi thỏa mãn $|z|=|w|=4$ và $|z-w|=4\sqrt{2}$. Giá trị nhỏ nhất của $P=|z-1-i|+|w+3-4i|$ bằng

A. $\sqrt{41}$.
B. $5-2\sqrt{2}$.
C. $5-\sqrt{2}$.
D. $\sqrt{13}$.",D. $\sqrt{13}$.,"Đặt $\dfrac{z}{w}=x+yi\,(x,y\in\mathbb{R})$.
Ta có $\begin{cases}\dfrac{|z|}{|w|}=1\\\dfrac{|z-w|}{|w|}=\sqrt{2}\end{cases} \Leftrightarrow \begin{cases}\left|\dfrac{z}{w}\right|=1\\\left|\dfrac{z-w}{w}\right|=\sqrt{2}\end{cases} \Leftrightarrow \begin{cases}\sqrt{x^2+y^2}=1\\\left|\dfrac{z}{w}-1\right|=\sqrt{2}\end{cases} \Leftrightarrow \begin{cases}\sqrt{x^2+y^2}=1\\\sqrt{(x-1)^2+y^2}=\sqrt{2}\end{cases} \Leftrightarrow \begin{cases}x^2+y^2=1\\(x-1)^2+y^2=2\end{cases} \Leftrightarrow \begin{cases}x=0\\y=\pm 1.\end{cases}$
Suy ra $z=iw$ hoặc $z=-iw$.

Trường hợp 1:
$z=iw \Rightarrow P=|iw-1-i|+|w+3-4i|$
$=|w-1+i|+|-w-3+4i|$
$\ge |w-1+i-w-3+4i|=\sqrt{41}.$ (1)

Trường hợp 2:
$z=-iw \Rightarrow P=|-iw-1-i|+|w+3-4i|$
$=|-w-1+i|+|w+3-4i| \ge |-w-1+i+w+3-4i|=\sqrt{13}.$ (2)

Từ (1) và (2) $\Rightarrow \min P=\sqrt{13}$ đạt được $\Leftrightarrow \begin{cases}z=\dfrac{2-9\sqrt{23}}{13}-\dfrac{3+6\sqrt{23}}{13}i\\w=-\dfrac{3+6\sqrt{23}}{13}-\dfrac{2-9\sqrt{23}}{13}i.\end{cases}$",Đạt,
61,Dạng 6 - Phương trình bậc hai có tham số,Câu gốc,61,,"Trên tập hợp các số phức, xét phương trình $z^2+4az+b^2+2=0$ ($a, b$ là các tham số thực). Có bao nhiêu cặp số thực $(a;b)$ sao cho phương trình đó có hai nghiệm $z_1, z_2$ thỏa mãn $z_1+2iz_2=3+3i$?

A. $4$.
B. $1$.
C. $2$.
D. $3$.",D. $3$.,"Trường hợp 1: $z_1$ và $z_2$ là hai nghiệm thực.
Ta có $z_1+2iz_2=3+3i \Leftrightarrow \begin{cases}z_1=3\\z_2=\dfrac{3}{2}.\end{cases}$
Khi đó $-4a=z_1+z_2=3+\dfrac{3}{2} \Leftrightarrow a=-\dfrac{9}{8}$ và $b^2+2=z_1\cdot z_2=3\cdot\dfrac{3}{2} \Leftrightarrow b=\pm\dfrac{\sqrt{10}}{2}$.
Như vậy, trường hợp 1 có $(a;b)\in\left\{\left(-\dfrac{9}{8};-\dfrac{\sqrt{10}}{2}\right);\left(-\dfrac{9}{8};\dfrac{\sqrt{10}}{2}\right)\right\}$.

Trường hợp 2: $z_1$ và $z_2$ là hai nghiệm phức.
Đặt $z_1=x+yi\,(x,y\in\mathbb{R})$ thì $z_2=x-yi$. Ta có
$z_1+2iz_2=3+3i \Leftrightarrow x+yi+2i(x-yi)=3+3i \Leftrightarrow \begin{cases}x+2y=3\\2x+y=3\end{cases} \Leftrightarrow \begin{cases}x=1\\y=1\end{cases} \Rightarrow \begin{cases}z_1=1+i\\z_2=1-i.\end{cases}$
Khi đó $-4a=z_1+z_2=2 \Leftrightarrow a=-\dfrac{1}{2}$ và $b^2+2=z_1\cdot z_2=2 \Leftrightarrow b=0$.
Như vậy, trường hợp 2 có $(a;b)=\left(-\dfrac{1}{2};0\right)$.

Vậy có 3 cặp số thực $(a;b)$ thỏa mãn yêu cầu bài toán.",Đạt,
62,"Dạng 1 - Xác định phần thực, phần ảo, liên hợp, môđun",Câu gốc,62,,"Môđun của số phức $z=3+4i$ bằng

A. $25$.
B. $\sqrt{7}$.
C. $5$.
D. $7$.",C. $5$.,Ta có $|z|=\sqrt{3^2+4^2}=\sqrt{25}=5$.,Đạt,
63,Dạng 2 - Biểu diễn hình học,Câu gốc,63,,"Trên mặt phẳng tọa độ, điểm biểu diễn số phức $z=2-7i$ có tọa độ là

A. $(2;7)$.
B. $(-2;7)$.
C. $(2;-7)$.
D. $(-7;2)$.",C. $(2;-7)$.,"Trên mặt phẳng tọa độ, điểm biểu diễn số phức $z=2-7i$ có tọa độ là $(2;-7)$.",Đạt,
64,Dạng 3 - Phép toán số phức,Câu gốc,64,,"Cho hai số phức $z_1=2+3i, z_2=1-i$. Số phức $z_1+z_2$ bằng

A. $5+i$.
B. $3+2i$.
C. $1+4i$.
D. $3+4i$.",B. $3+2i$.,Ta có $z_1+z_2=2+3i+1-i=3+2i$.,Đạt,
65,Dạng 7 - Cực trị & vận dụng cao,Câu gốc,65,,"Cho các số phức $z_1, z_2, z_3$ thỏa mãn $|z_1|=|z_2|=2|z_3|=2$ và $8(z_1+z_2)z_3=3z_1z_2$. Gọi $A, B, C$ lần lượt là các điểm biểu diễn của $z_1, z_2, z_3$ trên mặt phẳng tọa độ. Diện tích tam giác $ABC$ bằng

A. $\dfrac{\sqrt{55}}{32}$.
B. $\dfrac{\sqrt{55}}{16}$.
C. $\dfrac{\sqrt{55}}{24}$.
D. $\dfrac{\sqrt{55}}{8}$.",B. $\dfrac{\sqrt{55}}{16}$.,"Ta có $8(z_1+z_2)z_3=3z_1z_2 \Leftrightarrow \dfrac{8}{z_2}+\dfrac{8}{z_1}=\dfrac{3}{z_3} \Leftrightarrow \dfrac{8\overline{z_2}}{z_2\overline{z_2}}+\dfrac{8\overline{z_1}}{z_1\overline{z_1}}=\dfrac{3\overline{z_3}}{z_3\overline{z_3}} \Leftrightarrow \dfrac{8\overline{z_2}}{|z_2|^2}+\dfrac{8\overline{z_1}}{|z_1|^2}=\dfrac{3\overline{z_3}}{|z_3|^2}$
$\Leftrightarrow \dfrac{8\overline{z_2}}{4}+\dfrac{8\overline{z_1}}{4}=\dfrac{3\overline{z_3}}{1} \Leftrightarrow \overline{z_2}+\overline{z_1}=\dfrac{3\overline{z_3}}{2}.$ (1)
Gọi $A', B', C'$ lần lượt là các điểm biểu diễn của $\overline{z_1}, -z_2, -z_3$ suy ra $A', B', C'$ lần lượt đối xứng với $A, B, C$ qua trục $Ox \Rightarrow S_{\triangle ABC}=S_{\triangle A'B'C'}$.
Ta có $(1) \Leftrightarrow \overrightarrow{OA'}+\overrightarrow{OB'}=\dfrac{3}{2}\overrightarrow{OC'}=\overrightarrow{OD}$, trong đó $OA'=OB'=2OC'=2, \overrightarrow{OD}=\dfrac{3}{2}\overrightarrow{OC'}$, suy ra tứ giác $OA'DB'$ là hình thoi có $OA'=OB'=2, OD=\dfrac{3}{2}$ và $C'\in OD: OC'=1$.
Ta có $DC'=\dfrac{1}{2} \Rightarrow IC'=ID-DC'=\dfrac{3}{4}-\dfrac{1}{2}=\dfrac{1}{4} \Rightarrow IC'=\dfrac{1}{3}ID \Rightarrow S_{\triangle A'B'C'}=\dfrac{1}{3}S_{\triangle OA'B'}$.
$S_{\triangle OA'B'}=2S_{\triangle OA'I}=OI\cdot\sqrt{OA'^2-OI^2}=\dfrac{3}{4}\cdot\sqrt{4-\dfrac{9}{16}}=\dfrac{3\sqrt{55}}{16}$.
Vậy $S_{\triangle ABC}=S_{\triangle A'B'C'}=\dfrac{\sqrt{55}}{16}$.",Đạt,
66,Dạng 4 - Tìm số phức thỏa mãn điều kiện cho trước,Câu gốc,66,,"Có bao nhiêu số phức $z$ thỏa mãn $|z^2|=2|z-\bar{z}|$ và $|(z-4)(\bar{z}-4i)|=|z+4i|^2$?

A. $3$.
B. $1$.
C. $2$.
D. $4$.",D. $4$.,"Ta có $\overline{z}-4i=\overline{z+4i} \Rightarrow |\overline{z}-4i|=|\overline{z+4i}|=|z+4i|$. Do đó $|(z-4)(\overline{z}-4i)|=|z+4i|^2 \Leftrightarrow |z-4|\cdot|\overline{z}-4i|=|z+4i|^2 \Leftrightarrow |z-4|\cdot|z+4i|=|z+4i|^2$
$\Leftrightarrow \begin{bmatrix}|z+4i|=0\\|z-4|=|z+4i|.\end{bmatrix}$
Xét (1): $|z+4i|=0 \Leftrightarrow z+4i=0 \Leftrightarrow z=-4i \Rightarrow \overline{z}=4i$.
Khi đó $\begin{cases}z^2=-16 \Rightarrow |z^2|=16\\|z-\overline{z}|=|-8i|=8\end{cases}$ suy ra $|z^2|=2|z-\overline{z}|$ (thỏa mãn yêu cầu bài toán).
Xét (2): $|z-4|=|z+4i|$.
Giả sử $z=a+bi$, với $a, b\in\mathbb{R}$.
Ta có (2) $\Leftrightarrow (a-4)^2+b^2=a^2+(b+4)^2 \Leftrightarrow b=-a$.
Hay $z=a-ai \Rightarrow z^2=-2a^2i \Rightarrow |z^2|=2a^2$ và $z-\overline{z}=-2ai \Rightarrow |z-\overline{z}|=2|a|$.
Khi đó $|z^2|=2|z-\overline{z}| \Leftrightarrow 2a^2=4|a| \Leftrightarrow \begin{bmatrix}a=0\\a=\pm 2\end{bmatrix} \Rightarrow \begin{bmatrix}z=0\\z=2-2i\\z=-2+2i\\z=-4i.\end{bmatrix}$
Vậy có 4 số phức $z=0, z=2-2i, z=-2+2i, z=-4i$ thỏa mãn yêu cầu bài toán.",Đạt,
67,"Dạng 1 - Xác định phần thực, phần ảo, liên hợp, môđun",Nhân bản,1,Số nguyên,"Cho số phức $z = -3-4i$. Tìm phần thực và phần ảo của số phức $\overline{z}$.

A. Phần thực bằng $3$ và phần ảo bằng $-4i$.
B. Phần thực bằng $3$ và phần ảo bằng $-4$.
C. Phần thực bằng $-3$ và phần ảo bằng $4i$.
D. Phần thực bằng $-3$ và phần ảo bằng $4$.",D. Phần thực bằng $-3$ và phần ảo bằng $4$.,Từ $z = -3-4i$ suy ra $\overline{z} = -3+4i$. Nên phần thực của $\overline{z}$ bằng $-3$ và phần ảo của $\overline{z}$ bằng $4$.,Đạt,
68,"Dạng 1 - Xác định phần thực, phần ảo, liên hợp, môđun",Nhân bản,1,Số nguyên,"Cho số phức $z = 4+5i$. Tìm phần thực và phần ảo của số phức $\overline{z}$.

A. Phần thực bằng $-4$ và phần ảo bằng $5i$.
B. Phần thực bằng $-4$ và phần ảo bằng $5$.
C. Phần thực bằng $4$ và phần ảo bằng $-5i$.
D. Phần thực bằng $4$ và phần ảo bằng $-5$.",D. Phần thực bằng $4$ và phần ảo bằng $-5$.,Từ $z = 4+5i$ suy ra $\overline{z} = 4-5i$. Nên phần thực của $\overline{z}$ bằng $4$ và phần ảo của $\overline{z}$ bằng $-5$.,Đạt,
69,"Dạng 1 - Xác định phần thực, phần ảo, liên hợp, môđun",Nhân bản,1,Số hữu tỉ,"Cho số phức $z = \dfrac{3}{2}-\dfrac{7}{2}i$. Tìm phần thực và phần ảo của số phức $\overline{z}$.

A. Phần thực bằng $- \dfrac{3}{2}$ và phần ảo bằng $- \dfrac{7}{2}i$.
B. Phần thực bằng $- \dfrac{3}{2}$ và phần ảo bằng $- \dfrac{7}{2}$.
C. Phần thực bằng $\dfrac{3}{2}$ và phần ảo bằng $\dfrac{7}{2}i$.
D. Phần thực bằng $\dfrac{3}{2}$ và phần ảo bằng $\dfrac{7}{2}$.",D. Phần thực bằng $\dfrac{3}{2}$ và phần ảo bằng $\dfrac{7}{2}$.,Từ $z = \dfrac{3}{2}-\dfrac{7}{2}i$ suy ra $\overline{z} = \dfrac{3}{2}+\dfrac{7}{2}i$. Nên phần thực của $\overline{z}$ bằng $\dfrac{3}{2}$ và phần ảo của $\overline{z}$ bằng $\dfrac{7}{2}$.,Đạt,
70,"Dạng 1 - Xác định phần thực, phần ảo, liên hợp, môđun",Nhân bản,1,Số hữu tỉ,"Cho số phức $z = \dfrac{11}{2}-\dfrac{4}{3}i$. Tìm phần thực và phần ảo của số phức $\overline{z}$.

A. Phần thực bằng $- \dfrac{11}{2}$ và phần ảo bằng $- \dfrac{4}{3}i$.
B. Phần thực bằng $- \dfrac{11}{2}$ và phần ảo bằng $- \dfrac{4}{3}$.
C. Phần thực bằng $\dfrac{11}{2}$ và phần ảo bằng $\dfrac{4}{3}i$.
D. Phần thực bằng $\dfrac{11}{2}$ và phần ảo bằng $\dfrac{4}{3}$.",D. Phần thực bằng $\dfrac{11}{2}$ và phần ảo bằng $\dfrac{4}{3}$.,Từ $z = \dfrac{11}{2}-\dfrac{4}{3}i$ suy ra $\overline{z} = \dfrac{11}{2}+\dfrac{4}{3}i$. Nên phần thực của $\overline{z}$ bằng $\dfrac{11}{2}$ và phần ảo của $\overline{z}$ bằng $\dfrac{4}{3}$.,Đạt,
71,"Dạng 1 - Xác định phần thực, phần ảo, liên hợp, môđun",Nhân bản,1,Số vô tỉ,"Cho số phức $z = 3-\sqrt{7}i$. Tìm phần thực và phần ảo của số phức $\overline{z}$.

A. Phần thực bằng $-3$ và phần ảo bằng $- \sqrt{7}i$.
B. Phần thực bằng $-3$ và phần ảo bằng $- \sqrt{7}$.
C. Phần thực bằng $3$ và phần ảo bằng $\sqrt{7}i$.
D. Phần thực bằng $3$ và phần ảo bằng $\sqrt{7}$.",D. Phần thực bằng $3$ và phần ảo bằng $\sqrt{7}$.,Từ $z = 3-\sqrt{7}i$ suy ra $\overline{z} = 3+\sqrt{7}i$. Nên phần thực của $\overline{z}$ bằng $3$ và phần ảo của $\overline{z}$ bằng $\sqrt{7}$.,Đạt,
72,"Dạng 1 - Xác định phần thực, phần ảo, liên hợp, môđun",Nhân bản,1,Số vô tỉ,"Cho số phức $z = - 3 \sqrt{6}+2 \sqrt{11}i$. Tìm phần thực và phần ảo của số phức $\overline{z}$.

A. Phần thực bằng $3 \sqrt{6}$ và phần ảo bằng $2 \sqrt{11}i$.
B. Phần thực bằng $3 \sqrt{6}$ và phần ảo bằng $2 \sqrt{11}$.
C. Phần thực bằng $- 3 \sqrt{6}$ và phần ảo bằng $- 2 \sqrt{11}i$.
D. Phần thực bằng $- 3 \sqrt{6}$ và phần ảo bằng $- 2 \sqrt{11}$.",D. Phần thực bằng $- 3 \sqrt{6}$ và phần ảo bằng $- 2 \sqrt{11}$.,Từ $z = - 3 \sqrt{6}+2 \sqrt{11}i$ suy ra $\overline{z} = - 3 \sqrt{6}-2 \sqrt{11}i$. Nên phần thực của $\overline{z}$ bằng $- 3 \sqrt{6}$ và phần ảo của $\overline{z}$ bằng $- 2 \sqrt{11}$.,Đạt,
73,"Dạng 1 - Xác định phần thực, phần ảo, liên hợp, môđun",Nhân bản,9,Số nguyên,"Kí hiệu $a, b$ lần lượt là phần thực và phần ảo của số phức $8-5i$. Tìm $a, b$.

A. $a=-8, b=5$.
B. $a=-8, b=-5$.
C. $a=8, b=5$.
D. $a=8, b=-5$.","D. $a=8, b=-5$.","Số phức $8-5i$ có phần thực và phần ảo lần lượt là $8$ và $-5$. Vậy, $a=8, b=-5$.",Đạt,
74,"Dạng 1 - Xác định phần thực, phần ảo, liên hợp, môđun",Nhân bản,9,Số nguyên,"Kí hiệu $a, b$ lần lượt là phần thực và phần ảo của số phức $2+7i$. Tìm $a, b$.

A. $a=-2, b=-7$.
B. $a=-2, b=7$.
C. $a=2, b=-7$.
D. $a=2, b=7$.","D. $a=2, b=7$.","Số phức $2+7i$ có phần thực và phần ảo lần lượt là $2$ và $7$. Vậy, $a=2, b=7$.",Đạt,
75,"Dạng 1 - Xác định phần thực, phần ảo, liên hợp, môđun",Nhân bản,9,Số hữu tỉ,"Kí hiệu $a, b$ lần lượt là phần thực và phần ảo của số phức $- \dfrac{2}{3}+\dfrac{9}{2}i$. Tìm $a, b$.

A. $a=\dfrac{2}{3}, b=- \dfrac{9}{2}$.
B. $a=\dfrac{2}{3}, b=\dfrac{9}{2}$.
C. $a=- \dfrac{2}{3}, b=- \dfrac{9}{2}$.
D. $a=- \dfrac{2}{3}, b=\dfrac{9}{2}$.","D. $a=- \dfrac{2}{3}, b=\dfrac{9}{2}$.","Số phức $- \dfrac{2}{3}+\dfrac{9}{2}i$ có phần thực và phần ảo lần lượt là $- \dfrac{2}{3}$ và $\dfrac{9}{2}$. Vậy, $a=- \dfrac{2}{3}, b=\dfrac{9}{2}$.",Đạt,
76,"Dạng 1 - Xác định phần thực, phần ảo, liên hợp, môđun",Nhân bản,9,Số hữu tỉ,"Kí hiệu $a, b$ lần lượt là phần thực và phần ảo của số phức $\dfrac{4}{3}+\dfrac{1}{4}i$. Tìm $a, b$.

A. $a=- \dfrac{4}{3}, b=- \dfrac{1}{4}$.
B. $a=- \dfrac{4}{3}, b=\dfrac{1}{4}$.
C. $a=\dfrac{4}{3}, b=- \dfrac{1}{4}$.
D. $a=\dfrac{4}{3}, b=\dfrac{1}{4}$.","D. $a=\dfrac{4}{3}, b=\dfrac{1}{4}$.","Số phức $\dfrac{4}{3}+\dfrac{1}{4}i$ có phần thực và phần ảo lần lượt là $\dfrac{4}{3}$ và $\dfrac{1}{4}$. Vậy, $a=\dfrac{4}{3}, b=\dfrac{1}{4}$.",Đạt,
77,"Dạng 1 - Xác định phần thực, phần ảo, liên hợp, môđun",Nhân bản,9,Số vô tỉ,"Kí hiệu $a, b$ lần lượt là phần thực và phần ảo của số phức $- 4 \sqrt{5}-3 \sqrt{10}i$. Tìm $a, b$.

A. $a=4 \sqrt{5}, b=3 \sqrt{10}$.
B. $a=4 \sqrt{5}, b=- 3 \sqrt{10}$.
C. $a=- 4 \sqrt{5}, b=3 \sqrt{10}$.
D. $a=- 4 \sqrt{5}, b=- 3 \sqrt{10}$.","D. $a=- 4 \sqrt{5}, b=- 3 \sqrt{10}$.","Số phức $- 4 \sqrt{5}-3 \sqrt{10}i$ có phần thực và phần ảo lần lượt là $- 4 \sqrt{5}$ và $- 3 \sqrt{10}$. Vậy, $a=- 4 \sqrt{5}, b=- 3 \sqrt{10}$.",Đạt,
78,"Dạng 1 - Xác định phần thực, phần ảo, liên hợp, môđun",Nhân bản,9,Số vô tỉ,"Kí hiệu $a, b$ lần lượt là phần thực và phần ảo của số phức $-3+2 \sqrt{2}i$. Tìm $a, b$.

A. $a=3, b=- 2 \sqrt{2}$.
B. $a=3, b=2 \sqrt{2}$.
C. $a=-3, b=- 2 \sqrt{2}$.
D. $a=-3, b=2 \sqrt{2}$.","D. $a=-3, b=2 \sqrt{2}$.","Số phức $-3+2 \sqrt{2}i$ có phần thực và phần ảo lần lượt là $-3$ và $2 \sqrt{2}$. Vậy, $a=-3, b=2 \sqrt{2}$.",Đạt,
79,"Dạng 1 - Xác định phần thực, phần ảo, liên hợp, môđun",Nhân bản,10,Số nguyên,"Tính môđun của số phức $z$ biết $\overline{z} = (-8-2i)(1+i)$.

A. $|z| = 68 \sqrt{2}$.
B. $|z| = 2 \sqrt{17}$.
C. $|z| = 2 \sqrt{34}$.
D. $|z| = 4 \sqrt{17}$.",C. $|z| = 2 \sqrt{34}$.,Ta có $\overline{z} = (-8-2i)(1+i) = -6-10i \Rightarrow |\overline{z}| = 2 \sqrt{34} \Rightarrow |z| = 2 \sqrt{34}$.,Đạt,
80,"Dạng 1 - Xác định phần thực, phần ảo, liên hợp, môđun",Nhân bản,10,Số nguyên,"Tính môđun của số phức $z$ biết $\overline{z} = (1+8i)(1+i)$.

A. $|z| = 65 \sqrt{2}$.
B. $|z| = \sqrt{65}$.
C. $|z| = \sqrt{130}$.
D. $|z| = 2 \sqrt{65}$.",C. $|z| = \sqrt{130}$.,Ta có $\overline{z} = (1+8i)(1+i) = -7+9i \Rightarrow |\overline{z}| = \sqrt{130} \Rightarrow |z| = \sqrt{130}$.,Đạt,
81,"Dạng 1 - Xác định phần thực, phần ảo, liên hợp, môđun",Nhân bản,10,Số hữu tỉ,"Tính môđun của số phức $z$ biết $\overline{z} = (\dfrac{7}{3}-\dfrac{1}{2}i)(1+i)$.

A. $|z| = \dfrac{205 \sqrt{2}}{36}$.
B. $|z| = \dfrac{\sqrt{205}}{6}$.
C. $|z| = \dfrac{\sqrt{410}}{6}$.
D. $|z| = \dfrac{\sqrt{205}}{3}$.",C. $|z| = \dfrac{\sqrt{410}}{6}$.,Ta có $\overline{z} = (\dfrac{7}{3}-\dfrac{1}{2}i)(1+i) = \dfrac{17}{6}+\dfrac{11}{6}i \Rightarrow |\overline{z}| = \dfrac{\sqrt{410}}{6} \Rightarrow |z| = \dfrac{\sqrt{410}}{6}$.,Đạt,
82,"Dạng 1 - Xác định phần thực, phần ảo, liên hợp, môđun",Nhân bản,10,Số hữu tỉ,"Tính môđun của số phức $z$ biết $\overline{z} = (\dfrac{11}{2}-\dfrac{6}{5}i)(1+i)$.

A. $|z| = \dfrac{3169 \sqrt{2}}{100}$.
B. $|z| = \dfrac{\sqrt{3169}}{10}$.
C. $|z| = \dfrac{\sqrt{6338}}{10}$.
D. $|z| = \dfrac{\sqrt{3169}}{5}$.",C. $|z| = \dfrac{\sqrt{6338}}{10}$.,Ta có $\overline{z} = (\dfrac{11}{2}-\dfrac{6}{5}i)(1+i) = \dfrac{67}{10}+\dfrac{43}{10}i \Rightarrow |\overline{z}| = \dfrac{\sqrt{6338}}{10} \Rightarrow |z| = \dfrac{\sqrt{6338}}{10}$.,Đạt,
83,"Dạng 1 - Xác định phần thực, phần ảo, liên hợp, môđun",Nhân bản,10,Số vô tỉ,"Tính môđun của số phức $z$ biết $\overline{z} = (- 2 \sqrt{10}+4 \sqrt{7}i)(1+i)$.

A. $|z| = 152 \sqrt{2}$.
B. $|z| = 2 \sqrt{38}$.
C. $|z| = 4 \sqrt{19}$.
D. $|z| = 4 \sqrt{38}$.",C. $|z| = 4 \sqrt{19}$.,Ta có $\overline{z} = (- 2 \sqrt{10}+4 \sqrt{7}i)(1+i) = \left(- 4 \sqrt{7} - 2 \sqrt{10}\right)+\left(- 2 \sqrt{10} + 4 \sqrt{7}\right)i \Rightarrow |\overline{z}| = 4 \sqrt{19} \Rightarrow |z| = 4 \sqrt{19}$.,Đạt,
84,"Dạng 1 - Xác định phần thực, phần ảo, liên hợp, môđun",Nhân bản,10,Số vô tỉ,"Tính môđun của số phức $z$ biết $\overline{z} = (- \sqrt{6}-6i)(1+i)$.

A. $|z| = 42 \sqrt{2}$.
B. $|z| = \sqrt{42}$.
C. $|z| = 2 \sqrt{21}$.
D. $|z| = 2 \sqrt{42}$.",C. $|z| = 2 \sqrt{21}$.,Ta có $\overline{z} = (- \sqrt{6}-6i)(1+i) = \left(6 - \sqrt{6}\right)-\left(\sqrt{6} + 6\right)i \Rightarrow |\overline{z}| = 2 \sqrt{21} \Rightarrow |z| = 2 \sqrt{21}$.,Đạt,
85,"Dạng 1 - Xác định phần thực, phần ảo, liên hợp, môđun",Nhân bản,15,Số nguyên,"Môđun của số phức $-7+8i$ bằng

A. $113$.
B. $\sqrt{113}$.
C. $15$.
D. $\sqrt{15}$.",B. $\sqrt{113}$.,Ta có: $|-7+8i| = \sqrt{\left(-7\right)^2+\left(8\right)^2} = \sqrt{113}$.,Đạt,
86,"Dạng 1 - Xác định phần thực, phần ảo, liên hợp, môđun",Nhân bản,15,Số nguyên,"Môđun của số phức $-1-i$ bằng

A. $2$.
B. $\sqrt{2}$.
C. $3$.
D. $\sqrt{3}$.",B. $\sqrt{2}$.,Ta có: $|-1-i| = \sqrt{\left(-1\right)^2+\left(-1\right)^2} = \sqrt{2}$.,Đạt,
87,"Dạng 1 - Xác định phần thực, phần ảo, liên hợp, môđun",Nhân bản,15,Số hữu tỉ,"Môđun của số phức $- \dfrac{11}{5}+\dfrac{5}{2}i$ bằng

A. $\dfrac{1109}{100}$.
B. $\dfrac{\sqrt{1109}}{10}$.
C. $\dfrac{141}{100}$.
D. $\dfrac{\sqrt{141}}{10}$.",B. $\dfrac{\sqrt{1109}}{10}$.,Ta có: $|- \dfrac{11}{5}+\dfrac{5}{2}i| = \sqrt{\left(- \dfrac{11}{5}\right)^2+\left(\dfrac{5}{2}\right)^2} = \dfrac{\sqrt{1109}}{10}$.,Đạt,
88,"Dạng 1 - Xác định phần thực, phần ảo, liên hợp, môđun",Nhân bản,15,Số hữu tỉ,"Môđun của số phức $- \dfrac{1}{2}+\dfrac{9}{5}i$ bằng

A. $\dfrac{349}{100}$.
B. $\dfrac{\sqrt{349}}{10}$.
C. $\dfrac{299}{100}$.
D. $\dfrac{\sqrt{299}}{10}$.",B. $\dfrac{\sqrt{349}}{10}$.,Ta có: $|- \dfrac{1}{2}+\dfrac{9}{5}i| = \sqrt{\left(- \dfrac{1}{2}\right)^2+\left(\dfrac{9}{5}\right)^2} = \dfrac{\sqrt{349}}{10}$.,Đạt,
89,"Dạng 1 - Xác định phần thực, phần ảo, liên hợp, môđun",Nhân bản,15,Số vô tỉ,"Môđun của số phức $\sqrt{3}-6i$ bằng

A. $39$.
B. $\sqrt{39}$.
C. $33$.
D. $\sqrt{33}$.",B. $\sqrt{39}$.,Ta có: $|\sqrt{3}-6i| = \sqrt{\left(\sqrt{3}\right)^2+\left(-6\right)^2} = \sqrt{39}$.,Đạt,
90,"Dạng 1 - Xác định phần thực, phần ảo, liên hợp, môđun",Nhân bản,15,Số vô tỉ,"Môđun của số phức $- \sqrt{7}-6i$ bằng

A. $43$.
B. $\sqrt{43}$.
C. $29$.
D. $\sqrt{29}$.",B. $\sqrt{43}$.,Ta có: $|- \sqrt{7}-6i| = \sqrt{\left(- \sqrt{7}\right)^2+\left(-6\right)^2} = \sqrt{43}$.,Đạt,
91,"Dạng 1 - Xác định phần thực, phần ảo, liên hợp, môđun",Nhân bản,18,Số nguyên,"Số phức liên hợp của số phức $z=-6-i$ là

A. $\overline{z}=6+i$.
B. $\overline{z}=6-i$.
C. $\overline{z}=-6-i$.
D. $\overline{z}=-6+i$.",D. $\overline{z}=-6+i$.,Ta có số phức liên hợp của số phức $z=-6-i$ là $\overline{z}=-6+i$.,Đạt,
92,"Dạng 1 - Xác định phần thực, phần ảo, liên hợp, môđun",Nhân bản,18,Số nguyên,"Số phức liên hợp của số phức $z=9+5i$ là

A. $\overline{z}=-9-5i$.
B. $\overline{z}=-9+5i$.
C. $\overline{z}=9+5i$.
D. $\overline{z}=9-5i$.",D. $\overline{z}=9-5i$.,Ta có số phức liên hợp của số phức $z=9+5i$ là $\overline{z}=9-5i$.,Đạt,
93,"Dạng 1 - Xác định phần thực, phần ảo, liên hợp, môđun",Nhân bản,18,Số hữu tỉ,"Số phức liên hợp của số phức $z=- \dfrac{5}{2}+\dfrac{1}{5}i$ là

A. $\overline{z}=\dfrac{5}{2}-\dfrac{1}{5}i$.
B. $\overline{z}=\dfrac{5}{2}+\dfrac{1}{5}i$.
C. $\overline{z}=- \dfrac{5}{2}+\dfrac{1}{5}i$.
D. $\overline{z}=- \dfrac{5}{2}-\dfrac{1}{5}i$.",D. $\overline{z}=- \dfrac{5}{2}-\dfrac{1}{5}i$.,Ta có số phức liên hợp của số phức $z=- \dfrac{5}{2}+\dfrac{1}{5}i$ là $\overline{z}=- \dfrac{5}{2}-\dfrac{1}{5}i$.,Đạt,
94,"Dạng 1 - Xác định phần thực, phần ảo, liên hợp, môđun",Nhân bản,18,Số hữu tỉ,"Số phức liên hợp của số phức $z=- \dfrac{7}{2}-\dfrac{2}{5}i$ là

A. $\overline{z}=\dfrac{7}{2}+\dfrac{2}{5}i$.
B. $\overline{z}=\dfrac{7}{2}-\dfrac{2}{5}i$.
C. $\overline{z}=- \dfrac{7}{2}-\dfrac{2}{5}i$.
D. $\overline{z}=- \dfrac{7}{2}+\dfrac{2}{5}i$.",D. $\overline{z}=- \dfrac{7}{2}+\dfrac{2}{5}i$.,Ta có số phức liên hợp của số phức $z=- \dfrac{7}{2}-\dfrac{2}{5}i$ là $\overline{z}=- \dfrac{7}{2}+\dfrac{2}{5}i$.,Đạt,
95,"Dạng 1 - Xác định phần thực, phần ảo, liên hợp, môđun",Nhân bản,18,Số vô tỉ,"Số phức liên hợp của số phức $z=2 \sqrt{10}+9i$ là

A. $\overline{z}=- 2 \sqrt{10}-9i$.
B. $\overline{z}=- 2 \sqrt{10}+9i$.
C. $\overline{z}=2 \sqrt{10}+9i$.
D. $\overline{z}=2 \sqrt{10}-9i$.",D. $\overline{z}=2 \sqrt{10}-9i$.,Ta có số phức liên hợp của số phức $z=2 \sqrt{10}+9i$ là $\overline{z}=2 \sqrt{10}-9i$.,Đạt,
96,"Dạng 1 - Xác định phần thực, phần ảo, liên hợp, môđun",Nhân bản,18,Số vô tỉ,"Số phức liên hợp của số phức $z=- \sqrt{3}-2 \sqrt{3}i$ là

A. $\overline{z}=\sqrt{3}+2 \sqrt{3}i$.
B. $\overline{z}=\sqrt{3}-2 \sqrt{3}i$.
C. $\overline{z}=- \sqrt{3}-2 \sqrt{3}i$.
D. $\overline{z}=- \sqrt{3}+2 \sqrt{3}i$.",D. $\overline{z}=- \sqrt{3}+2 \sqrt{3}i$.,Ta có số phức liên hợp của số phức $z=- \sqrt{3}-2 \sqrt{3}i$ là $\overline{z}=- \sqrt{3}+2 \sqrt{3}i$.,Đạt,
97,"Dạng 1 - Xác định phần thực, phần ảo, liên hợp, môđun",Nhân bản,22,Số nguyên,"Môđun của số phức $9+i$ bằng

A. $82$.
B. $\sqrt{82}$.
C. $80$.
D. $4 \sqrt{5}$.",B. $\sqrt{82}$.,Ta có: $|9+i| = \sqrt{\left(9\right)^2+\left(1\right)^2} = \sqrt{82}$.,Đạt,
98,"Dạng 1 - Xác định phần thực, phần ảo, liên hợp, môđun",Nhân bản,22,Số nguyên,"Môđun của số phức $-1+8i$ bằng

A. $65$.
B. $\sqrt{65}$.
C. $63$.
D. $3 \sqrt{7}$.",B. $\sqrt{65}$.,Ta có: $|-1+8i| = \sqrt{\left(-1\right)^2+\left(8\right)^2} = \sqrt{65}$.,Đạt,
99,"Dạng 1 - Xác định phần thực, phần ảo, liên hợp, môđun",Nhân bản,22,Số hữu tỉ,"Môđun của số phức $- \dfrac{4}{3}-\dfrac{1}{3}i$ bằng

A. $\dfrac{17}{9}$.
B. $\dfrac{\sqrt{17}}{3}$.
C. $\dfrac{5}{3}$.
D. $\dfrac{\sqrt{15}}{3}$.",B. $\dfrac{\sqrt{17}}{3}$.,Ta có: $|- \dfrac{4}{3}-\dfrac{1}{3}i| = \sqrt{\left(- \dfrac{4}{3}\right)^2+\left(- \dfrac{1}{3}\right)^2} = \dfrac{\sqrt{17}}{3}$.,Đạt,
100,"Dạng 1 - Xác định phần thực, phần ảo, liên hợp, môđun",Nhân bản,22,Số hữu tỉ,"Môđun của số phức $\dfrac{5}{2}+\dfrac{11}{4}i$ bằng

A. $\dfrac{221}{16}$.
B. $\dfrac{\sqrt{221}}{4}$.
C. $\dfrac{21}{16}$.
D. $\dfrac{\sqrt{21}}{4}$.",B. $\dfrac{\sqrt{221}}{4}$.,Ta có: $|\dfrac{5}{2}+\dfrac{11}{4}i| = \sqrt{\left(\dfrac{5}{2}\right)^2+\left(\dfrac{11}{4}\right)^2} = \dfrac{\sqrt{221}}{4}$.,Đạt,
101,"Dạng 1 - Xác định phần thực, phần ảo, liên hợp, môđun",Nhân bản,22,Số vô tỉ,"Môđun của số phức $9-2 \sqrt{11}i$ bằng

A. $125$.
B. $5 \sqrt{5}$.
C. $37$.
D. $\sqrt{37}$.",B. $5 \sqrt{5}$.,Ta có: $|9-2 \sqrt{11}i| = \sqrt{\left(9\right)^2+\left(- 2 \sqrt{11}\right)^2} = 5 \sqrt{5}$.,Đạt,
102,"Dạng 1 - Xác định phần thực, phần ảo, liên hợp, môđun",Nhân bản,22,Số vô tỉ,"Môđun của số phức $- \sqrt{6}-9i$ bằng

A. $87$.
B. $\sqrt{87}$.
C. $75$.
D. $5 \sqrt{3}$.",B. $\sqrt{87}$.,Ta có: $|- \sqrt{6}-9i| = \sqrt{\left(- \sqrt{6}\right)^2+\left(-9\right)^2} = \sqrt{87}$.,Đạt,
103,"Dạng 1 - Xác định phần thực, phần ảo, liên hợp, môđun",Nhân bản,30,Số nguyên,"Phần ảo của số phức $z=-1+2i$ là

A. $2$.
B. $-2$.
C. $-1$.
D. $1$.",A. $2$.,Phần ảo của số phức $z=-1+2i$ là $2$.,Đạt,
104,"Dạng 1 - Xác định phần thực, phần ảo, liên hợp, môđun",Nhân bản,30,Số nguyên,"Phần ảo của số phức $z=-4+9i$ là

A. $9$.
B. $-9$.
C. $-4$.
D. $4$.",A. $9$.,Phần ảo của số phức $z=-4+9i$ là $9$.,Đạt,
105,"Dạng 1 - Xác định phần thực, phần ảo, liên hợp, môđun",Nhân bản,30,Số hữu tỉ,"Phần ảo của số phức $z=\dfrac{2}{5}+\dfrac{8}{3}i$ là

A. $\dfrac{8}{3}$.
B. $- \dfrac{8}{3}$.
C. $\dfrac{2}{5}$.
D. $- \dfrac{2}{5}$.",A. $\dfrac{8}{3}$.,Phần ảo của số phức $z=\dfrac{2}{5}+\dfrac{8}{3}i$ là $\dfrac{8}{3}$.,Đạt,
106,"Dạng 1 - Xác định phần thực, phần ảo, liên hợp, môđun",Nhân bản,30,Số hữu tỉ,"Phần ảo của số phức $z=\dfrac{11}{2}+\dfrac{1}{4}i$ là

A. $\dfrac{1}{4}$.
B. $- \dfrac{1}{4}$.
C. $\dfrac{11}{2}$.
D. $- \dfrac{11}{2}$.",A. $\dfrac{1}{4}$.,Phần ảo của số phức $z=\dfrac{11}{2}+\dfrac{1}{4}i$ là $\dfrac{1}{4}$.,Đạt,
107,"Dạng 1 - Xác định phần thực, phần ảo, liên hợp, môđun",Nhân bản,30,Số vô tỉ,"Phần ảo của số phức $z=\sqrt{11}+9i$ là

A. $9$.
B. $-9$.
C. $\sqrt{11}$.
D. $- \sqrt{11}$.",A. $9$.,Phần ảo của số phức $z=\sqrt{11}+9i$ là $9$.,Đạt,
108,"Dạng 1 - Xác định phần thực, phần ảo, liên hợp, môđun",Nhân bản,30,Số vô tỉ,"Phần ảo của số phức $z=3+4 \sqrt{2}i$ là

A. $4 \sqrt{2}$.
B. $- 4 \sqrt{2}$.
C. $3$.
D. $-3$.",A. $4 \sqrt{2}$.,Phần ảo của số phức $z=3+4 \sqrt{2}i$ là $4 \sqrt{2}$.,Đạt,
109,"Dạng 1 - Xác định phần thực, phần ảo, liên hợp, môđun",Nhân bản,34,Số nguyên,"Số phức nào dưới đây là số thuần ảo?

A. $z=9-3i$.
B. $z=-3i$.
C. $z=9$.
D. $z=9+3i$.",B. $z=-3i$.,Số phức là số thuần ảo nếu phần thực bằng $0$.,Đạt,
110,"Dạng 1 - Xác định phần thực, phần ảo, liên hợp, môđun",Nhân bản,34,Số nguyên,"Số phức nào dưới đây là số thuần ảo?

A. $z=-4+4i$.
B. $z=4i$.
C. $z=-4$.
D. $z=-4-4i$.",B. $z=4i$.,Số phức là số thuần ảo nếu phần thực bằng $0$.,Đạt,
111,"Dạng 1 - Xác định phần thực, phần ảo, liên hợp, môđun",Nhân bản,34,Số hữu tỉ,"Số phức nào dưới đây là số thuần ảo?

A. $z=- \dfrac{6}{5}-\dfrac{3}{2}i$.
B. $z=- \dfrac{3}{2}i$.
C. $z=- \dfrac{6}{5}$.
D. $z=- \dfrac{6}{5}+\dfrac{3}{2}i$.",B. $z=- \dfrac{3}{2}i$.,Số phức là số thuần ảo nếu phần thực bằng $0$.,Đạt,
112,"Dạng 1 - Xác định phần thực, phần ảo, liên hợp, môđun",Nhân bản,34,Số hữu tỉ,"Số phức nào dưới đây là số thuần ảo?

A. $z=- \dfrac{11}{4}-\dfrac{9}{2}i$.
B. $z=- \dfrac{9}{2}i$.
C. $z=- \dfrac{11}{4}$.
D. $z=- \dfrac{11}{4}+\dfrac{9}{2}i$.",B. $z=- \dfrac{9}{2}i$.,Số phức là số thuần ảo nếu phần thực bằng $0$.,Đạt,
113,"Dạng 1 - Xác định phần thực, phần ảo, liên hợp, môđun",Nhân bản,34,Số vô tỉ,"Số phức nào dưới đây là số thuần ảo?

A. $z=\sqrt{3}-5i$.
B. $z=-5i$.
C. $z=\sqrt{3}$.
D. $z=\sqrt{3}+5i$.",B. $z=-5i$.,Số phức là số thuần ảo nếu phần thực bằng $0$.,Đạt,
114,"Dạng 1 - Xác định phần thực, phần ảo, liên hợp, môđun",Nhân bản,34,Số vô tỉ,"Số phức nào dưới đây là số thuần ảo?

A. $z=5+2 \sqrt{6}i$.
B. $z=2 \sqrt{6}i$.
C. $z=5$.
D. $z=5-2 \sqrt{6}i$.",B. $z=2 \sqrt{6}i$.,Số phức là số thuần ảo nếu phần thực bằng $0$.,Đạt,
115,"Dạng 1 - Xác định phần thực, phần ảo, liên hợp, môđun",Nhân bản,43,Số nguyên,"Số phức liên hợp của số phức $-6-2i$ là

A. $6-2i$.
B. $6+2i$.
C. $-6-2i$.
D. $-6+2i$.",D. $-6+2i$.,Số phức liên hợp của số phức $-6-2i$ là $-6+2i$.,Đạt,
116,"Dạng 1 - Xác định phần thực, phần ảo, liên hợp, môđun",Nhân bản,43,Số nguyên,"Số phức liên hợp của số phức $2+4i$ là

A. $-2+4i$.
B. $-2-4i$.
C. $2+4i$.
D. $2-4i$.",D. $2-4i$.,Số phức liên hợp của số phức $2+4i$ là $2-4i$.,Đạt,
117,"Dạng 1 - Xác định phần thực, phần ảo, liên hợp, môđun",Nhân bản,43,Số hữu tỉ,"Số phức liên hợp của số phức $\dfrac{5}{4}+\dfrac{5}{2}i$ là

A. $- \dfrac{5}{4}+\dfrac{5}{2}i$.
B. $- \dfrac{5}{4}-\dfrac{5}{2}i$.
C. $\dfrac{5}{4}+\dfrac{5}{2}i$.
D. $\dfrac{5}{4}-\dfrac{5}{2}i$.",D. $\dfrac{5}{4}-\dfrac{5}{2}i$.,Số phức liên hợp của số phức $\dfrac{5}{4}+\dfrac{5}{2}i$ là $\dfrac{5}{4}-\dfrac{5}{2}i$.,Đạt,
118,"Dạng 1 - Xác định phần thực, phần ảo, liên hợp, môđun",Nhân bản,43,Số hữu tỉ,"Số phức liên hợp của số phức $\dfrac{10}{3}+\dfrac{10}{3}i$ là

A. $- \dfrac{10}{3}+\dfrac{10}{3}i$.
B. $- \dfrac{10}{3}-\dfrac{10}{3}i$.
C. $\dfrac{10}{3}+\dfrac{10}{3}i$.
D. $\dfrac{10}{3}-\dfrac{10}{3}i$.",D. $\dfrac{10}{3}-\dfrac{10}{3}i$.,Số phức liên hợp của số phức $\dfrac{10}{3}+\dfrac{10}{3}i$ là $\dfrac{10}{3}-\dfrac{10}{3}i$.,Đạt,
119,"Dạng 1 - Xác định phần thực, phần ảo, liên hợp, môđun",Nhân bản,43,Số vô tỉ,"Số phức liên hợp của số phức $- 2 \sqrt{3}-9i$ là

A. $2 \sqrt{3}-9i$.
B. $2 \sqrt{3}+9i$.
C. $- 2 \sqrt{3}-9i$.
D. $- 2 \sqrt{3}+9i$.",D. $- 2 \sqrt{3}+9i$.,Số phức liên hợp của số phức $- 2 \sqrt{3}-9i$ là $- 2 \sqrt{3}+9i$.,Đạt,
120,"Dạng 1 - Xác định phần thực, phần ảo, liên hợp, môđun",Nhân bản,43,Số vô tỉ,"Số phức liên hợp của số phức $2+3 \sqrt{10}i$ là

A. $-2+3 \sqrt{10}i$.
B. $-2-3 \sqrt{10}i$.
C. $2+3 \sqrt{10}i$.
D. $2-3 \sqrt{10}i$.",D. $2-3 \sqrt{10}i$.,Số phức liên hợp của số phức $2+3 \sqrt{10}i$ là $2-3 \sqrt{10}i$.,Đạt,
121,"Dạng 1 - Xác định phần thực, phần ảo, liên hợp, môđun",Nhân bản,49,Số nguyên,"Số phức liên hợp của số phức $z=-6-6i$ là

A. $\overline{z}=6+6i$.
B. $\overline{z}=6-6i$.
C. $\overline{z}=-6-6i$.
D. $\overline{z}=-6+6i$.",D. $\overline{z}=-6+6i$.,Ta có số phức liên hợp của số phức $z=-6-6i$ là $\overline{z}=-6+6i$.,Đạt,
122,"Dạng 1 - Xác định phần thực, phần ảo, liên hợp, môđun",Nhân bản,49,Số nguyên,"Số phức liên hợp của số phức $z=-4+4i$ là

A. $\overline{z}=4-4i$.
B. $\overline{z}=4+4i$.
C. $\overline{z}=-4+4i$.
D. $\overline{z}=-4-4i$.",D. $\overline{z}=-4-4i$.,Ta có số phức liên hợp của số phức $z=-4+4i$ là $\overline{z}=-4-4i$.,Đạt,
123,"Dạng 1 - Xác định phần thực, phần ảo, liên hợp, môđun",Nhân bản,49,Số hữu tỉ,"Số phức liên hợp của số phức $z=\dfrac{11}{2}+\dfrac{8}{3}i$ là

A. $\overline{z}=- \dfrac{11}{2}-\dfrac{8}{3}i$.
B. $\overline{z}=- \dfrac{11}{2}+\dfrac{8}{3}i$.
C. $\overline{z}=\dfrac{11}{2}+\dfrac{8}{3}i$.
D. $\overline{z}=\dfrac{11}{2}-\dfrac{8}{3}i$.",D. $\overline{z}=\dfrac{11}{2}-\dfrac{8}{3}i$.,Ta có số phức liên hợp của số phức $z=\dfrac{11}{2}+\dfrac{8}{3}i$ là $\overline{z}=\dfrac{11}{2}-\dfrac{8}{3}i$.,Đạt,
124,"Dạng 1 - Xác định phần thực, phần ảo, liên hợp, môđun",Nhân bản,49,Số hữu tỉ,"Số phức liên hợp của số phức $z=- \dfrac{10}{3}-\dfrac{5}{2}i$ là

A. $\overline{z}=\dfrac{10}{3}+\dfrac{5}{2}i$.
B. $\overline{z}=\dfrac{10}{3}-\dfrac{5}{2}i$.
C. $\overline{z}=- \dfrac{10}{3}-\dfrac{5}{2}i$.
D. $\overline{z}=- \dfrac{10}{3}+\dfrac{5}{2}i$.",D. $\overline{z}=- \dfrac{10}{3}+\dfrac{5}{2}i$.,Ta có số phức liên hợp của số phức $z=- \dfrac{10}{3}-\dfrac{5}{2}i$ là $\overline{z}=- \dfrac{10}{3}+\dfrac{5}{2}i$.,Đạt,
125,"Dạng 1 - Xác định phần thực, phần ảo, liên hợp, môđun",Nhân bản,49,Số vô tỉ,"Số phức liên hợp của số phức $z=- \sqrt{7}+3i$ là

A. $\overline{z}=\sqrt{7}-3i$.
B. $\overline{z}=\sqrt{7}+3i$.
C. $\overline{z}=- \sqrt{7}+3i$.
D. $\overline{z}=- \sqrt{7}-3i$.",D. $\overline{z}=- \sqrt{7}-3i$.,Ta có số phức liên hợp của số phức $z=- \sqrt{7}+3i$ là $\overline{z}=- \sqrt{7}-3i$.,Đạt,
126,"Dạng 1 - Xác định phần thực, phần ảo, liên hợp, môđun",Nhân bản,49,Số vô tỉ,"Số phức liên hợp của số phức $z=- 4 \sqrt{10}+3 \sqrt{7}i$ là

A. $\overline{z}=4 \sqrt{10}-3 \sqrt{7}i$.
B. $\overline{z}=4 \sqrt{10}+3 \sqrt{7}i$.
C. $\overline{z}=- 4 \sqrt{10}+3 \sqrt{7}i$.
D. $\overline{z}=- 4 \sqrt{10}-3 \sqrt{7}i$.",D. $\overline{z}=- 4 \sqrt{10}-3 \sqrt{7}i$.,Ta có số phức liên hợp của số phức $z=- 4 \sqrt{10}+3 \sqrt{7}i$ là $\overline{z}=- 4 \sqrt{10}-3 \sqrt{7}i$.,Đạt,
127,"Dạng 1 - Xác định phần thực, phần ảo, liên hợp, môđun",Nhân bản,53,Số nguyên,"Phần thực của số phức $z=5-2i$ bằng

A. $2$.
B. $-2$.
C. $5$.
D. $-5$.",C. $5$.,Phần thực của số phức $z=5-2i$ bằng $5$.,Đạt,
128,"Dạng 1 - Xác định phần thực, phần ảo, liên hợp, môđun",Nhân bản,53,Số nguyên,"Phần thực của số phức $z=-8-i$ bằng

A. $1$.
B. $-1$.
C. $-8$.
D. $8$.",C. $-8$.,Phần thực của số phức $z=-8-i$ bằng $-8$.,Đạt,
129,"Dạng 1 - Xác định phần thực, phần ảo, liên hợp, môđun",Nhân bản,53,Số hữu tỉ,"Phần thực của số phức $z=\dfrac{7}{4}+\dfrac{8}{3}i$ bằng

A. $- \dfrac{8}{3}$.
B. $\dfrac{8}{3}$.
C. $\dfrac{7}{4}$.
D. $- \dfrac{7}{4}$.",C. $\dfrac{7}{4}$.,Phần thực của số phức $z=\dfrac{7}{4}+\dfrac{8}{3}i$ bằng $\dfrac{7}{4}$.,Đạt,
130,"Dạng 1 - Xác định phần thực, phần ảo, liên hợp, môđun",Nhân bản,53,Số hữu tỉ,"Phần thực của số phức $z=- \dfrac{1}{4}-\dfrac{1}{2}i$ bằng

A. $\dfrac{1}{2}$.
B. $- \dfrac{1}{2}$.
C. $- \dfrac{1}{4}$.
D. $\dfrac{1}{4}$.",C. $- \dfrac{1}{4}$.,Phần thực của số phức $z=- \dfrac{1}{4}-\dfrac{1}{2}i$ bằng $- \dfrac{1}{4}$.,Đạt,
131,"Dạng 1 - Xác định phần thực, phần ảo, liên hợp, môđun",Nhân bản,53,Số vô tỉ,"Phần thực của số phức $z=4 \sqrt{2}-2i$ bằng

A. $2$.
B. $-2$.
C. $4 \sqrt{2}$.
D. $- 4 \sqrt{2}$.",C. $4 \sqrt{2}$.,Phần thực của số phức $z=4 \sqrt{2}-2i$ bằng $4 \sqrt{2}$.,Đạt,
132,"Dạng 1 - Xác định phần thực, phần ảo, liên hợp, môđun",Nhân bản,53,Số vô tỉ,"Phần thực của số phức $z=4 \sqrt{7}-3i$ bằng

A. $3$.
B. $-3$.
C. $4 \sqrt{7}$.
D. $- 4 \sqrt{7}$.",C. $4 \sqrt{7}$.,Phần thực của số phức $z=4 \sqrt{7}-3i$ bằng $4 \sqrt{7}$.,Đạt,
133,"Dạng 1 - Xác định phần thực, phần ảo, liên hợp, môđun",Nhân bản,58,Số nguyên,"Phần ảo của số phức $z=2-i$ bằng

A. $-1$.
B. $1$.
C. $2$.
D. $-2$.",A. $-1$.,Phần ảo của số phức $z=2-i$ bằng $-1$.,Đạt,
134,"Dạng 1 - Xác định phần thực, phần ảo, liên hợp, môđun",Nhân bản,58,Số nguyên,"Phần ảo của số phức $z=-2-2i$ bằng

A. $-2$.
B. $2$.
C. $-1$.
D. $3$.",A. $-2$.,Phần ảo của số phức $z=-2-2i$ bằng $-2$.,Đạt,
135,"Dạng 1 - Xác định phần thực, phần ảo, liên hợp, môđun",Nhân bản,58,Số hữu tỉ,"Phần ảo của số phức $z=\dfrac{1}{5}+\dfrac{3}{5}i$ bằng

A. $\dfrac{3}{5}$.
B. $- \dfrac{3}{5}$.
C. $\dfrac{1}{5}$.
D. $- \dfrac{1}{5}$.",A. $\dfrac{3}{5}$.,Phần ảo của số phức $z=\dfrac{1}{5}+\dfrac{3}{5}i$ bằng $\dfrac{3}{5}$.,Đạt,
136,"Dạng 1 - Xác định phần thực, phần ảo, liên hợp, môđun",Nhân bản,58,Số hữu tỉ,"Phần ảo của số phức $z=- \dfrac{3}{2}-\dfrac{5}{2}i$ bằng

A. $- \dfrac{5}{2}$.
B. $\dfrac{5}{2}$.
C. $- \dfrac{3}{2}$.
D. $\dfrac{3}{2}$.",A. $- \dfrac{5}{2}$.,Phần ảo của số phức $z=- \dfrac{3}{2}-\dfrac{5}{2}i$ bằng $- \dfrac{5}{2}$.,Đạt,
137,"Dạng 1 - Xác định phần thực, phần ảo, liên hợp, môđun",Nhân bản,58,Số vô tỉ,"Phần ảo của số phức $z=4 \sqrt{11}-9i$ bằng

A. $-9$.
B. $9$.
C. $4 \sqrt{11}$.
D. $- 4 \sqrt{11}$.",A. $-9$.,Phần ảo của số phức $z=4 \sqrt{11}-9i$ bằng $-9$.,Đạt,
138,"Dạng 1 - Xác định phần thực, phần ảo, liên hợp, môđun",Nhân bản,58,Số vô tỉ,"Phần ảo của số phức $z=6-3 \sqrt{10}i$ bằng

A. $- 3 \sqrt{10}$.
B. $3 \sqrt{10}$.
C. $6$.
D. $-6$.",A. $- 3 \sqrt{10}$.,Phần ảo của số phức $z=6-3 \sqrt{10}i$ bằng $- 3 \sqrt{10}$.,Đạt,
139,"Dạng 1 - Xác định phần thực, phần ảo, liên hợp, môđun",Nhân bản,59,Số nguyên,"Cho số phức $z=-5-7i$, môđun của số phức $(1+i)z$ bằng

A. $74 \sqrt{2}$.
B. $\sqrt{74}$.
C. $2 \sqrt{74}$.
D. $2 \sqrt{37}$.",D. $2 \sqrt{37}$.,"Ta có $(1+i)z=(1+i)(-5-7i)=2-12i$.
Do đó môđun của $(1+i)z$ là $|2-12i|=2 \sqrt{37}$.",Đạt,
140,"Dạng 1 - Xác định phần thực, phần ảo, liên hợp, môđun",Nhân bản,59,Số nguyên,"Cho số phức $z=9+i$, môđun của số phức $(1+i)z$ bằng

A. $82 \sqrt{2}$.
B. $\sqrt{82}$.
C. $2 \sqrt{82}$.
D. $2 \sqrt{41}$.",D. $2 \sqrt{41}$.,"Ta có $(1+i)z=(1+i)(9+i)=8+10i$.
Do đó môđun của $(1+i)z$ là $|8+10i|=2 \sqrt{41}$.",Đạt,
141,"Dạng 1 - Xác định phần thực, phần ảo, liên hợp, môđun",Nhân bản,59,Số hữu tỉ,"Cho số phức $z=- \dfrac{9}{2}+\dfrac{9}{2}i$, môđun của số phức $(1+i)z$ bằng

A. $\dfrac{81 \sqrt{2}}{2}$.
B. $\dfrac{9 \sqrt{2}}{2}$.
C. $9 \sqrt{2}$.
D. $9$.",D. $9$.,"Ta có $(1+i)z=(1+i)(- \dfrac{9}{2}+\dfrac{9}{2}i)=-9$.
Do đó môđun của $(1+i)z$ là $|-9|=9$.",Đạt,
142,"Dạng 1 - Xác định phần thực, phần ảo, liên hợp, môđun",Nhân bản,59,Số hữu tỉ,"Cho số phức $z=\dfrac{5}{2}-\dfrac{1}{4}i$, môđun của số phức $(1+i)z$ bằng

A. $\dfrac{101 \sqrt{2}}{16}$.
B. $\dfrac{\sqrt{101}}{4}$.
C. $\dfrac{\sqrt{101}}{2}$.
D. $\dfrac{\sqrt{202}}{4}$.",D. $\dfrac{\sqrt{202}}{4}$.,"Ta có $(1+i)z=(1+i)(\dfrac{5}{2}-\dfrac{1}{4}i)=\dfrac{11}{4}+\dfrac{9}{4}i$.
Do đó môđun của $(1+i)z$ là $|\dfrac{11}{4}+\dfrac{9}{4}i|=\dfrac{\sqrt{202}}{4}$.",Đạt,
143,"Dạng 1 - Xác định phần thực, phần ảo, liên hợp, môđun",Nhân bản,59,Số vô tỉ,"Cho số phức $z=-3+2 \sqrt{5}i$, môđun của số phức $(1+i)z$ bằng

A. $29 \sqrt{2}$.
B. $\sqrt{29}$.
C. $2 \sqrt{29}$.
D. $\sqrt{58}$.",D. $\sqrt{58}$.,"Ta có $(1+i)z=(1+i)(-3+2 \sqrt{5}i)=\left(- 2 \sqrt{5} - 3\right)+\left(-3 + 2 \sqrt{5}\right)i$.
Do đó môđun của $(1+i)z$ là $|\left(- 2 \sqrt{5} - 3\right)+\left(-3 + 2 \sqrt{5}\right)i|=\sqrt{58}$.",Đạt,
144,"Dạng 1 - Xác định phần thực, phần ảo, liên hợp, môđun",Nhân bản,59,Số vô tỉ,"Cho số phức $z=- 4 \sqrt{3}+8i$, môđun của số phức $(1+i)z$ bằng

A. $112 \sqrt{2}$.
B. $4 \sqrt{7}$.
C. $8 \sqrt{7}$.
D. $4 \sqrt{14}$.",D. $4 \sqrt{14}$.,"Ta có $(1+i)z=(1+i)(- 4 \sqrt{3}+8i)=\left(-8 - 4 \sqrt{3}\right)+\left(8 - 4 \sqrt{3}\right)i$.
Do đó môđun của $(1+i)z$ là $|\left(-8 - 4 \sqrt{3}\right)+\left(8 - 4 \sqrt{3}\right)i|=4 \sqrt{14}$.",Đạt,
145,"Dạng 1 - Xác định phần thực, phần ảo, liên hợp, môđun",Nhân bản,62,Số nguyên,"Môđun của số phức $-2-i$ bằng

A. $5$.
B. $\sqrt{5}$.
C. $3$.
D. $\sqrt{3}$.",B. $\sqrt{5}$.,Ta có: $|-2-i| = \sqrt{\left(-2\right)^2+\left(-1\right)^2} = \sqrt{5}$.,Đạt,
146,"Dạng 1 - Xác định phần thực, phần ảo, liên hợp, môđun",Nhân bản,62,Số nguyên,"Môđun của số phức $-5+7i$ bằng

A. $74$.
B. $\sqrt{74}$.
C. $24$.
D. $2 \sqrt{6}$.",B. $\sqrt{74}$.,Ta có: $|-5+7i| = \sqrt{\left(-5\right)^2+\left(7\right)^2} = \sqrt{74}$.,Đạt,
147,"Dạng 1 - Xác định phần thực, phần ảo, liên hợp, môđun",Nhân bản,62,Số hữu tỉ,"Môđun của số phức $- \dfrac{1}{3}+\dfrac{7}{2}i$ bằng

A. $\dfrac{445}{36}$.
B. $\dfrac{\sqrt{445}}{6}$.
C. $\dfrac{437}{36}$.
D. $\dfrac{\sqrt{437}}{6}$.",B. $\dfrac{\sqrt{445}}{6}$.,Ta có: $|- \dfrac{1}{3}+\dfrac{7}{2}i| = \sqrt{\left(- \dfrac{1}{3}\right)^2+\left(\dfrac{7}{2}\right)^2} = \dfrac{\sqrt{445}}{6}$.,Đạt,
148,"Dạng 1 - Xác định phần thực, phần ảo, liên hợp, môđun",Nhân bản,62,Số hữu tỉ,"Môđun của số phức $\dfrac{3}{4}+\dfrac{9}{4}i$ bằng

A. $\dfrac{45}{8}$.
B. $\dfrac{3 \sqrt{10}}{4}$.
C. $\dfrac{9}{2}$.
D. $\dfrac{3 \sqrt{2}}{2}$.",B. $\dfrac{3 \sqrt{10}}{4}$.,Ta có: $|\dfrac{3}{4}+\dfrac{9}{4}i| = \sqrt{\left(\dfrac{3}{4}\right)^2+\left(\dfrac{9}{4}\right)^2} = \dfrac{3 \sqrt{10}}{4}$.,Đạt,
149,"Dạng 1 - Xác định phần thực, phần ảo, liên hợp, môđun",Nhân bản,62,Số vô tỉ,"Môđun của số phức $- 3 \sqrt{7}-4 \sqrt{2}i$ bằng

A. $95$.
B. $\sqrt{95}$.
C. $31$.
D. $\sqrt{31}$.",B. $\sqrt{95}$.,Ta có: $|- 3 \sqrt{7}-4 \sqrt{2}i| = \sqrt{\left(- 3 \sqrt{7}\right)^2+\left(- 4 \sqrt{2}\right)^2} = \sqrt{95}$.,Đạt,
150,"Dạng 1 - Xác định phần thực, phần ảo, liên hợp, môđun",Nhân bản,62,Số vô tỉ,"Môđun của số phức $4 \sqrt{11}-2i$ bằng

A. $180$.
B. $6 \sqrt{5}$.
C. $172$.
D. $2 \sqrt{43}$.",B. $6 \sqrt{5}$.,Ta có: $|4 \sqrt{11}-2i| = \sqrt{\left(4 \sqrt{11}\right)^2+\left(-2\right)^2} = 6 \sqrt{5}$.,Đạt,
151,"Dạng 1 - Xác định phần thực, phần ảo, liên hợp, môđun",Nhân bản,40,Số nguyên,"Số phức có phần thực bằng $-4$ và phần ảo bằng $2$ là

A. $-4+2i$.
B. $2+4i$.
C. $-4-2i$.
D. $2-4i$.",A. $-4+2i$.,Số phức có phần thực bằng $-4$ và phần ảo bằng $2$ là $z = -4+2i$.,Đạt,
152,"Dạng 1 - Xác định phần thực, phần ảo, liên hợp, môđun",Nhân bản,40,Số nguyên,"Số phức có phần thực bằng $-3$ và phần ảo bằng $-7$ là

A. $-3-7i$.
B. $-7+3i$.
C. $-3+7i$.
D. $-7-3i$.",A. $-3-7i$.,Số phức có phần thực bằng $-3$ và phần ảo bằng $-7$ là $z = -3-7i$.,Đạt,
153,"Dạng 1 - Xác định phần thực, phần ảo, liên hợp, môđun",Nhân bản,40,Số hữu tỉ,"Số phức có phần thực bằng $\dfrac{1}{2}$ và phần ảo bằng $- \dfrac{6}{5}$ là

A. $\dfrac{1}{2}-\dfrac{6}{5}i$.
B. $- \dfrac{6}{5}-\dfrac{1}{2}i$.
C. $\dfrac{1}{2}+\dfrac{6}{5}i$.
D. $- \dfrac{6}{5}+\dfrac{1}{2}i$.",A. $\dfrac{1}{2}-\dfrac{6}{5}i$.,Số phức có phần thực bằng $\dfrac{1}{2}$ và phần ảo bằng $- \dfrac{6}{5}$ là $z = \dfrac{1}{2}-\dfrac{6}{5}i$.,Đạt,
154,"Dạng 1 - Xác định phần thực, phần ảo, liên hợp, môđun",Nhân bản,40,Số hữu tỉ,"Số phức có phần thực bằng $- \dfrac{8}{5}$ và phần ảo bằng $- \dfrac{3}{2}$ là

A. $- \dfrac{8}{5}-\dfrac{3}{2}i$.
B. $- \dfrac{3}{2}+\dfrac{8}{5}i$.
C. $- \dfrac{8}{5}+\dfrac{3}{2}i$.
D. $- \dfrac{3}{2}-\dfrac{8}{5}i$.",A. $- \dfrac{8}{5}-\dfrac{3}{2}i$.,Số phức có phần thực bằng $- \dfrac{8}{5}$ và phần ảo bằng $- \dfrac{3}{2}$ là $z = - \dfrac{8}{5}-\dfrac{3}{2}i$.,Đạt,
155,"Dạng 1 - Xác định phần thực, phần ảo, liên hợp, môđun",Nhân bản,40,Số vô tỉ,"Số phức có phần thực bằng $-3$ và phần ảo bằng $\sqrt{7}$ là

A. $-3+\sqrt{7}i$.
B. $\sqrt{7}+3i$.
C. $-3-\sqrt{7}i$.
D. $\sqrt{7}-3i$.",A. $-3+\sqrt{7}i$.,Số phức có phần thực bằng $-3$ và phần ảo bằng $\sqrt{7}$ là $z = -3+\sqrt{7}i$.,Đạt,
156,"Dạng 1 - Xác định phần thực, phần ảo, liên hợp, môđun",Nhân bản,40,Số vô tỉ,"Số phức có phần thực bằng $- 2 \sqrt{10}$ và phần ảo bằng $-3$ là

A. $- 2 \sqrt{10}-3i$.
B. $-3+2 \sqrt{10}i$.
C. $- 2 \sqrt{10}+3i$.
D. $-3-2 \sqrt{10}i$.",A. $- 2 \sqrt{10}-3i$.,Số phức có phần thực bằng $- 2 \sqrt{10}$ và phần ảo bằng $-3$ là $z = - 2 \sqrt{10}-3i$.,Đạt,
157,"Dạng 1 - Xác định phần thực, phần ảo, liên hợp, môđun",Nhân bản,2,Số nguyên,"Cho hai số phức $z_1 = -9-9i$ và $z_2 = -8+i$. Tính môđun của số phức $z_1+z_2$.

A. $|z_1+z_2| = \sqrt{353}$.
B. $|z_1+z_2| = 353$.
C. $|z_1+z_2| = \sqrt{101}$.
D. $|z_1+z_2| = \sqrt{65} + 9 \sqrt{2}$.",A. $|z_1+z_2| = \sqrt{353}$.,Ta có $z_1+z_2 = -17-8i \Rightarrow |z_1+z_2| = \sqrt{\left(-17\right)^2+\left(-8\right)^2} = \sqrt{353}$.,Đạt,
158,"Dạng 1 - Xác định phần thực, phần ảo, liên hợp, môđun",Nhân bản,2,Số nguyên,"Cho hai số phức $z_1 = 7-i$ và $z_2 = -7+9i$. Tính môđun của số phức $z_1+z_2$.

A. $|z_1+z_2| = 8$.
B. $|z_1+z_2| = 64$.
C. $|z_1+z_2| = 2 \sqrt{74}$.
D. $|z_1+z_2| = 5 \sqrt{2} + \sqrt{130}$.",A. $|z_1+z_2| = 8$.,Ta có $z_1+z_2 = 0+8i \Rightarrow |z_1+z_2| = \sqrt{\left(0\right)^2+\left(8\right)^2} = 8$.,Đạt,
159,"Dạng 1 - Xác định phần thực, phần ảo, liên hợp, môđun",Nhân bản,2,Số hữu tỉ,"Cho hai số phức $z_1 = - \dfrac{3}{2}+\dfrac{10}{3}i$ và $z_2 = \dfrac{6}{5}+\dfrac{1}{4}i$. Tính môđun của số phức $z_1+z_2$.

A. $|z_1+z_2| = \dfrac{\sqrt{46549}}{60}$.
B. $|z_1+z_2| = \dfrac{46549}{3600}$.
C. $|z_1+z_2| = \dfrac{\sqrt{60469}}{60}$.
D. $|z_1+z_2| = \dfrac{\sqrt{601}}{20} + \dfrac{\sqrt{481}}{6}$.",A. $|z_1+z_2| = \dfrac{\sqrt{46549}}{60}$.,Ta có $z_1+z_2 = - \dfrac{3}{10}+\dfrac{43}{12}i \Rightarrow |z_1+z_2| = \sqrt{\left(- \dfrac{3}{10}\right)^2+\left(\dfrac{43}{12}\right)^2} = \dfrac{\sqrt{46549}}{60}$.,Đạt,
160,"Dạng 1 - Xác định phần thực, phần ảo, liên hợp, môđun",Nhân bản,2,Số hữu tỉ,"Cho hai số phức $z_1 = \dfrac{3}{2}-\dfrac{8}{3}i$ và $z_2 = \dfrac{1}{2}+\dfrac{10}{3}i$. Tính môđun của số phức $z_1+z_2$.

A. $|z_1+z_2| = \dfrac{2 \sqrt{10}}{3}$.
B. $|z_1+z_2| = \dfrac{40}{9}$.
C. $|z_1+z_2| = \sqrt{37}$.
D. $|z_1+z_2| = \dfrac{\sqrt{337}}{6} + \dfrac{\sqrt{409}}{6}$.",A. $|z_1+z_2| = \dfrac{2 \sqrt{10}}{3}$.,Ta có $z_1+z_2 = 2+\dfrac{2}{3}i \Rightarrow |z_1+z_2| = \sqrt{\left(2\right)^2+\left(\dfrac{2}{3}\right)^2} = \dfrac{2 \sqrt{10}}{3}$.,Đạt,
161,"Dạng 1 - Xác định phần thực, phần ảo, liên hợp, môđun",Nhân bản,2,Số vô tỉ,"Cho hai số phức $z_1 = - 2 \sqrt{2}+\sqrt{10}i$ và $z_2 = \sqrt{7}+3 \sqrt{7}i$. Tính môđun của số phức $z_1+z_2$.

A. $|z_1+z_2| = \sqrt{\left(- 2 \sqrt{2} + \sqrt{7}\right)^{2} + \left(\sqrt{10} + 3 \sqrt{7}\right)^{2}}$.
B. $|z_1+z_2| = \left(- 2 \sqrt{2} + \sqrt{7}\right)^{2} + \left(\sqrt{10} + 3 \sqrt{7}\right)^{2}$.
C. $|z_1+z_2| = \sqrt{\left(- 3 \sqrt{7} + \sqrt{10}\right)^{2} + \left(- 2 \sqrt{2} - \sqrt{7}\right)^{2}}$.
D. $|z_1+z_2| = 3 \sqrt{2} + \sqrt{70}$.",A. $|z_1+z_2| = \sqrt{\left(- 2 \sqrt{2} + \sqrt{7}\right)^{2} + \left(\sqrt{10} + 3 \sqrt{7}\right)^{2}}$.,Ta có $z_1+z_2 = \left(- 2 \sqrt{2} + \sqrt{7}\right)+\left(\sqrt{10} + 3 \sqrt{7}\right)i \Rightarrow |z_1+z_2| = \sqrt{\left(- 2 \sqrt{2} + \sqrt{7}\right)^2+\left(\sqrt{10} + 3 \sqrt{7}\right)^2} = \sqrt{\left(- 2 \sqrt{2} + \sqrt{7}\right)^{2} + \left(\sqrt{10} + 3 \sqrt{7}\right)^{2}}$.,Đạt,
162,"Dạng 1 - Xác định phần thực, phần ảo, liên hợp, môđun",Nhân bản,2,Số vô tỉ,"Cho hai số phức $z_1 = - 2 \sqrt{5}-2 \sqrt{10}i$ và $z_2 = 2 \sqrt{10}+2 \sqrt{6}i$. Tính môđun của số phức $z_1+z_2$.

A. $|z_1+z_2| = \sqrt{\left(- 2 \sqrt{10} + 2 \sqrt{6}\right)^{2} + \left(- 2 \sqrt{5} + 2 \sqrt{10}\right)^{2}}$.
B. $|z_1+z_2| = \left(- 2 \sqrt{10} + 2 \sqrt{6}\right)^{2} + \left(- 2 \sqrt{5} + 2 \sqrt{10}\right)^{2}$.
C. $|z_1+z_2| = \sqrt{\left(- 2 \sqrt{10} - 2 \sqrt{5}\right)^{2} + \left(- 2 \sqrt{10} - 2 \sqrt{6}\right)^{2}}$.
D. $|z_1+z_2| = 2 \sqrt{15} + 8$.",A. $|z_1+z_2| = \sqrt{\left(- 2 \sqrt{10} + 2 \sqrt{6}\right)^{2} + \left(- 2 \sqrt{5} + 2 \sqrt{10}\right)^{2}}$.,Ta có $z_1+z_2 = \left(- 2 \sqrt{5} + 2 \sqrt{10}\right)-\left(- 2 \sqrt{6} + 2 \sqrt{10}\right)i \Rightarrow |z_1+z_2| = \sqrt{\left(- 2 \sqrt{5} + 2 \sqrt{10}\right)^2+\left(- 2 \sqrt{10} + 2 \sqrt{6}\right)^2} = \sqrt{\left(- 2 \sqrt{10} + 2 \sqrt{6}\right)^{2} + \left(- 2 \sqrt{5} + 2 \sqrt{10}\right)^{2}}$.,Đạt,
163,"Dạng 1 - Xác định phần thực, phần ảo, liên hợp, môđun",Nhân bản,50,Số nguyên,"Cho hai số phức $z=3+7i$ và $w=2+6i$. Môđun của số phức $z\cdot\overline{w}$ bằng

A. $2320$.
B. $2288$.
C. $4 \sqrt{143}$.
D. $4 \sqrt{145}$.",D. $4 \sqrt{145}$.,"Ta có $z\cdot\overline{w}=(3+7i)(2-6i)=48-4i$.
Vậy $|z\cdot\overline{w}|=|48-4i|=4 \sqrt{145}$.",Đạt,
164,"Dạng 1 - Xác định phần thực, phần ảo, liên hợp, môđun",Nhân bản,50,Số nguyên,"Cho hai số phức $z=-7+i$ và $w=1-i$. Môđun của số phức $z\cdot\overline{w}$ bằng

A. $100$.
B. $28$.
C. $2 \sqrt{7}$.
D. $10$.",D. $10$.,"Ta có $z\cdot\overline{w}=(-7+i)(1+i)=-8-6i$.
Vậy $|z\cdot\overline{w}|=|-8-6i|=10$.",Đạt,
165,"Dạng 1 - Xác định phần thực, phần ảo, liên hợp, môđun",Nhân bản,50,Số hữu tỉ,"Cho hai số phức $z=\dfrac{5}{3}-\dfrac{11}{3}i$ và $w=- \dfrac{5}{2}+\dfrac{7}{4}i$. Môđun của số phức $z\cdot\overline{w}$ bằng

A. $\dfrac{10877}{72}$.
B. $\dfrac{1313}{18}$.
C. $\dfrac{\sqrt{2626}}{6}$.
D. $\dfrac{\sqrt{21754}}{12}$.",D. $\dfrac{\sqrt{21754}}{12}$.,"Ta có $z\cdot\overline{w}=(\dfrac{5}{3}-\dfrac{11}{3}i)(- \dfrac{5}{2}-\dfrac{7}{4}i)=- \dfrac{127}{12}+\dfrac{25}{4}i$.
Vậy $|z\cdot\overline{w}|=|- \dfrac{127}{12}+\dfrac{25}{4}i|=\dfrac{\sqrt{21754}}{12}$.",Đạt,
166,"Dạng 1 - Xác định phần thực, phần ảo, liên hợp, môđun",Nhân bản,50,Số hữu tỉ,"Cho hai số phức $z=- \dfrac{6}{5}+\dfrac{9}{5}i$ và $w=\dfrac{7}{3}-\dfrac{11}{2}i$. Môđun của số phức $z\cdot\overline{w}$ bằng

A. $\dfrac{3341}{20}$.
B. $\dfrac{15553}{100}$.
C. $\dfrac{\sqrt{15553}}{10}$.
D. $\dfrac{\sqrt{16705}}{10}$.",D. $\dfrac{\sqrt{16705}}{10}$.,"Ta có $z\cdot\overline{w}=(- \dfrac{6}{5}+\dfrac{9}{5}i)(\dfrac{7}{3}+\dfrac{11}{2}i)=- \dfrac{127}{10}-\dfrac{12}{5}i$.
Vậy $|z\cdot\overline{w}|=|- \dfrac{127}{10}-\dfrac{12}{5}i|=\dfrac{\sqrt{16705}}{10}$.",Đạt,
167,"Dạng 1 - Xác định phần thực, phần ảo, liên hợp, môđun",Nhân bản,50,Số vô tỉ,"Cho hai số phức $z=2 \sqrt{5}+3 \sqrt{7}i$ và $w=4+\sqrt{2}i$. Môđun của số phức $z\cdot\overline{w}$ bằng

A. $\left(- 2 \sqrt{10} + 12 \sqrt{7}\right)^{2} + \left(3 \sqrt{14} + 8 \sqrt{5}\right)^{2}$.
B. $- \left(- 12 \sqrt{7} + 2 \sqrt{10}\right)^{2} + \left(3 \sqrt{14} + 8 \sqrt{5}\right)^{2}$.
C. $\sqrt{- \left(- 12 \sqrt{7} + 2 \sqrt{10}\right)^{2} + \left(3 \sqrt{14} + 8 \sqrt{5}\right)^{2}}$.
D. $\sqrt{\left(- 2 \sqrt{10} + 12 \sqrt{7}\right)^{2} + \left(3 \sqrt{14} + 8 \sqrt{5}\right)^{2}}$.",D. $\sqrt{\left(- 2 \sqrt{10} + 12 \sqrt{7}\right)^{2} + \left(3 \sqrt{14} + 8 \sqrt{5}\right)^{2}}$.,"Ta có $z\cdot\overline{w}=(2 \sqrt{5}+3 \sqrt{7}i)(4-\sqrt{2}i)=\left(3 \sqrt{14} + 8 \sqrt{5}\right)+\left(- 2 \sqrt{10} + 12 \sqrt{7}\right)i$.
Vậy $|z\cdot\overline{w}|=|\left(3 \sqrt{14} + 8 \sqrt{5}\right)+\left(- 2 \sqrt{10} + 12 \sqrt{7}\right)i|=\sqrt{\left(- 2 \sqrt{10} + 12 \sqrt{7}\right)^{2} + \left(3 \sqrt{14} + 8 \sqrt{5}\right)^{2}}$.",Đạt,
168,"Dạng 1 - Xác định phần thực, phần ảo, liên hợp, môđun",Nhân bản,50,Số vô tỉ,"Cho hai số phức $z=3 \sqrt{7}-7i$ và $w=-2+3 \sqrt{11}i$. Môđun của số phức $z\cdot\overline{w}$ bằng

A. $\left(14 - 9 \sqrt{77}\right)^{2} + \left(- 21 \sqrt{11} - 6 \sqrt{7}\right)^{2}$.
B. $- \left(14 - 9 \sqrt{77}\right)^{2} + \left(6 \sqrt{7} + 21 \sqrt{11}\right)^{2}$.
C. $\sqrt{- \left(14 - 9 \sqrt{77}\right)^{2} + \left(6 \sqrt{7} + 21 \sqrt{11}\right)^{2}}$.
D. $\sqrt{\left(14 - 9 \sqrt{77}\right)^{2} + \left(- 21 \sqrt{11} - 6 \sqrt{7}\right)^{2}}$.",D. $\sqrt{\left(14 - 9 \sqrt{77}\right)^{2} + \left(- 21 \sqrt{11} - 6 \sqrt{7}\right)^{2}}$.,"Ta có $z\cdot\overline{w}=(3 \sqrt{7}-7i)(-2-3 \sqrt{11}i)=\left(- 21 \sqrt{11} - 6 \sqrt{7}\right)-\left(-14 + 9 \sqrt{77}\right)i$.
Vậy $|z\cdot\overline{w}|=|\left(- 21 \sqrt{11} - 6 \sqrt{7}\right)-\left(-14 + 9 \sqrt{77}\right)i|=\sqrt{\left(14 - 9 \sqrt{77}\right)^{2} + \left(- 21 \sqrt{11} - 6 \sqrt{7}\right)^{2}}$.",Đạt,
169,Dạng 2 - Biểu diễn hình học,Nhân bản,20,Số nguyên,"Trên mặt phẳng tọa độ, điểm biểu diễn số phức $z=-2-7i$ có tọa độ là

A. $(2;-7)$.
B. $(-7;-2)$.
C. $(-2;-7)$.
D. $(-2;7)$.",C. $(-2;-7)$.,Điểm biểu diễn số phức $z=-2-7i$ có tọa độ là $(-2;-7)$.,Đạt,
170,Dạng 2 - Biểu diễn hình học,Nhân bản,20,Số nguyên,"Trên mặt phẳng tọa độ, điểm biểu diễn số phức $z=-5+4i$ có tọa độ là

A. $(5;4)$.
B. $(4;-5)$.
C. $(-5;4)$.
D. $(-5;-4)$.",C. $(-5;4)$.,Điểm biểu diễn số phức $z=-5+4i$ có tọa độ là $(-5;4)$.,Đạt,
171,Dạng 2 - Biểu diễn hình học,Nhân bản,20,Số nguyên,"Trên mặt phẳng tọa độ, điểm biểu diễn số phức $z=7-4i$ có tọa độ là

A. $(-7;-4)$.
B. $(-4;7)$.
C. $(7;-4)$.
D. $(7;4)$.",C. $(7;-4)$.,Điểm biểu diễn số phức $z=7-4i$ có tọa độ là $(7;-4)$.,Đạt,
172,Dạng 2 - Biểu diễn hình học,Nhân bản,20,Số nguyên,"Trên mặt phẳng tọa độ, điểm biểu diễn số phức $z=1+5i$ có tọa độ là

A. $(-1;5)$.
B. $(5;1)$.
C. $(1;5)$.
D. $(1;-5)$.",C. $(1;5)$.,Điểm biểu diễn số phức $z=1+5i$ có tọa độ là $(1;5)$.,Đạt,
173,Dạng 2 - Biểu diễn hình học,Nhân bản,20,Số hữu tỉ,"Trên mặt phẳng tọa độ, điểm biểu diễn số phức $z=- \dfrac{8}{5}-\dfrac{11}{3}i$ có tọa độ là

A. $(\dfrac{8}{5};- \dfrac{11}{3})$.
B. $(- \dfrac{11}{3};- \dfrac{8}{5})$.
C. $(- \dfrac{8}{5};- \dfrac{11}{3})$.
D. $(- \dfrac{8}{5};\dfrac{11}{3})$.",C. $(- \dfrac{8}{5};- \dfrac{11}{3})$.,Điểm biểu diễn số phức $z=- \dfrac{8}{5}-\dfrac{11}{3}i$ có tọa độ là $(- \dfrac{8}{5};- \dfrac{11}{3})$.,Đạt,
174,Dạng 2 - Biểu diễn hình học,Nhân bản,20,Số hữu tỉ,"Trên mặt phẳng tọa độ, điểm biểu diễn số phức $z=- \dfrac{2}{3}+\dfrac{8}{3}i$ có tọa độ là

A. $(\dfrac{2}{3};\dfrac{8}{3})$.
B. $(\dfrac{8}{3};- \dfrac{2}{3})$.
C. $(- \dfrac{2}{3};\dfrac{8}{3})$.
D. $(- \dfrac{2}{3};- \dfrac{8}{3})$.",C. $(- \dfrac{2}{3};\dfrac{8}{3})$.,Điểm biểu diễn số phức $z=- \dfrac{2}{3}+\dfrac{8}{3}i$ có tọa độ là $(- \dfrac{2}{3};\dfrac{8}{3})$.,Đạt,
175,Dạng 2 - Biểu diễn hình học,Nhân bản,20,Số hữu tỉ,"Trên mặt phẳng tọa độ, điểm biểu diễn số phức $z=\dfrac{1}{5}-\dfrac{11}{2}i$ có tọa độ là

A. $(- \dfrac{1}{5};- \dfrac{11}{2})$.
B. $(- \dfrac{11}{2};\dfrac{1}{5})$.
C. $(\dfrac{1}{5};- \dfrac{11}{2})$.
D. $(\dfrac{1}{5};\dfrac{11}{2})$.",C. $(\dfrac{1}{5};- \dfrac{11}{2})$.,Điểm biểu diễn số phức $z=\dfrac{1}{5}-\dfrac{11}{2}i$ có tọa độ là $(\dfrac{1}{5};- \dfrac{11}{2})$.,Đạt,
176,Dạng 2 - Biểu diễn hình học,Nhân bản,20,Số hữu tỉ,"Trên mặt phẳng tọa độ, điểm biểu diễn số phức $z=- \dfrac{11}{5}+\dfrac{5}{3}i$ có tọa độ là

A. $(\dfrac{11}{5};\dfrac{5}{3})$.
B. $(\dfrac{5}{3};- \dfrac{11}{5})$.
C. $(- \dfrac{11}{5};\dfrac{5}{3})$.
D. $(- \dfrac{11}{5};- \dfrac{5}{3})$.",C. $(- \dfrac{11}{5};\dfrac{5}{3})$.,Điểm biểu diễn số phức $z=- \dfrac{11}{5}+\dfrac{5}{3}i$ có tọa độ là $(- \dfrac{11}{5};\dfrac{5}{3})$.,Đạt,
177,Dạng 2 - Biểu diễn hình học,Nhân bản,20,Số vô tỉ,"Trên mặt phẳng tọa độ, điểm biểu diễn số phức $z=- 2 \sqrt{7}+9i$ có tọa độ là

A. $(2 \sqrt{7};9)$.
B. $(9;- 2 \sqrt{7})$.
C. $(- 2 \sqrt{7};9)$.
D. $(- 2 \sqrt{7};-9)$.",C. $(- 2 \sqrt{7};9)$.,Điểm biểu diễn số phức $z=- 2 \sqrt{7}+9i$ có tọa độ là $(- 2 \sqrt{7};9)$.,Đạt,
178,Dạng 2 - Biểu diễn hình học,Nhân bản,20,Số vô tỉ,"Trên mặt phẳng tọa độ, điểm biểu diễn số phức $z=-3+3 \sqrt{11}i$ có tọa độ là

A. $(3;3 \sqrt{11})$.
B. $(3 \sqrt{11};-3)$.
C. $(-3;3 \sqrt{11})$.
D. $(-3;- 3 \sqrt{11})$.",C. $(-3;3 \sqrt{11})$.,Điểm biểu diễn số phức $z=-3+3 \sqrt{11}i$ có tọa độ là $(-3;3 \sqrt{11})$.,Đạt,
179,Dạng 2 - Biểu diễn hình học,Nhân bản,20,Số vô tỉ,"Trên mặt phẳng tọa độ, điểm biểu diễn số phức $z=- 2 \sqrt{5}+8i$ có tọa độ là

A. $(2 \sqrt{5};8)$.
B. $(8;- 2 \sqrt{5})$.
C. $(- 2 \sqrt{5};8)$.
D. $(- 2 \sqrt{5};-8)$.",C. $(- 2 \sqrt{5};8)$.,Điểm biểu diễn số phức $z=- 2 \sqrt{5}+8i$ có tọa độ là $(- 2 \sqrt{5};8)$.,Đạt,
180,Dạng 2 - Biểu diễn hình học,Nhân bản,20,Số vô tỉ,"Trên mặt phẳng tọa độ, điểm biểu diễn số phức $z=-4-2 \sqrt{10}i$ có tọa độ là

A. $(4;- 2 \sqrt{10})$.
B. $(- 2 \sqrt{10};-4)$.
C. $(-4;- 2 \sqrt{10})$.
D. $(-4;2 \sqrt{10})$.",C. $(-4;- 2 \sqrt{10})$.,Điểm biểu diễn số phức $z=-4-2 \sqrt{10}i$ có tọa độ là $(-4;- 2 \sqrt{10})$.,Đạt,
181,Dạng 2 - Biểu diễn hình học,Nhân bản,28,Số nguyên,"Trên mặt phẳng tọa độ, điểm biểu diễn số phức $z=4+i$ có tọa độ là

A. $(-4;1)$.
B. $(1;4)$.
C. $(4;1)$.
D. $(4;-1)$.",C. $(4;1)$.,Điểm biểu diễn số phức $z=4+i$ có tọa độ là $(4;1)$.,Đạt,
182,Dạng 2 - Biểu diễn hình học,Nhân bản,28,Số nguyên,"Trên mặt phẳng tọa độ, điểm biểu diễn số phức $z=8+7i$ có tọa độ là

A. $(-8;7)$.
B. $(7;8)$.
C. $(8;7)$.
D. $(8;-7)$.",C. $(8;7)$.,Điểm biểu diễn số phức $z=8+7i$ có tọa độ là $(8;7)$.,Đạt,
183,Dạng 2 - Biểu diễn hình học,Nhân bản,28,Số nguyên,"Trên mặt phẳng tọa độ, điểm biểu diễn số phức $z=3+4i$ có tọa độ là

A. $(-3;4)$.
B. $(4;3)$.
C. $(3;4)$.
D. $(3;-4)$.",C. $(3;4)$.,Điểm biểu diễn số phức $z=3+4i$ có tọa độ là $(3;4)$.,Đạt,
184,Dạng 2 - Biểu diễn hình học,Nhân bản,28,Số nguyên,"Trên mặt phẳng tọa độ, điểm biểu diễn số phức $z=-6-i$ có tọa độ là

A. $(6;-1)$.
B. $(-1;-6)$.
C. $(-6;-1)$.
D. $(-6;1)$.",C. $(-6;-1)$.,Điểm biểu diễn số phức $z=-6-i$ có tọa độ là $(-6;-1)$.,Đạt,
185,Dạng 2 - Biểu diễn hình học,Nhân bản,28,Số hữu tỉ,"Trên mặt phẳng tọa độ, điểm biểu diễn số phức $z=\dfrac{11}{5}-\dfrac{7}{2}i$ có tọa độ là

A. $(- \dfrac{11}{5};- \dfrac{7}{2})$.
B. $(- \dfrac{7}{2};\dfrac{11}{5})$.
C. $(\dfrac{11}{5};- \dfrac{7}{2})$.
D. $(\dfrac{11}{5};\dfrac{7}{2})$.",C. $(\dfrac{11}{5};- \dfrac{7}{2})$.,Điểm biểu diễn số phức $z=\dfrac{11}{5}-\dfrac{7}{2}i$ có tọa độ là $(\dfrac{11}{5};- \dfrac{7}{2})$.,Đạt,
186,Dạng 2 - Biểu diễn hình học,Nhân bản,28,Số hữu tỉ,"Trên mặt phẳng tọa độ, điểm biểu diễn số phức $z=\dfrac{1}{5}-\dfrac{1}{4}i$ có tọa độ là

A. $(- \dfrac{1}{5};- \dfrac{1}{4})$.
B. $(- \dfrac{1}{4};\dfrac{1}{5})$.
C. $(\dfrac{1}{5};- \dfrac{1}{4})$.
D. $(\dfrac{1}{5};\dfrac{1}{4})$.",C. $(\dfrac{1}{5};- \dfrac{1}{4})$.,Điểm biểu diễn số phức $z=\dfrac{1}{5}-\dfrac{1}{4}i$ có tọa độ là $(\dfrac{1}{5};- \dfrac{1}{4})$.,Đạt,
187,Dạng 2 - Biểu diễn hình học,Nhân bản,28,Số hữu tỉ,"Trên mặt phẳng tọa độ, điểm biểu diễn số phức $z=- \dfrac{9}{2}-\dfrac{5}{2}i$ có tọa độ là

A. $(\dfrac{9}{2};- \dfrac{5}{2})$.
B. $(- \dfrac{5}{2};- \dfrac{9}{2})$.
C. $(- \dfrac{9}{2};- \dfrac{5}{2})$.
D. $(- \dfrac{9}{2};\dfrac{5}{2})$.",C. $(- \dfrac{9}{2};- \dfrac{5}{2})$.,Điểm biểu diễn số phức $z=- \dfrac{9}{2}-\dfrac{5}{2}i$ có tọa độ là $(- \dfrac{9}{2};- \dfrac{5}{2})$.,Đạt,
188,Dạng 2 - Biểu diễn hình học,Nhân bản,28,Số hữu tỉ,"Trên mặt phẳng tọa độ, điểm biểu diễn số phức $z=- \dfrac{4}{3}-\dfrac{7}{3}i$ có tọa độ là

A. $(\dfrac{4}{3};- \dfrac{7}{3})$.
B. $(- \dfrac{7}{3};- \dfrac{4}{3})$.
C. $(- \dfrac{4}{3};- \dfrac{7}{3})$.
D. $(- \dfrac{4}{3};\dfrac{7}{3})$.",C. $(- \dfrac{4}{3};- \dfrac{7}{3})$.,Điểm biểu diễn số phức $z=- \dfrac{4}{3}-\dfrac{7}{3}i$ có tọa độ là $(- \dfrac{4}{3};- \dfrac{7}{3})$.,Đạt,
189,Dạng 2 - Biểu diễn hình học,Nhân bản,28,Số vô tỉ,"Trên mặt phẳng tọa độ, điểm biểu diễn số phức $z=3 \sqrt{11}+3i$ có tọa độ là

A. $(- 3 \sqrt{11};3)$.
B. $(3;3 \sqrt{11})$.
C. $(3 \sqrt{11};3)$.
D. $(3 \sqrt{11};-3)$.",C. $(3 \sqrt{11};3)$.,Điểm biểu diễn số phức $z=3 \sqrt{11}+3i$ có tọa độ là $(3 \sqrt{11};3)$.,Đạt,
190,Dạng 2 - Biểu diễn hình học,Nhân bản,28,Số vô tỉ,"Trên mặt phẳng tọa độ, điểm biểu diễn số phức $z=3 \sqrt{11}-3 \sqrt{7}i$ có tọa độ là

A. $(- 3 \sqrt{11};- 3 \sqrt{7})$.
B. $(- 3 \sqrt{7};3 \sqrt{11})$.
C. $(3 \sqrt{11};- 3 \sqrt{7})$.
D. $(3 \sqrt{11};3 \sqrt{7})$.",C. $(3 \sqrt{11};- 3 \sqrt{7})$.,Điểm biểu diễn số phức $z=3 \sqrt{11}-3 \sqrt{7}i$ có tọa độ là $(3 \sqrt{11};- 3 \sqrt{7})$.,Đạt,
191,Dạng 2 - Biểu diễn hình học,Nhân bản,28,Số vô tỉ,"Trên mặt phẳng tọa độ, điểm biểu diễn số phức $z=6-\sqrt{6}i$ có tọa độ là

A. $(-6;- \sqrt{6})$.
B. $(- \sqrt{6};6)$.
C. $(6;- \sqrt{6})$.
D. $(6;\sqrt{6})$.",C. $(6;- \sqrt{6})$.,Điểm biểu diễn số phức $z=6-\sqrt{6}i$ có tọa độ là $(6;- \sqrt{6})$.,Đạt,
192,Dạng 2 - Biểu diễn hình học,Nhân bản,28,Số vô tỉ,"Trên mặt phẳng tọa độ, điểm biểu diễn số phức $z=- \sqrt{5}+3 \sqrt{2}i$ có tọa độ là

A. $(\sqrt{5};3 \sqrt{2})$.
B. $(3 \sqrt{2};- \sqrt{5})$.
C. $(- \sqrt{5};3 \sqrt{2})$.
D. $(- \sqrt{5};- 3 \sqrt{2})$.",C. $(- \sqrt{5};3 \sqrt{2})$.,Điểm biểu diễn số phức $z=- \sqrt{5}+3 \sqrt{2}i$ có tọa độ là $(- \sqrt{5};3 \sqrt{2})$.,Đạt,
193,Dạng 2 - Biểu diễn hình học,Nhân bản,63,Số nguyên,"Trên mặt phẳng tọa độ, điểm biểu diễn số phức $z=-5-8i$ có tọa độ là

A. $(5;-8)$.
B. $(-8;-5)$.
C. $(-5;-8)$.
D. $(-5;8)$.",C. $(-5;-8)$.,Điểm biểu diễn số phức $z=-5-8i$ có tọa độ là $(-5;-8)$.,Đạt,
194,Dạng 2 - Biểu diễn hình học,Nhân bản,63,Số nguyên,"Trên mặt phẳng tọa độ, điểm biểu diễn số phức $z=-3+4i$ có tọa độ là

A. $(3;4)$.
B. $(4;-3)$.
C. $(-3;4)$.
D. $(-3;-4)$.",C. $(-3;4)$.,Điểm biểu diễn số phức $z=-3+4i$ có tọa độ là $(-3;4)$.,Đạt,
195,Dạng 2 - Biểu diễn hình học,Nhân bản,63,Số nguyên,"Trên mặt phẳng tọa độ, điểm biểu diễn số phức $z=-2-i$ có tọa độ là

A. $(2;-1)$.
B. $(-1;-2)$.
C. $(-2;-1)$.
D. $(-2;1)$.",C. $(-2;-1)$.,Điểm biểu diễn số phức $z=-2-i$ có tọa độ là $(-2;-1)$.,Đạt,
196,Dạng 2 - Biểu diễn hình học,Nhân bản,63,Số nguyên,"Trên mặt phẳng tọa độ, điểm biểu diễn số phức $z=-3-i$ có tọa độ là

A. $(3;-1)$.
B. $(-1;-3)$.
C. $(-3;-1)$.
D. $(-3;1)$.",C. $(-3;-1)$.,Điểm biểu diễn số phức $z=-3-i$ có tọa độ là $(-3;-1)$.,Đạt,
197,Dạng 2 - Biểu diễn hình học,Nhân bản,63,Số hữu tỉ,"Trên mặt phẳng tọa độ, điểm biểu diễn số phức $z=\dfrac{1}{2}-\dfrac{5}{2}i$ có tọa độ là

A. $(- \dfrac{1}{2};- \dfrac{5}{2})$.
B. $(- \dfrac{5}{2};\dfrac{1}{2})$.
C. $(\dfrac{1}{2};- \dfrac{5}{2})$.
D. $(\dfrac{1}{2};\dfrac{5}{2})$.",C. $(\dfrac{1}{2};- \dfrac{5}{2})$.,Điểm biểu diễn số phức $z=\dfrac{1}{2}-\dfrac{5}{2}i$ có tọa độ là $(\dfrac{1}{2};- \dfrac{5}{2})$.,Đạt,
198,Dạng 2 - Biểu diễn hình học,Nhân bản,63,Số hữu tỉ,"Trên mặt phẳng tọa độ, điểm biểu diễn số phức $z=- \dfrac{2}{5}+\dfrac{4}{3}i$ có tọa độ là

A. $(\dfrac{2}{5};\dfrac{4}{3})$.
B. $(\dfrac{4}{3};- \dfrac{2}{5})$.
C. $(- \dfrac{2}{5};\dfrac{4}{3})$.
D. $(- \dfrac{2}{5};- \dfrac{4}{3})$.",C. $(- \dfrac{2}{5};\dfrac{4}{3})$.,Điểm biểu diễn số phức $z=- \dfrac{2}{5}+\dfrac{4}{3}i$ có tọa độ là $(- \dfrac{2}{5};\dfrac{4}{3})$.,Đạt,
199,Dạng 2 - Biểu diễn hình học,Nhân bản,63,Số hữu tỉ,"Trên mặt phẳng tọa độ, điểm biểu diễn số phức $z=- \dfrac{8}{5}-\dfrac{7}{2}i$ có tọa độ là

A. $(\dfrac{8}{5};- \dfrac{7}{2})$.
B. $(- \dfrac{7}{2};- \dfrac{8}{5})$.
C. $(- \dfrac{8}{5};- \dfrac{7}{2})$.
D. $(- \dfrac{8}{5};\dfrac{7}{2})$.",C. $(- \dfrac{8}{5};- \dfrac{7}{2})$.,Điểm biểu diễn số phức $z=- \dfrac{8}{5}-\dfrac{7}{2}i$ có tọa độ là $(- \dfrac{8}{5};- \dfrac{7}{2})$.,Đạt,
200,Dạng 2 - Biểu diễn hình học,Nhân bản,63,Số hữu tỉ,"Trên mặt phẳng tọa độ, điểm biểu diễn số phức $z=- \dfrac{7}{3}-\dfrac{9}{4}i$ có tọa độ là

A. $(\dfrac{7}{3};- \dfrac{9}{4})$.
B. $(- \dfrac{9}{4};- \dfrac{7}{3})$.
C. $(- \dfrac{7}{3};- \dfrac{9}{4})$.
D. $(- \dfrac{7}{3};\dfrac{9}{4})$.",C. $(- \dfrac{7}{3};- \dfrac{9}{4})$.,Điểm biểu diễn số phức $z=- \dfrac{7}{3}-\dfrac{9}{4}i$ có tọa độ là $(- \dfrac{7}{3};- \dfrac{9}{4})$.,Đạt,
201,Dạng 2 - Biểu diễn hình học,Nhân bản,63,Số vô tỉ,"Trên mặt phẳng tọa độ, điểm biểu diễn số phức $z=4+2 \sqrt{10}i$ có tọa độ là

A. $(-4;2 \sqrt{10})$.
B. $(2 \sqrt{10};4)$.
C. $(4;2 \sqrt{10})$.
D. $(4;- 2 \sqrt{10})$.",C. $(4;2 \sqrt{10})$.,Điểm biểu diễn số phức $z=4+2 \sqrt{10}i$ có tọa độ là $(4;2 \sqrt{10})$.,Đạt,
202,Dạng 2 - Biểu diễn hình học,Nhân bản,63,Số vô tỉ,"Trên mặt phẳng tọa độ, điểm biểu diễn số phức $z=\sqrt{5}-9i$ có tọa độ là

A. $(- \sqrt{5};-9)$.
B. $(-9;\sqrt{5})$.
C. $(\sqrt{5};-9)$.
D. $(\sqrt{5};9)$.",C. $(\sqrt{5};-9)$.,Điểm biểu diễn số phức $z=\sqrt{5}-9i$ có tọa độ là $(\sqrt{5};-9)$.,Đạt,
203,Dạng 2 - Biểu diễn hình học,Nhân bản,63,Số vô tỉ,"Trên mặt phẳng tọa độ, điểm biểu diễn số phức $z=3+3 \sqrt{2}i$ có tọa độ là

A. $(-3;3 \sqrt{2})$.
B. $(3 \sqrt{2};3)$.
C. $(3;3 \sqrt{2})$.
D. $(3;- 3 \sqrt{2})$.",C. $(3;3 \sqrt{2})$.,Điểm biểu diễn số phức $z=3+3 \sqrt{2}i$ có tọa độ là $(3;3 \sqrt{2})$.,Đạt,
204,Dạng 2 - Biểu diễn hình học,Nhân bản,63,Số vô tỉ,"Trên mặt phẳng tọa độ, điểm biểu diễn số phức $z=4 \sqrt{5}-3 \sqrt{2}i$ có tọa độ là

A. $(- 4 \sqrt{5};- 3 \sqrt{2})$.
B. $(- 3 \sqrt{2};4 \sqrt{5})$.
C. $(4 \sqrt{5};- 3 \sqrt{2})$.
D. $(4 \sqrt{5};3 \sqrt{2})$.",C. $(4 \sqrt{5};- 3 \sqrt{2})$.,Điểm biểu diễn số phức $z=4 \sqrt{5}-3 \sqrt{2}i$ có tọa độ là $(4 \sqrt{5};- 3 \sqrt{2})$.,Đạt,
205,Dạng 2 - Biểu diễn hình học,Nhân bản,24,Số nguyên,"Trên mặt phẳng tọa độ, biết $(-6;4)$ là điểm biểu diễn số phức $z$. Phần thực của $z$ bằng

A. $4$.
B. $6$.
C. $-4$.
D. $-6$.",D. $-6$.,"Ta có $(-6;4)$ là điểm biểu diễn số phức $z=-6+4i$. Do đó, phần thực của $z$ là $-6$.",Đạt,
206,Dạng 2 - Biểu diễn hình học,Nhân bản,24,Số nguyên,"Trên mặt phẳng tọa độ, biết $(-8;1)$ là điểm biểu diễn số phức $z$. Phần thực của $z$ bằng

A. $1$.
B. $8$.
C. $-1$.
D. $-8$.",D. $-8$.,"Ta có $(-8;1)$ là điểm biểu diễn số phức $z=-8+i$. Do đó, phần thực của $z$ là $-8$.",Đạt,
207,Dạng 2 - Biểu diễn hình học,Nhân bản,24,Số nguyên,"Trên mặt phẳng tọa độ, biết $(7;-9)$ là điểm biểu diễn số phức $z$. Phần thực của $z$ bằng

A. $-9$.
B. $-7$.
C. $9$.
D. $7$.",D. $7$.,"Ta có $(7;-9)$ là điểm biểu diễn số phức $z=7-9i$. Do đó, phần thực của $z$ là $7$.",Đạt,
208,Dạng 2 - Biểu diễn hình học,Nhân bản,24,Số nguyên,"Trên mặt phẳng tọa độ, biết $(-9;-3)$ là điểm biểu diễn số phức $z$. Phần thực của $z$ bằng

A. $-3$.
B. $9$.
C. $3$.
D. $-9$.",D. $-9$.,"Ta có $(-9;-3)$ là điểm biểu diễn số phức $z=-9-3i$. Do đó, phần thực của $z$ là $-9$.",Đạt,
209,Dạng 2 - Biểu diễn hình học,Nhân bản,24,Số hữu tỉ,"Trên mặt phẳng tọa độ, biết $(\dfrac{10}{3};\dfrac{1}{5})$ là điểm biểu diễn số phức $z$. Phần thực của $z$ bằng

A. $\dfrac{1}{5}$.
B. $- \dfrac{10}{3}$.
C. $- \dfrac{1}{5}$.
D. $\dfrac{10}{3}$.",D. $\dfrac{10}{3}$.,"Ta có $(\dfrac{10}{3};\dfrac{1}{5})$ là điểm biểu diễn số phức $z=\dfrac{10}{3}+\dfrac{1}{5}i$. Do đó, phần thực của $z$ là $\dfrac{10}{3}$.",Đạt,
210,Dạng 2 - Biểu diễn hình học,Nhân bản,24,Số hữu tỉ,"Trên mặt phẳng tọa độ, biết $(\dfrac{5}{4};\dfrac{3}{5})$ là điểm biểu diễn số phức $z$. Phần thực của $z$ bằng

A. $\dfrac{3}{5}$.
B. $- \dfrac{5}{4}$.
C. $- \dfrac{3}{5}$.
D. $\dfrac{5}{4}$.",D. $\dfrac{5}{4}$.,"Ta có $(\dfrac{5}{4};\dfrac{3}{5})$ là điểm biểu diễn số phức $z=\dfrac{5}{4}+\dfrac{3}{5}i$. Do đó, phần thực của $z$ là $\dfrac{5}{4}$.",Đạt,
211,Dạng 2 - Biểu diễn hình học,Nhân bản,24,Số hữu tỉ,"Trên mặt phẳng tọa độ, biết $(\dfrac{4}{5};- \dfrac{9}{5})$ là điểm biểu diễn số phức $z$. Phần thực của $z$ bằng

A. $- \dfrac{9}{5}$.
B. $- \dfrac{4}{5}$.
C. $\dfrac{9}{5}$.
D. $\dfrac{4}{5}$.",D. $\dfrac{4}{5}$.,"Ta có $(\dfrac{4}{5};- \dfrac{9}{5})$ là điểm biểu diễn số phức $z=\dfrac{4}{5}-\dfrac{9}{5}i$. Do đó, phần thực của $z$ là $\dfrac{4}{5}$.",Đạt,
212,Dạng 2 - Biểu diễn hình học,Nhân bản,24,Số hữu tỉ,"Trên mặt phẳng tọa độ, biết $(- \dfrac{1}{2};\dfrac{9}{2})$ là điểm biểu diễn số phức $z$. Phần thực của $z$ bằng

A. $\dfrac{9}{2}$.
B. $\dfrac{1}{2}$.
C. $- \dfrac{9}{2}$.
D. $- \dfrac{1}{2}$.",D. $- \dfrac{1}{2}$.,"Ta có $(- \dfrac{1}{2};\dfrac{9}{2})$ là điểm biểu diễn số phức $z=- \dfrac{1}{2}+\dfrac{9}{2}i$. Do đó, phần thực của $z$ là $- \dfrac{1}{2}$.",Đạt,
213,Dạng 2 - Biểu diễn hình học,Nhân bản,24,Số vô tỉ,"Trên mặt phẳng tọa độ, biết $(2 \sqrt{10};2 \sqrt{2})$ là điểm biểu diễn số phức $z$. Phần thực của $z$ bằng

A. $2 \sqrt{2}$.
B. $- 2 \sqrt{10}$.
C. $- 2 \sqrt{2}$.
D. $2 \sqrt{10}$.",D. $2 \sqrt{10}$.,"Ta có $(2 \sqrt{10};2 \sqrt{2})$ là điểm biểu diễn số phức $z=2 \sqrt{10}+2 \sqrt{2}i$. Do đó, phần thực của $z$ là $2 \sqrt{10}$.",Đạt,
214,Dạng 2 - Biểu diễn hình học,Nhân bản,24,Số vô tỉ,"Trên mặt phẳng tọa độ, biết $(\sqrt{7};- 3 \sqrt{3})$ là điểm biểu diễn số phức $z$. Phần thực của $z$ bằng

A. $- 3 \sqrt{3}$.
B. $- \sqrt{7}$.
C. $3 \sqrt{3}$.
D. $\sqrt{7}$.",D. $\sqrt{7}$.,"Ta có $(\sqrt{7};- 3 \sqrt{3})$ là điểm biểu diễn số phức $z=\sqrt{7}-3 \sqrt{3}i$. Do đó, phần thực của $z$ là $\sqrt{7}$.",Đạt,
215,Dạng 2 - Biểu diễn hình học,Nhân bản,24,Số vô tỉ,"Trên mặt phẳng tọa độ, biết $(-7;- 4 \sqrt{7})$ là điểm biểu diễn số phức $z$. Phần thực của $z$ bằng

A. $- 4 \sqrt{7}$.
B. $7$.
C. $4 \sqrt{7}$.
D. $-7$.",D. $-7$.,"Ta có $(-7;- 4 \sqrt{7})$ là điểm biểu diễn số phức $z=-7-4 \sqrt{7}i$. Do đó, phần thực của $z$ là $-7$.",Đạt,
216,Dạng 2 - Biểu diễn hình học,Nhân bản,24,Số vô tỉ,"Trên mặt phẳng tọa độ, biết $(7;- \sqrt{5})$ là điểm biểu diễn số phức $z$. Phần thực của $z$ bằng

A. $- \sqrt{5}$.
B. $-7$.
C. $\sqrt{5}$.
D. $7$.",D. $7$.,"Ta có $(7;- \sqrt{5})$ là điểm biểu diễn số phức $z=7-\sqrt{5}i$. Do đó, phần thực của $z$ là $7$.",Đạt,
217,Dạng 2 - Biểu diễn hình học,Nhân bản,47,Số nguyên,"Trên mặt phẳng tọa độ, biết $(-5;-9)$ là điểm biểu diễn số phức $z$. Phần thực của $z$ bằng

A. $-9$.
B. $5$.
C. $9$.
D. $-5$.",D. $-5$.,"Ta có $(-5;-9)$ là điểm biểu diễn số phức $z=-5-9i$. Do đó, phần thực của $z$ là $-5$.",Đạt,
218,Dạng 2 - Biểu diễn hình học,Nhân bản,47,Số nguyên,"Trên mặt phẳng tọa độ, biết $(5;-7)$ là điểm biểu diễn số phức $z$. Phần thực của $z$ bằng

A. $-7$.
B. $-5$.
C. $7$.
D. $5$.",D. $5$.,"Ta có $(5;-7)$ là điểm biểu diễn số phức $z=5-7i$. Do đó, phần thực của $z$ là $5$.",Đạt,
219,Dạng 2 - Biểu diễn hình học,Nhân bản,47,Số nguyên,"Trên mặt phẳng tọa độ, biết $(7;2)$ là điểm biểu diễn số phức $z$. Phần thực của $z$ bằng

A. $2$.
B. $-7$.
C. $-2$.
D. $7$.",D. $7$.,"Ta có $(7;2)$ là điểm biểu diễn số phức $z=7+2i$. Do đó, phần thực của $z$ là $7$.",Đạt,
220,Dạng 2 - Biểu diễn hình học,Nhân bản,47,Số nguyên,"Trên mặt phẳng tọa độ, biết $(-6;-9)$ là điểm biểu diễn số phức $z$. Phần thực của $z$ bằng

A. $-9$.
B. $6$.
C. $9$.
D. $-6$.",D. $-6$.,"Ta có $(-6;-9)$ là điểm biểu diễn số phức $z=-6-9i$. Do đó, phần thực của $z$ là $-6$.",Đạt,
221,Dạng 2 - Biểu diễn hình học,Nhân bản,47,Số hữu tỉ,"Trên mặt phẳng tọa độ, biết $(- \dfrac{8}{3};- \dfrac{1}{2})$ là điểm biểu diễn số phức $z$. Phần thực của $z$ bằng

A. $- \dfrac{1}{2}$.
B. $\dfrac{8}{3}$.
C. $\dfrac{1}{2}$.
D. $- \dfrac{8}{3}$.",D. $- \dfrac{8}{3}$.,"Ta có $(- \dfrac{8}{3};- \dfrac{1}{2})$ là điểm biểu diễn số phức $z=- \dfrac{8}{3}-\dfrac{1}{2}i$. Do đó, phần thực của $z$ là $- \dfrac{8}{3}$.",Đạt,
222,Dạng 2 - Biểu diễn hình học,Nhân bản,47,Số hữu tỉ,"Trên mặt phẳng tọa độ, biết $(\dfrac{5}{3};\dfrac{7}{2})$ là điểm biểu diễn số phức $z$. Phần thực của $z$ bằng

A. $\dfrac{7}{2}$.
B. $- \dfrac{5}{3}$.
C. $- \dfrac{7}{2}$.
D. $\dfrac{5}{3}$.",D. $\dfrac{5}{3}$.,"Ta có $(\dfrac{5}{3};\dfrac{7}{2})$ là điểm biểu diễn số phức $z=\dfrac{5}{3}+\dfrac{7}{2}i$. Do đó, phần thực của $z$ là $\dfrac{5}{3}$.",Đạt,
223,Dạng 2 - Biểu diễn hình học,Nhân bản,47,Số hữu tỉ,"Trên mặt phẳng tọa độ, biết $(\dfrac{4}{3};\dfrac{7}{5})$ là điểm biểu diễn số phức $z$. Phần thực của $z$ bằng

A. $\dfrac{7}{5}$.
B. $- \dfrac{4}{3}$.
C. $- \dfrac{7}{5}$.
D. $\dfrac{4}{3}$.",D. $\dfrac{4}{3}$.,"Ta có $(\dfrac{4}{3};\dfrac{7}{5})$ là điểm biểu diễn số phức $z=\dfrac{4}{3}+\dfrac{7}{5}i$. Do đó, phần thực của $z$ là $\dfrac{4}{3}$.",Đạt,
224,Dạng 2 - Biểu diễn hình học,Nhân bản,47,Số hữu tỉ,"Trên mặt phẳng tọa độ, biết $(- \dfrac{11}{3};\dfrac{11}{4})$ là điểm biểu diễn số phức $z$. Phần thực của $z$ bằng

A. $\dfrac{11}{4}$.
B. $\dfrac{11}{3}$.
C. $- \dfrac{11}{4}$.
D. $- \dfrac{11}{3}$.",D. $- \dfrac{11}{3}$.,"Ta có $(- \dfrac{11}{3};\dfrac{11}{4})$ là điểm biểu diễn số phức $z=- \dfrac{11}{3}+\dfrac{11}{4}i$. Do đó, phần thực của $z$ là $- \dfrac{11}{3}$.",Đạt,
225,Dạng 2 - Biểu diễn hình học,Nhân bản,47,Số vô tỉ,"Trên mặt phẳng tọa độ, biết $(3;- 2 \sqrt{2})$ là điểm biểu diễn số phức $z$. Phần thực của $z$ bằng

A. $- 2 \sqrt{2}$.
B. $-3$.
C. $2 \sqrt{2}$.
D. $3$.",D. $3$.,"Ta có $(3;- 2 \sqrt{2})$ là điểm biểu diễn số phức $z=3-2 \sqrt{2}i$. Do đó, phần thực của $z$ là $3$.",Đạt,
226,Dạng 2 - Biểu diễn hình học,Nhân bản,47,Số vô tỉ,"Trên mặt phẳng tọa độ, biết $(- 3 \sqrt{5};4 \sqrt{7})$ là điểm biểu diễn số phức $z$. Phần thực của $z$ bằng

A. $4 \sqrt{7}$.
B. $3 \sqrt{5}$.
C. $- 4 \sqrt{7}$.
D. $- 3 \sqrt{5}$.",D. $- 3 \sqrt{5}$.,"Ta có $(- 3 \sqrt{5};4 \sqrt{7})$ là điểm biểu diễn số phức $z=- 3 \sqrt{5}+4 \sqrt{7}i$. Do đó, phần thực của $z$ là $- 3 \sqrt{5}$.",Đạt,
227,Dạng 2 - Biểu diễn hình học,Nhân bản,47,Số vô tỉ,"Trên mặt phẳng tọa độ, biết $(5;- \sqrt{2})$ là điểm biểu diễn số phức $z$. Phần thực của $z$ bằng

A. $- \sqrt{2}$.
B. $-5$.
C. $\sqrt{2}$.
D. $5$.",D. $5$.,"Ta có $(5;- \sqrt{2})$ là điểm biểu diễn số phức $z=5-\sqrt{2}i$. Do đó, phần thực của $z$ là $5$.",Đạt,
228,Dạng 2 - Biểu diễn hình học,Nhân bản,47,Số vô tỉ,"Trên mặt phẳng tọa độ, biết $(2;\sqrt{6})$ là điểm biểu diễn số phức $z$. Phần thực của $z$ bằng

A. $\sqrt{6}$.
B. $-2$.
C. $- \sqrt{6}$.
D. $2$.",D. $2$.,"Ta có $(2;\sqrt{6})$ là điểm biểu diễn số phức $z=2+\sqrt{6}i$. Do đó, phần thực của $z$ là $2$.",Đạt,
229,Dạng 2 - Biểu diễn hình học,Nhân bản,51,Số nguyên,"Trong mặt phẳng tọa độ $Oxy$, điểm $(8;-8)$ là điểm biểu diễn của số phức nào sau đây?

A. $z_1=8+8i$.
B. $z_2=-8-8i$.
C. $z_3=-8+8i$.
D. $z_4=8-8i$.",D. $z_4=8-8i$.,Điểm $(8;-8)$ biểu diễn cho số phức $z_4=8-8i$.,Đạt,
230,Dạng 2 - Biểu diễn hình học,Nhân bản,51,Số nguyên,"Trong mặt phẳng tọa độ $Oxy$, điểm $(8;-6)$ là điểm biểu diễn của số phức nào sau đây?

A. $z_1=8+6i$.
B. $z_2=-8-6i$.
C. $z_3=-8+6i$.
D. $z_4=8-6i$.",D. $z_4=8-6i$.,Điểm $(8;-6)$ biểu diễn cho số phức $z_4=8-6i$.,Đạt,
231,Dạng 2 - Biểu diễn hình học,Nhân bản,51,Số nguyên,"Trong mặt phẳng tọa độ $Oxy$, điểm $(6;-9)$ là điểm biểu diễn của số phức nào sau đây?

A. $z_1=6+9i$.
B. $z_2=-6-9i$.
C. $z_3=-6+9i$.
D. $z_4=6-9i$.",D. $z_4=6-9i$.,Điểm $(6;-9)$ biểu diễn cho số phức $z_4=6-9i$.,Đạt,
232,Dạng 2 - Biểu diễn hình học,Nhân bản,51,Số nguyên,"Trong mặt phẳng tọa độ $Oxy$, điểm $(-4;2)$ là điểm biểu diễn của số phức nào sau đây?

A. $z_1=-4-2i$.
B. $z_2=4+2i$.
C. $z_3=4-2i$.
D. $z_4=-4+2i$.",D. $z_4=-4+2i$.,Điểm $(-4;2)$ biểu diễn cho số phức $z_4=-4+2i$.,Đạt,
233,Dạng 2 - Biểu diễn hình học,Nhân bản,51,Số hữu tỉ,"Trong mặt phẳng tọa độ $Oxy$, điểm $(\dfrac{1}{3};\dfrac{9}{2})$ là điểm biểu diễn của số phức nào sau đây?

A. $z_1=\dfrac{1}{3}-\dfrac{9}{2}i$.
B. $z_2=- \dfrac{1}{3}+\dfrac{9}{2}i$.
C. $z_3=- \dfrac{1}{3}-\dfrac{9}{2}i$.
D. $z_4=\dfrac{1}{3}+\dfrac{9}{2}i$.",D. $z_4=\dfrac{1}{3}+\dfrac{9}{2}i$.,Điểm $(\dfrac{1}{3};\dfrac{9}{2})$ biểu diễn cho số phức $z_4=\dfrac{1}{3}+\dfrac{9}{2}i$.,Đạt,
234,Dạng 2 - Biểu diễn hình học,Nhân bản,51,Số hữu tỉ,"Trong mặt phẳng tọa độ $Oxy$, điểm $(\dfrac{6}{5};- \dfrac{8}{3})$ là điểm biểu diễn của số phức nào sau đây?

A. $z_1=\dfrac{6}{5}+\dfrac{8}{3}i$.
B. $z_2=- \dfrac{6}{5}-\dfrac{8}{3}i$.
C. $z_3=- \dfrac{6}{5}+\dfrac{8}{3}i$.
D. $z_4=\dfrac{6}{5}-\dfrac{8}{3}i$.",D. $z_4=\dfrac{6}{5}-\dfrac{8}{3}i$.,Điểm $(\dfrac{6}{5};- \dfrac{8}{3})$ biểu diễn cho số phức $z_4=\dfrac{6}{5}-\dfrac{8}{3}i$.,Đạt,
235,Dạng 2 - Biểu diễn hình học,Nhân bản,51,Số hữu tỉ,"Trong mặt phẳng tọa độ $Oxy$, điểm $(\dfrac{5}{2};\dfrac{2}{3})$ là điểm biểu diễn của số phức nào sau đây?

A. $z_1=\dfrac{5}{2}-\dfrac{2}{3}i$.
B. $z_2=- \dfrac{5}{2}+\dfrac{2}{3}i$.
C. $z_3=- \dfrac{5}{2}-\dfrac{2}{3}i$.
D. $z_4=\dfrac{5}{2}+\dfrac{2}{3}i$.",D. $z_4=\dfrac{5}{2}+\dfrac{2}{3}i$.,Điểm $(\dfrac{5}{2};\dfrac{2}{3})$ biểu diễn cho số phức $z_4=\dfrac{5}{2}+\dfrac{2}{3}i$.,Đạt,
236,Dạng 2 - Biểu diễn hình học,Nhân bản,51,Số hữu tỉ,"Trong mặt phẳng tọa độ $Oxy$, điểm $(\dfrac{2}{3};- \dfrac{7}{2})$ là điểm biểu diễn của số phức nào sau đây?

A. $z_1=\dfrac{2}{3}+\dfrac{7}{2}i$.
B. $z_2=- \dfrac{2}{3}-\dfrac{7}{2}i$.
C. $z_3=- \dfrac{2}{3}+\dfrac{7}{2}i$.
D. $z_4=\dfrac{2}{3}-\dfrac{7}{2}i$.",D. $z_4=\dfrac{2}{3}-\dfrac{7}{2}i$.,Điểm $(\dfrac{2}{3};- \dfrac{7}{2})$ biểu diễn cho số phức $z_4=\dfrac{2}{3}-\dfrac{7}{2}i$.,Đạt,
237,Dạng 2 - Biểu diễn hình học,Nhân bản,51,Số vô tỉ,"Trong mặt phẳng tọa độ $Oxy$, điểm $(1;\sqrt{2})$ là điểm biểu diễn của số phức nào sau đây?

A. $z_1=1-\sqrt{2}i$.
B. $z_2=-1+\sqrt{2}i$.
C. $z_3=-1-\sqrt{2}i$.
D. $z_4=1+\sqrt{2}i$.",D. $z_4=1+\sqrt{2}i$.,Điểm $(1;\sqrt{2})$ biểu diễn cho số phức $z_4=1+\sqrt{2}i$.,Đạt,
238,Dạng 2 - Biểu diễn hình học,Nhân bản,51,Số vô tỉ,"Trong mặt phẳng tọa độ $Oxy$, điểm $(-6;\sqrt{10})$ là điểm biểu diễn của số phức nào sau đây?

A. $z_1=-6-\sqrt{10}i$.
B. $z_2=6+\sqrt{10}i$.
C. $z_3=6-\sqrt{10}i$.
D. $z_4=-6+\sqrt{10}i$.",D. $z_4=-6+\sqrt{10}i$.,Điểm $(-6;\sqrt{10})$ biểu diễn cho số phức $z_4=-6+\sqrt{10}i$.,Đạt,
239,Dạng 2 - Biểu diễn hình học,Nhân bản,51,Số vô tỉ,"Trong mặt phẳng tọa độ $Oxy$, điểm $(- 2 \sqrt{5};- \sqrt{3})$ là điểm biểu diễn của số phức nào sau đây?

A. $z_1=- 2 \sqrt{5}+\sqrt{3}i$.
B. $z_2=2 \sqrt{5}-\sqrt{3}i$.
C. $z_3=2 \sqrt{5}+\sqrt{3}i$.
D. $z_4=- 2 \sqrt{5}-\sqrt{3}i$.",D. $z_4=- 2 \sqrt{5}-\sqrt{3}i$.,Điểm $(- 2 \sqrt{5};- \sqrt{3})$ biểu diễn cho số phức $z_4=- 2 \sqrt{5}-\sqrt{3}i$.,Đạt,
240,Dạng 2 - Biểu diễn hình học,Nhân bản,51,Số vô tỉ,"Trong mặt phẳng tọa độ $Oxy$, điểm $(2 \sqrt{2};4 \sqrt{2})$ là điểm biểu diễn của số phức nào sau đây?

A. $z_1=2 \sqrt{2}-4 \sqrt{2}i$.
B. $z_2=- 2 \sqrt{2}+4 \sqrt{2}i$.
C. $z_3=- 2 \sqrt{2}-4 \sqrt{2}i$.
D. $z_4=2 \sqrt{2}+4 \sqrt{2}i$.",D. $z_4=2 \sqrt{2}+4 \sqrt{2}i$.,Điểm $(2 \sqrt{2};4 \sqrt{2})$ biểu diễn cho số phức $z_4=2 \sqrt{2}+4 \sqrt{2}i$.,Đạt,
241,Dạng 2 - Biểu diễn hình học,Nhân bản,17,Số nguyên,"Trên mặt phẳng tọa độ, điểm biểu diễn số phức $z = (8+7i)^2$ là điểm nào dưới đây?

A. $P(112;15)$.
B. $Q(15;112)$.
C. $N(15;-112)$.
D. $M(-15;112)$.",B. $Q(15;112)$.,"Ta có: $z = (8+7i)^2 = 15+112i$.
Vậy, điểm biểu diễn số phức $z$ là $Q(15;112)$.",Đạt,
242,Dạng 2 - Biểu diễn hình học,Nhân bản,17,Số nguyên,"Trên mặt phẳng tọa độ, điểm biểu diễn số phức $z = (7-3i)^2$ là điểm nào dưới đây?

A. $P(-42;40)$.
B. $Q(40;-42)$.
C. $N(40;42)$.
D. $M(-40;-42)$.",B. $Q(40;-42)$.,"Ta có: $z = (7-3i)^2 = 40-42i$.
Vậy, điểm biểu diễn số phức $z$ là $Q(40;-42)$.",Đạt,
243,Dạng 2 - Biểu diễn hình học,Nhân bản,17,Số nguyên,"Trên mặt phẳng tọa độ, điểm biểu diễn số phức $z = (-2-3i)^2$ là điểm nào dưới đây?

A. $P(12;-5)$.
B. $Q(-5;12)$.
C. $N(-5;-12)$.
D. $M(5;12)$.",B. $Q(-5;12)$.,"Ta có: $z = (-2-3i)^2 = -5+12i$.
Vậy, điểm biểu diễn số phức $z$ là $Q(-5;12)$.",Đạt,
244,Dạng 2 - Biểu diễn hình học,Nhân bản,17,Số nguyên,"Trên mặt phẳng tọa độ, điểm biểu diễn số phức $z = (4+3i)^2$ là điểm nào dưới đây?

A. $P(24;7)$.
B. $Q(7;24)$.
C. $N(7;-24)$.
D. $M(-7;24)$.",B. $Q(7;24)$.,"Ta có: $z = (4+3i)^2 = 7+24i$.
Vậy, điểm biểu diễn số phức $z$ là $Q(7;24)$.",Đạt,
245,Dạng 2 - Biểu diễn hình học,Nhân bản,17,Số hữu tỉ,"Trên mặt phẳng tọa độ, điểm biểu diễn số phức $z = (- \dfrac{9}{5}-\dfrac{1}{2}i)^2$ là điểm nào dưới đây?

A. $P(\dfrac{9}{5};\dfrac{299}{100})$.
B. $Q(\dfrac{299}{100};\dfrac{9}{5})$.
C. $N(\dfrac{299}{100};- \dfrac{9}{5})$.
D. $M(- \dfrac{299}{100};\dfrac{9}{5})$.",B. $Q(\dfrac{299}{100};\dfrac{9}{5})$.,"Ta có: $z = (- \dfrac{9}{5}-\dfrac{1}{2}i)^2 = \dfrac{299}{100}+\dfrac{9}{5}i$.
Vậy, điểm biểu diễn số phức $z$ là $Q(\dfrac{299}{100};\dfrac{9}{5})$.",Đạt,
246,Dạng 2 - Biểu diễn hình học,Nhân bản,17,Số hữu tỉ,"Trên mặt phẳng tọa độ, điểm biểu diễn số phức $z = (\dfrac{11}{2}+\dfrac{1}{3}i)^2$ là điểm nào dưới đây?

A. $P(\dfrac{11}{3};\dfrac{1085}{36})$.
B. $Q(\dfrac{1085}{36};\dfrac{11}{3})$.
C. $N(\dfrac{1085}{36};- \dfrac{11}{3})$.
D. $M(- \dfrac{1085}{36};\dfrac{11}{3})$.",B. $Q(\dfrac{1085}{36};\dfrac{11}{3})$.,"Ta có: $z = (\dfrac{11}{2}+\dfrac{1}{3}i)^2 = \dfrac{1085}{36}+\dfrac{11}{3}i$.
Vậy, điểm biểu diễn số phức $z$ là $Q(\dfrac{1085}{36};\dfrac{11}{3})$.",Đạt,
247,Dạng 2 - Biểu diễn hình học,Nhân bản,17,Số hữu tỉ,"Trên mặt phẳng tọa độ, điểm biểu diễn số phức $z = (- \dfrac{11}{2}+\dfrac{1}{2}i)^2$ là điểm nào dưới đây?

A. $P(- \dfrac{11}{2};30)$.
B. $Q(30;- \dfrac{11}{2})$.
C. $N(30;\dfrac{11}{2})$.
D. $M(-30;- \dfrac{11}{2})$.",B. $Q(30;- \dfrac{11}{2})$.,"Ta có: $z = (- \dfrac{11}{2}+\dfrac{1}{2}i)^2 = 30-\dfrac{11}{2}i$.
Vậy, điểm biểu diễn số phức $z$ là $Q(30;- \dfrac{11}{2})$.",Đạt,
248,Dạng 2 - Biểu diễn hình học,Nhân bản,17,Số hữu tỉ,"Trên mặt phẳng tọa độ, điểm biểu diễn số phức $z = (- \dfrac{11}{5}-\dfrac{1}{5}i)^2$ là điểm nào dưới đây?

A. $P(\dfrac{22}{25};\dfrac{24}{5})$.
B. $Q(\dfrac{24}{5};\dfrac{22}{25})$.
C. $N(\dfrac{24}{5};- \dfrac{22}{25})$.
D. $M(- \dfrac{24}{5};\dfrac{22}{25})$.",B. $Q(\dfrac{24}{5};\dfrac{22}{25})$.,"Ta có: $z = (- \dfrac{11}{5}-\dfrac{1}{5}i)^2 = \dfrac{24}{5}+\dfrac{22}{25}i$.
Vậy, điểm biểu diễn số phức $z$ là $Q(\dfrac{24}{5};\dfrac{22}{25})$.",Đạt,
249,Dạng 2 - Biểu diễn hình học,Nhân bản,17,Số vô tỉ,"Trên mặt phẳng tọa độ, điểm biểu diễn số phức $z = (3 \sqrt{6}-5i)^2$ là điểm nào dưới đây?

A. $P(- 30 \sqrt{6};29)$.
B. $Q(29;- 30 \sqrt{6})$.
C. $N(29;30 \sqrt{6})$.
D. $M(-29;- 30 \sqrt{6})$.",B. $Q(29;- 30 \sqrt{6})$.,"Ta có: $z = (3 \sqrt{6}-5i)^2 = 29-30 \sqrt{6}i$.
Vậy, điểm biểu diễn số phức $z$ là $Q(29;- 30 \sqrt{6})$.",Đạt,
250,Dạng 2 - Biểu diễn hình học,Nhân bản,17,Số vô tỉ,"Trên mặt phẳng tọa độ, điểm biểu diễn số phức $z = (3 \sqrt{3}+4 \sqrt{11}i)^2$ là điểm nào dưới đây?

A. $P(24 \sqrt{33};-149)$.
B. $Q(-149;24 \sqrt{33})$.
C. $N(-149;- 24 \sqrt{33})$.
D. $M(149;24 \sqrt{33})$.",B. $Q(-149;24 \sqrt{33})$.,"Ta có: $z = (3 \sqrt{3}+4 \sqrt{11}i)^2 = -149+24 \sqrt{33}i$.
Vậy, điểm biểu diễn số phức $z$ là $Q(-149;24 \sqrt{33})$.",Đạt,
251,Dạng 2 - Biểu diễn hình học,Nhân bản,17,Số vô tỉ,"Trên mặt phẳng tọa độ, điểm biểu diễn số phức $z = (4 \sqrt{5}+5i)^2$ là điểm nào dưới đây?

A. $P(40 \sqrt{5};55)$.
B. $Q(55;40 \sqrt{5})$.
C. $N(55;- 40 \sqrt{5})$.
D. $M(-55;40 \sqrt{5})$.",B. $Q(55;40 \sqrt{5})$.,"Ta có: $z = (4 \sqrt{5}+5i)^2 = 55+40 \sqrt{5}i$.
Vậy, điểm biểu diễn số phức $z$ là $Q(55;40 \sqrt{5})$.",Đạt,
252,Dạng 2 - Biểu diễn hình học,Nhân bản,17,Số vô tỉ,"Trên mặt phẳng tọa độ, điểm biểu diễn số phức $z = (3 \sqrt{3}-3 \sqrt{11}i)^2$ là điểm nào dưới đây?

A. $P(- 18 \sqrt{33};-72)$.
B. $Q(-72;- 18 \sqrt{33})$.
C. $N(-72;18 \sqrt{33})$.
D. $M(72;- 18 \sqrt{33})$.",B. $Q(-72;- 18 \sqrt{33})$.,"Ta có: $z = (3 \sqrt{3}-3 \sqrt{11}i)^2 = -72-18 \sqrt{33}i$.
Vậy, điểm biểu diễn số phức $z$ là $Q(-72;- 18 \sqrt{33})$.",Đạt,
253,Dạng 2 - Biểu diễn hình học,Nhân bản,37,Số nguyên,"Cho số phức $z=6-i$. Điểm nào dưới đây là điểm biểu diễn của số phức $w=iz$ trên mặt phẳng tọa độ?

A. $Q(6;1)$.
B. $N(1;6)$.
C. $M(6;-1)$.
D. $P(-6;1)$.",B. $N(1;6)$.,$w=iz=1+6i$. Điểm biểu diễn số phức $w$ là $N(1;6)$.,Đạt,
254,Dạng 2 - Biểu diễn hình học,Nhân bản,37,Số nguyên,"Cho số phức $z=7-3i$. Điểm nào dưới đây là điểm biểu diễn của số phức $w=iz$ trên mặt phẳng tọa độ?

A. $Q(7;3)$.
B. $N(3;7)$.
C. $M(7;-3)$.
D. $P(-7;3)$.",B. $N(3;7)$.,$w=iz=3+7i$. Điểm biểu diễn số phức $w$ là $N(3;7)$.,Đạt,
255,Dạng 2 - Biểu diễn hình học,Nhân bản,37,Số nguyên,"Cho số phức $z=-5+8i$. Điểm nào dưới đây là điểm biểu diễn của số phức $w=iz$ trên mặt phẳng tọa độ?

A. $Q(-5;-8)$.
B. $N(-8;-5)$.
C. $M(-5;8)$.
D. $P(5;-8)$.",B. $N(-8;-5)$.,$w=iz=-8-5i$. Điểm biểu diễn số phức $w$ là $N(-8;-5)$.,Đạt,
256,Dạng 2 - Biểu diễn hình học,Nhân bản,37,Số nguyên,"Cho số phức $z=7+7i$. Điểm nào dưới đây là điểm biểu diễn của số phức $w=iz$ trên mặt phẳng tọa độ?

A. $Q(7;-7)$.
B. $N(-7;7)$.
C. $M(7;7)$.
D. $P(-7;-7)$.",B. $N(-7;7)$.,$w=iz=-7+7i$. Điểm biểu diễn số phức $w$ là $N(-7;7)$.,Đạt,
257,Dạng 2 - Biểu diễn hình học,Nhân bản,37,Số hữu tỉ,"Cho số phức $z=\dfrac{9}{2}-\dfrac{7}{2}i$. Điểm nào dưới đây là điểm biểu diễn của số phức $w=iz$ trên mặt phẳng tọa độ?

A. $Q(\dfrac{9}{2};\dfrac{7}{2})$.
B. $N(\dfrac{7}{2};\dfrac{9}{2})$.
C. $M(\dfrac{9}{2};- \dfrac{7}{2})$.
D. $P(- \dfrac{9}{2};\dfrac{7}{2})$.",B. $N(\dfrac{7}{2};\dfrac{9}{2})$.,$w=iz=\dfrac{7}{2}+\dfrac{9}{2}i$. Điểm biểu diễn số phức $w$ là $N(\dfrac{7}{2};\dfrac{9}{2})$.,Đạt,
258,Dạng 2 - Biểu diễn hình học,Nhân bản,37,Số hữu tỉ,"Cho số phức $z=- \dfrac{3}{4}-\dfrac{1}{3}i$. Điểm nào dưới đây là điểm biểu diễn của số phức $w=iz$ trên mặt phẳng tọa độ?

A. $Q(- \dfrac{3}{4};\dfrac{1}{3})$.
B. $N(\dfrac{1}{3};- \dfrac{3}{4})$.
C. $M(- \dfrac{3}{4};- \dfrac{1}{3})$.
D. $P(\dfrac{3}{4};\dfrac{1}{3})$.",B. $N(\dfrac{1}{3};- \dfrac{3}{4})$.,$w=iz=\dfrac{1}{3}-\dfrac{3}{4}i$. Điểm biểu diễn số phức $w$ là $N(\dfrac{1}{3};- \dfrac{3}{4})$.,Đạt,
259,Dạng 2 - Biểu diễn hình học,Nhân bản,37,Số hữu tỉ,"Cho số phức $z=- \dfrac{7}{5}+\dfrac{5}{4}i$. Điểm nào dưới đây là điểm biểu diễn của số phức $w=iz$ trên mặt phẳng tọa độ?

A. $Q(- \dfrac{7}{5};- \dfrac{5}{4})$.
B. $N(- \dfrac{5}{4};- \dfrac{7}{5})$.
C. $M(- \dfrac{7}{5};\dfrac{5}{4})$.
D. $P(\dfrac{7}{5};- \dfrac{5}{4})$.",B. $N(- \dfrac{5}{4};- \dfrac{7}{5})$.,$w=iz=- \dfrac{5}{4}-\dfrac{7}{5}i$. Điểm biểu diễn số phức $w$ là $N(- \dfrac{5}{4};- \dfrac{7}{5})$.,Đạt,
260,Dạng 2 - Biểu diễn hình học,Nhân bản,37,Số hữu tỉ,"Cho số phức $z=- \dfrac{5}{4}+\dfrac{8}{5}i$. Điểm nào dưới đây là điểm biểu diễn của số phức $w=iz$ trên mặt phẳng tọa độ?

A. $Q(- \dfrac{5}{4};- \dfrac{8}{5})$.
B. $N(- \dfrac{8}{5};- \dfrac{5}{4})$.
C. $M(- \dfrac{5}{4};\dfrac{8}{5})$.
D. $P(\dfrac{5}{4};- \dfrac{8}{5})$.",B. $N(- \dfrac{8}{5};- \dfrac{5}{4})$.,$w=iz=- \dfrac{8}{5}-\dfrac{5}{4}i$. Điểm biểu diễn số phức $w$ là $N(- \dfrac{8}{5};- \dfrac{5}{4})$.,Đạt,
261,Dạng 2 - Biểu diễn hình học,Nhân bản,37,Số vô tỉ,"Cho số phức $z=-5+\sqrt{6}i$. Điểm nào dưới đây là điểm biểu diễn của số phức $w=iz$ trên mặt phẳng tọa độ?

A. $Q(-5;- \sqrt{6})$.
B. $N(- \sqrt{6};-5)$.
C. $M(-5;\sqrt{6})$.
D. $P(5;- \sqrt{6})$.",B. $N(- \sqrt{6};-5)$.,$w=iz=- \sqrt{6}-5i$. Điểm biểu diễn số phức $w$ là $N(- \sqrt{6};-5)$.,Đạt,
262,Dạng 2 - Biểu diễn hình học,Nhân bản,37,Số vô tỉ,"Cho số phức $z=- \sqrt{7}-8i$. Điểm nào dưới đây là điểm biểu diễn của số phức $w=iz$ trên mặt phẳng tọa độ?

A. $Q(- \sqrt{7};8)$.
B. $N(8;- \sqrt{7})$.
C. $M(- \sqrt{7};-8)$.
D. $P(\sqrt{7};8)$.",B. $N(8;- \sqrt{7})$.,$w=iz=8-\sqrt{7}i$. Điểm biểu diễn số phức $w$ là $N(8;- \sqrt{7})$.,Đạt,
263,Dạng 2 - Biểu diễn hình học,Nhân bản,37,Số vô tỉ,"Cho số phức $z=7-4 \sqrt{5}i$. Điểm nào dưới đây là điểm biểu diễn của số phức $w=iz$ trên mặt phẳng tọa độ?

A. $Q(7;4 \sqrt{5})$.
B. $N(4 \sqrt{5};7)$.
C. $M(7;- 4 \sqrt{5})$.
D. $P(-7;4 \sqrt{5})$.",B. $N(4 \sqrt{5};7)$.,$w=iz=4 \sqrt{5}+7i$. Điểm biểu diễn số phức $w$ là $N(4 \sqrt{5};7)$.,Đạt,
264,Dạng 2 - Biểu diễn hình học,Nhân bản,37,Số vô tỉ,"Cho số phức $z=-8-4 \sqrt{10}i$. Điểm nào dưới đây là điểm biểu diễn của số phức $w=iz$ trên mặt phẳng tọa độ?

A. $Q(-8;4 \sqrt{10})$.
B. $N(4 \sqrt{10};-8)$.
C. $M(-8;- 4 \sqrt{10})$.
D. $P(8;4 \sqrt{10})$.",B. $N(4 \sqrt{10};-8)$.,$w=iz=4 \sqrt{10}-8i$. Điểm biểu diễn số phức $w$ là $N(4 \sqrt{10};-8)$.,Đạt,
265,Dạng 2 - Biểu diễn hình học,Nhân bản,44,Số nguyên,"Cho hai số phức $z_1=-3-2i$ và $z_2=-2+3i$. Trên mặt phẳng tọa độ $Oxy$, điểm biểu diễn số phức $2z_1+z_2$ có tọa độ là

A. $(-1;-8)$.
B. $(-8;1)$.
C. $(-8;-1)$.
D. $(8;-1)$.",C. $(-8;-1)$.,"Ta có $2z_1+z_2 = -6-4i-2+3i=-8-i$.
Vậy điểm biểu diễn số phức $2z_1+z_2$ có tọa độ là $(-8;-1)$.",Đạt,
266,Dạng 2 - Biểu diễn hình học,Nhân bản,44,Số nguyên,"Cho hai số phức $z_1=-5+5i$ và $z_2=2-8i$. Trên mặt phẳng tọa độ $Oxy$, điểm biểu diễn số phức $2z_1+z_2$ có tọa độ là

A. $(2;-8)$.
B. $(-8;-2)$.
C. $(-8;2)$.
D. $(8;2)$.",C. $(-8;2)$.,"Ta có $2z_1+z_2 = -10+10i+2-8i=-8+2i$.
Vậy điểm biểu diễn số phức $2z_1+z_2$ có tọa độ là $(-8;2)$.",Đạt,
267,Dạng 2 - Biểu diễn hình học,Nhân bản,44,Số nguyên,"Cho hai số phức $z_1=-5+7i$ và $z_2=9-9i$. Trên mặt phẳng tọa độ $Oxy$, điểm biểu diễn số phức $2z_1+z_2$ có tọa độ là

A. $(5;-1)$.
B. $(-1;-5)$.
C. $(-1;5)$.
D. $(1;5)$.",C. $(-1;5)$.,"Ta có $2z_1+z_2 = -10+14i+9-9i=-1+5i$.
Vậy điểm biểu diễn số phức $2z_1+z_2$ có tọa độ là $(-1;5)$.",Đạt,
268,Dạng 2 - Biểu diễn hình học,Nhân bản,44,Số nguyên,"Cho hai số phức $z_1=1-9i$ và $z_2=1-3i$. Trên mặt phẳng tọa độ $Oxy$, điểm biểu diễn số phức $2z_1+z_2$ có tọa độ là

A. $(-21;3)$.
B. $(3;21)$.
C. $(3;-21)$.
D. $(-3;-21)$.",C. $(3;-21)$.,"Ta có $2z_1+z_2 = 2-18i+1-3i=3-21i$.
Vậy điểm biểu diễn số phức $2z_1+z_2$ có tọa độ là $(3;-21)$.",Đạt,
269,Dạng 2 - Biểu diễn hình học,Nhân bản,44,Số hữu tỉ,"Cho hai số phức $z_1=- \dfrac{5}{2}+\dfrac{3}{2}i$ và $z_2=\dfrac{5}{4}-\dfrac{1}{2}i$. Trên mặt phẳng tọa độ $Oxy$, điểm biểu diễn số phức $2z_1+z_2$ có tọa độ là

A. $(\dfrac{5}{2};- \dfrac{15}{4})$.
B. $(- \dfrac{15}{4};- \dfrac{5}{2})$.
C. $(- \dfrac{15}{4};\dfrac{5}{2})$.
D. $(\dfrac{15}{4};\dfrac{5}{2})$.",C. $(- \dfrac{15}{4};\dfrac{5}{2})$.,"Ta có $2z_1+z_2 = -5+3i+\dfrac{5}{4}-\dfrac{1}{2}i=- \dfrac{15}{4}+\dfrac{5}{2}i$.
Vậy điểm biểu diễn số phức $2z_1+z_2$ có tọa độ là $(- \dfrac{15}{4};\dfrac{5}{2})$.",Đạt,
270,Dạng 2 - Biểu diễn hình học,Nhân bản,44,Số hữu tỉ,"Cho hai số phức $z_1=- \dfrac{5}{2}+\dfrac{9}{5}i$ và $z_2=\dfrac{2}{3}-\dfrac{6}{5}i$. Trên mặt phẳng tọa độ $Oxy$, điểm biểu diễn số phức $2z_1+z_2$ có tọa độ là

A. $(\dfrac{12}{5};- \dfrac{13}{3})$.
B. $(- \dfrac{13}{3};- \dfrac{12}{5})$.
C. $(- \dfrac{13}{3};\dfrac{12}{5})$.
D. $(\dfrac{13}{3};\dfrac{12}{5})$.",C. $(- \dfrac{13}{3};\dfrac{12}{5})$.,"Ta có $2z_1+z_2 = -5+\dfrac{18}{5}i+\dfrac{2}{3}-\dfrac{6}{5}i=- \dfrac{13}{3}+\dfrac{12}{5}i$.
Vậy điểm biểu diễn số phức $2z_1+z_2$ có tọa độ là $(- \dfrac{13}{3};\dfrac{12}{5})$.",Đạt,
271,Dạng 2 - Biểu diễn hình học,Nhân bản,44,Số hữu tỉ,"Cho hai số phức $z_1=\dfrac{9}{2}+\dfrac{7}{4}i$ và $z_2=\dfrac{3}{4}+\dfrac{8}{3}i$. Trên mặt phẳng tọa độ $Oxy$, điểm biểu diễn số phức $2z_1+z_2$ có tọa độ là

A. $(\dfrac{37}{6};\dfrac{39}{4})$.
B. $(\dfrac{39}{4};- \dfrac{37}{6})$.
C. $(\dfrac{39}{4};\dfrac{37}{6})$.
D. $(- \dfrac{39}{4};\dfrac{37}{6})$.",C. $(\dfrac{39}{4};\dfrac{37}{6})$.,"Ta có $2z_1+z_2 = 9+\dfrac{7}{2}i+\dfrac{3}{4}+\dfrac{8}{3}i=\dfrac{39}{4}+\dfrac{37}{6}i$.
Vậy điểm biểu diễn số phức $2z_1+z_2$ có tọa độ là $(\dfrac{39}{4};\dfrac{37}{6})$.",Đạt,
272,Dạng 2 - Biểu diễn hình học,Nhân bản,44,Số hữu tỉ,"Cho hai số phức $z_1=\dfrac{8}{5}+\dfrac{7}{5}i$ và $z_2=\dfrac{11}{4}-\dfrac{7}{3}i$. Trên mặt phẳng tọa độ $Oxy$, điểm biểu diễn số phức $2z_1+z_2$ có tọa độ là

A. $(\dfrac{7}{15};\dfrac{119}{20})$.
B. $(\dfrac{119}{20};- \dfrac{7}{15})$.
C. $(\dfrac{119}{20};\dfrac{7}{15})$.
D. $(- \dfrac{119}{20};\dfrac{7}{15})$.",C. $(\dfrac{119}{20};\dfrac{7}{15})$.,"Ta có $2z_1+z_2 = \dfrac{16}{5}+\dfrac{14}{5}i+\dfrac{11}{4}-\dfrac{7}{3}i=\dfrac{119}{20}+\dfrac{7}{15}i$.
Vậy điểm biểu diễn số phức $2z_1+z_2$ có tọa độ là $(\dfrac{119}{20};\dfrac{7}{15})$.",Đạt,
273,Dạng 2 - Biểu diễn hình học,Nhân bản,44,Số vô tỉ,"Cho hai số phức $z_1=3 \sqrt{2}+4 \sqrt{10}i$ và $z_2=- 3 \sqrt{11}+2 \sqrt{5}i$. Trên mặt phẳng tọa độ $Oxy$, điểm biểu diễn số phức $2z_1+z_2$ có tọa độ là

A. $(2 \sqrt{5} + 8 \sqrt{10};- 3 \sqrt{11} + 6 \sqrt{2})$.
B. $(- 3 \sqrt{11} + 6 \sqrt{2};- 8 \sqrt{10} - 2 \sqrt{5})$.
C. $(- 3 \sqrt{11} + 6 \sqrt{2};2 \sqrt{5} + 8 \sqrt{10})$.
D. $(- 6 \sqrt{2} + 3 \sqrt{11};2 \sqrt{5} + 8 \sqrt{10})$.",C. $(- 3 \sqrt{11} + 6 \sqrt{2};2 \sqrt{5} + 8 \sqrt{10})$.,"Ta có $2z_1+z_2 = 6 \sqrt{2}+8 \sqrt{10}i- 3 \sqrt{11}+2 \sqrt{5}i=\left(- 3 \sqrt{11} + 6 \sqrt{2}\right)+\left(2 \sqrt{5} + 8 \sqrt{10}\right)i$.
Vậy điểm biểu diễn số phức $2z_1+z_2$ có tọa độ là $(- 3 \sqrt{11} + 6 \sqrt{2};2 \sqrt{5} + 8 \sqrt{10})$.",Đạt,
274,Dạng 2 - Biểu diễn hình học,Nhân bản,44,Số vô tỉ,"Cho hai số phức $z_1=-1+2 \sqrt{7}i$ và $z_2=-4-2 \sqrt{6}i$. Trên mặt phẳng tọa độ $Oxy$, điểm biểu diễn số phức $2z_1+z_2$ có tọa độ là

A. $(- 2 \sqrt{6} + 4 \sqrt{7};-6)$.
B. $(-6;- 4 \sqrt{7} + 2 \sqrt{6})$.
C. $(-6;- 2 \sqrt{6} + 4 \sqrt{7})$.
D. $(6;- 2 \sqrt{6} + 4 \sqrt{7})$.",C. $(-6;- 2 \sqrt{6} + 4 \sqrt{7})$.,"Ta có $2z_1+z_2 = -2+4 \sqrt{7}i-4-2 \sqrt{6}i=-6+\left(- 2 \sqrt{6} + 4 \sqrt{7}\right)i$.
Vậy điểm biểu diễn số phức $2z_1+z_2$ có tọa độ là $(-6;- 2 \sqrt{6} + 4 \sqrt{7})$.",Đạt,
275,Dạng 2 - Biểu diễn hình học,Nhân bản,44,Số vô tỉ,"Cho hai số phức $z_1=\sqrt{10}+3 \sqrt{11}i$ và $z_2=-1-3 \sqrt{2}i$. Trên mặt phẳng tọa độ $Oxy$, điểm biểu diễn số phức $2z_1+z_2$ có tọa độ là

A. $(- 3 \sqrt{2} + 6 \sqrt{11};-1 + 2 \sqrt{10})$.
B. $(-1 + 2 \sqrt{10};- 6 \sqrt{11} + 3 \sqrt{2})$.
C. $(-1 + 2 \sqrt{10};- 3 \sqrt{2} + 6 \sqrt{11})$.
D. $(1 - 2 \sqrt{10};- 3 \sqrt{2} + 6 \sqrt{11})$.",C. $(-1 + 2 \sqrt{10};- 3 \sqrt{2} + 6 \sqrt{11})$.,"Ta có $2z_1+z_2 = 2 \sqrt{10}+6 \sqrt{11}i-1-3 \sqrt{2}i=\left(-1 + 2 \sqrt{10}\right)+\left(- 3 \sqrt{2} + 6 \sqrt{11}\right)i$.
Vậy điểm biểu diễn số phức $2z_1+z_2$ có tọa độ là $(-1 + 2 \sqrt{10};- 3 \sqrt{2} + 6 \sqrt{11})$.",Đạt,
276,Dạng 2 - Biểu diễn hình học,Nhân bản,44,Số vô tỉ,"Cho hai số phức $z_1=- 3 \sqrt{2}-5i$ và $z_2=- \sqrt{2}+\sqrt{6}i$. Trên mặt phẳng tọa độ $Oxy$, điểm biểu diễn số phức $2z_1+z_2$ có tọa độ là

A. $(-10 + \sqrt{6};- 7 \sqrt{2})$.
B. $(- 7 \sqrt{2};10 - \sqrt{6})$.
C. $(- 7 \sqrt{2};-10 + \sqrt{6})$.
D. $(7 \sqrt{2};-10 + \sqrt{6})$.",C. $(- 7 \sqrt{2};-10 + \sqrt{6})$.,"Ta có $2z_1+z_2 = - 6 \sqrt{2}-10i- \sqrt{2}+\sqrt{6}i=- 7 \sqrt{2}-\left(10 - \sqrt{6}\right)i$.
Vậy điểm biểu diễn số phức $2z_1+z_2$ có tọa độ là $(- 7 \sqrt{2};-10 + \sqrt{6})$.",Đạt,
277,Dạng 3 - Phép toán số phức,Nhân bản,3,Số nguyên,"Cho số phức $z=9+4i$. Tìm số phức $w=iz+\overline{z}$.

A. $w=5-5i$.
B. $w=5+5i$.
C. $w=-5-5i$.
D. $w=-5+5i$.",B. $w=5+5i$.,$w = i(9+4i)+9-4i = 5+5i$.,Đạt,
278,Dạng 3 - Phép toán số phức,Nhân bản,3,Số nguyên,"Cho số phức $z=4-3i$. Tìm số phức $w=iz+\overline{z}$.

A. $w=7-7i$.
B. $w=7+7i$.
C. $w=-7-7i$.
D. $w=-7+7i$.",B. $w=7+7i$.,$w = i(4-3i)+4+3i = 7+7i$.,Đạt,
279,Dạng 3 - Phép toán số phức,Nhân bản,3,Số nguyên,"Cho số phức $z=-4-2i$. Tìm số phức $w=iz+\overline{z}$.

A. $w=-2+2i$.
B. $w=-2-2i$.
C. $w=2+2i$.
D. $w=2-2i$.",B. $w=-2-2i$.,$w = i(-4-2i)-4+2i = -2-2i$.,Đạt,
280,Dạng 3 - Phép toán số phức,Nhân bản,3,Số hữu tỉ,"Cho số phức $z=\dfrac{5}{4}-\dfrac{9}{4}i$. Tìm số phức $w=iz+\overline{z}$.

A. $w=\dfrac{7}{2}-\dfrac{7}{2}i$.
B. $w=\dfrac{7}{2}+\dfrac{7}{2}i$.
C. $w=- \dfrac{7}{2}-\dfrac{7}{2}i$.
D. $w=- \dfrac{7}{2}+\dfrac{7}{2}i$.",B. $w=\dfrac{7}{2}+\dfrac{7}{2}i$.,$w = i(\dfrac{5}{4}-\dfrac{9}{4}i)+\dfrac{5}{4}+\dfrac{9}{4}i = \dfrac{7}{2}+\dfrac{7}{2}i$.,Đạt,
281,Dạng 3 - Phép toán số phức,Nhân bản,3,Số hữu tỉ,"Cho số phức $z=- \dfrac{2}{3}-\dfrac{2}{3}i$. Tìm số phức $w=iz+\overline{z}$.

A. $w=1$.
B. $w=0$.
C. $w=2$.
D. $w=3$.",B. $w=0$.,$w = i(- \dfrac{2}{3}-\dfrac{2}{3}i)- \dfrac{2}{3}+\dfrac{2}{3}i = 0$.,Đạt,
282,Dạng 3 - Phép toán số phức,Nhân bản,3,Số hữu tỉ,"Cho số phức $z=\dfrac{7}{2}+\dfrac{1}{3}i$. Tìm số phức $w=iz+\overline{z}$.

A. $w=\dfrac{19}{6}-\dfrac{19}{6}i$.
B. $w=\dfrac{19}{6}+\dfrac{19}{6}i$.
C. $w=- \dfrac{19}{6}-\dfrac{19}{6}i$.
D. $w=- \dfrac{19}{6}+\dfrac{19}{6}i$.",B. $w=\dfrac{19}{6}+\dfrac{19}{6}i$.,$w = i(\dfrac{7}{2}+\dfrac{1}{3}i)+\dfrac{7}{2}-\dfrac{1}{3}i = \dfrac{19}{6}+\dfrac{19}{6}i$.,Đạt,
283,Dạng 3 - Phép toán số phức,Nhân bản,3,Số vô tỉ,"Cho số phức $z=- 2 \sqrt{3}-7i$. Tìm số phức $w=iz+\overline{z}$.

A. $w=\left(7 - 2 \sqrt{3}\right)-\left(7 - 2 \sqrt{3}\right)i$.
B. $w=\left(7 - 2 \sqrt{3}\right)+\left(7 - 2 \sqrt{3}\right)i$.
C. $w=\left(-7 + 2 \sqrt{3}\right)-\left(7 - 2 \sqrt{3}\right)i$.
D. $w=\left(-7 + 2 \sqrt{3}\right)+\left(7 - 2 \sqrt{3}\right)i$.",B. $w=\left(7 - 2 \sqrt{3}\right)+\left(7 - 2 \sqrt{3}\right)i$.,$w = i(- 2 \sqrt{3}-7i)- 2 \sqrt{3}+7i = \left(7 - 2 \sqrt{3}\right)+\left(7 - 2 \sqrt{3}\right)i$.,Đạt,
284,Dạng 3 - Phép toán số phức,Nhân bản,3,Số vô tỉ,"Cho số phức $z=- 3 \sqrt{2}+2 \sqrt{11}i$. Tìm số phức $w=iz+\overline{z}$.

A. $w=\left(- 2 \sqrt{11} - 3 \sqrt{2}\right)+\left(3 \sqrt{2} + 2 \sqrt{11}\right)i$.
B. $w=\left(- 2 \sqrt{11} - 3 \sqrt{2}\right)-\left(3 \sqrt{2} + 2 \sqrt{11}\right)i$.
C. $w=\left(3 \sqrt{2} + 2 \sqrt{11}\right)+\left(3 \sqrt{2} + 2 \sqrt{11}\right)i$.
D. $w=\left(3 \sqrt{2} + 2 \sqrt{11}\right)-\left(3 \sqrt{2} + 2 \sqrt{11}\right)i$.",B. $w=\left(- 2 \sqrt{11} - 3 \sqrt{2}\right)-\left(3 \sqrt{2} + 2 \sqrt{11}\right)i$.,$w = i(- 3 \sqrt{2}+2 \sqrt{11}i)- 3 \sqrt{2}-2 \sqrt{11}i = \left(- 2 \sqrt{11} - 3 \sqrt{2}\right)-\left(3 \sqrt{2} + 2 \sqrt{11}\right)i$.,Đạt,
285,Dạng 3 - Phép toán số phức,Nhân bản,3,Số vô tỉ,"Cho số phức $z=3 \sqrt{7}-3 \sqrt{2}i$. Tìm số phức $w=iz+\overline{z}$.

A. $w=\left(3 \sqrt{2} + 3 \sqrt{7}\right)-\left(3 \sqrt{2} + 3 \sqrt{7}\right)i$.
B. $w=\left(3 \sqrt{2} + 3 \sqrt{7}\right)+\left(3 \sqrt{2} + 3 \sqrt{7}\right)i$.
C. $w=\left(- 3 \sqrt{7} - 3 \sqrt{2}\right)-\left(3 \sqrt{2} + 3 \sqrt{7}\right)i$.
D. $w=\left(- 3 \sqrt{7} - 3 \sqrt{2}\right)+\left(3 \sqrt{2} + 3 \sqrt{7}\right)i$.",B. $w=\left(3 \sqrt{2} + 3 \sqrt{7}\right)+\left(3 \sqrt{2} + 3 \sqrt{7}\right)i$.,$w = i(3 \sqrt{7}-3 \sqrt{2}i)+3 \sqrt{7}+3 \sqrt{2}i = \left(3 \sqrt{2} + 3 \sqrt{7}\right)+\left(3 \sqrt{2} + 3 \sqrt{7}\right)i$.,Đạt,
286,Dạng 3 - Phép toán số phức,Nhân bản,5,Số nguyên,"Tìm số phức liên hợp của số phức $z = i(-9-2i)$.

A. $\overline{z} = 2+9i$.
B. $\overline{z} = -2-9i$.
C. $\overline{z} = 2-9i$.
D. $\overline{z} = -2+9i$.",A. $\overline{z} = 2+9i$.,Ta có $z = i(-9-2i) = 2-9i \Rightarrow \overline{z} = 2+9i$.,Đạt,
287,Dạng 3 - Phép toán số phức,Nhân bản,5,Số nguyên,"Tìm số phức liên hợp của số phức $z = i(-5-2i)$.

A. $\overline{z} = 2+5i$.
B. $\overline{z} = -2-5i$.
C. $\overline{z} = 2-5i$.
D. $\overline{z} = -2+5i$.",A. $\overline{z} = 2+5i$.,Ta có $z = i(-5-2i) = 2-5i \Rightarrow \overline{z} = 2+5i$.,Đạt,
288,Dạng 3 - Phép toán số phức,Nhân bản,5,Số nguyên,"Tìm số phức liên hợp của số phức $z = i(4+i)$.

A. $\overline{z} = -1-4i$.
B. $\overline{z} = 1+4i$.
C. $\overline{z} = -1+4i$.
D. $\overline{z} = 1-4i$.",A. $\overline{z} = -1-4i$.,Ta có $z = i(4+i) = -1+4i \Rightarrow \overline{z} = -1-4i$.,Đạt,
289,Dạng 3 - Phép toán số phức,Nhân bản,5,Số hữu tỉ,"Tìm số phức liên hợp của số phức $z = i(\dfrac{10}{3}-\dfrac{3}{4}i)$.

A. $\overline{z} = \dfrac{3}{4}-\dfrac{10}{3}i$.
B. $\overline{z} = - \dfrac{3}{4}+\dfrac{10}{3}i$.
C. $\overline{z} = \dfrac{3}{4}+\dfrac{10}{3}i$.
D. $\overline{z} = - \dfrac{3}{4}-\dfrac{10}{3}i$.",A. $\overline{z} = \dfrac{3}{4}-\dfrac{10}{3}i$.,Ta có $z = i(\dfrac{10}{3}-\dfrac{3}{4}i) = \dfrac{3}{4}+\dfrac{10}{3}i \Rightarrow \overline{z} = \dfrac{3}{4}-\dfrac{10}{3}i$.,Đạt,
290,Dạng 3 - Phép toán số phức,Nhân bản,5,Số hữu tỉ,"Tìm số phức liên hợp của số phức $z = i(\dfrac{1}{2}+\dfrac{1}{3}i)$.

A. $\overline{z} = - \dfrac{1}{3}-\dfrac{1}{2}i$.
B. $\overline{z} = \dfrac{1}{3}+\dfrac{1}{2}i$.
C. $\overline{z} = - \dfrac{1}{3}+\dfrac{1}{2}i$.
D. $\overline{z} = \dfrac{1}{3}-\dfrac{1}{2}i$.",A. $\overline{z} = - \dfrac{1}{3}-\dfrac{1}{2}i$.,Ta có $z = i(\dfrac{1}{2}+\dfrac{1}{3}i) = - \dfrac{1}{3}+\dfrac{1}{2}i \Rightarrow \overline{z} = - \dfrac{1}{3}-\dfrac{1}{2}i$.,Đạt,
291,Dạng 3 - Phép toán số phức,Nhân bản,5,Số hữu tỉ,"Tìm số phức liên hợp của số phức $z = i(- \dfrac{1}{2}-\dfrac{1}{3}i)$.

A. $\overline{z} = \dfrac{1}{3}+\dfrac{1}{2}i$.
B. $\overline{z} = - \dfrac{1}{3}-\dfrac{1}{2}i$.
C. $\overline{z} = \dfrac{1}{3}-\dfrac{1}{2}i$.
D. $\overline{z} = - \dfrac{1}{3}+\dfrac{1}{2}i$.",A. $\overline{z} = \dfrac{1}{3}+\dfrac{1}{2}i$.,Ta có $z = i(- \dfrac{1}{2}-\dfrac{1}{3}i) = \dfrac{1}{3}-\dfrac{1}{2}i \Rightarrow \overline{z} = \dfrac{1}{3}+\dfrac{1}{2}i$.,Đạt,
292,Dạng 3 - Phép toán số phức,Nhân bản,5,Số vô tỉ,"Tìm số phức liên hợp của số phức $z = i(3 \sqrt{6}+4 \sqrt{5}i)$.

A. $\overline{z} = - 4 \sqrt{5}-3 \sqrt{6}i$.
B. $\overline{z} = 4 \sqrt{5}+3 \sqrt{6}i$.
C. $\overline{z} = - 4 \sqrt{5}+3 \sqrt{6}i$.
D. $\overline{z} = 4 \sqrt{5}-3 \sqrt{6}i$.",A. $\overline{z} = - 4 \sqrt{5}-3 \sqrt{6}i$.,Ta có $z = i(3 \sqrt{6}+4 \sqrt{5}i) = - 4 \sqrt{5}+3 \sqrt{6}i \Rightarrow \overline{z} = - 4 \sqrt{5}-3 \sqrt{6}i$.,Đạt,
293,Dạng 3 - Phép toán số phức,Nhân bản,5,Số vô tỉ,"Tìm số phức liên hợp của số phức $z = i(2 \sqrt{3}-4 \sqrt{2}i)$.

A. $\overline{z} = 4 \sqrt{2}-2 \sqrt{3}i$.
B. $\overline{z} = - 4 \sqrt{2}+2 \sqrt{3}i$.
C. $\overline{z} = 4 \sqrt{2}+2 \sqrt{3}i$.
D. $\overline{z} = - 4 \sqrt{2}-2 \sqrt{3}i$.",A. $\overline{z} = 4 \sqrt{2}-2 \sqrt{3}i$.,Ta có $z = i(2 \sqrt{3}-4 \sqrt{2}i) = 4 \sqrt{2}+2 \sqrt{3}i \Rightarrow \overline{z} = 4 \sqrt{2}-2 \sqrt{3}i$.,Đạt,
294,Dạng 3 - Phép toán số phức,Nhân bản,5,Số vô tỉ,"Tìm số phức liên hợp của số phức $z = i(- \sqrt{6}-9i)$.

A. $\overline{z} = 9+\sqrt{6}i$.
B. $\overline{z} = -9-\sqrt{6}i$.
C. $\overline{z} = 9-\sqrt{6}i$.
D. $\overline{z} = -9+\sqrt{6}i$.",A. $\overline{z} = 9+\sqrt{6}i$.,Ta có $z = i(- \sqrt{6}-9i) = 9-\sqrt{6}i \Rightarrow \overline{z} = 9+\sqrt{6}i$.,Đạt,
295,Dạng 3 - Phép toán số phức,Nhân bản,23,Số nguyên,"Cho số phức $z=-9+7i$, khi đó $2z$ bằng

A. $-18-14i$.
B. $-18+14i$.
C. $-9+14i$.
D. $18+14i$.",B. $-18+14i$.,Ta có $2z = 2(-9+7i) = -18+14i$.,Đạt,
296,Dạng 3 - Phép toán số phức,Nhân bản,23,Số nguyên,"Cho số phức $z=2+i$, khi đó $2z$ bằng

A. $4-2i$.
B. $4+2i$.
C. $2+2i$.
D. $-4+2i$.",B. $4+2i$.,Ta có $2z = 2(2+i) = 4+2i$.,Đạt,
297,Dạng 3 - Phép toán số phức,Nhân bản,23,Số nguyên,"Cho số phức $z=-4+8i$, khi đó $2z$ bằng

A. $-8-16i$.
B. $-8+16i$.
C. $-4+16i$.
D. $8+16i$.",B. $-8+16i$.,Ta có $2z = 2(-4+8i) = -8+16i$.,Đạt,
298,Dạng 3 - Phép toán số phức,Nhân bản,23,Số hữu tỉ,"Cho số phức $z=\dfrac{1}{4}-\dfrac{3}{4}i$, khi đó $2z$ bằng

A. $\dfrac{1}{2}+\dfrac{3}{2}i$.
B. $\dfrac{1}{2}-\dfrac{3}{2}i$.
C. $\dfrac{1}{4}-\dfrac{3}{2}i$.
D. $- \dfrac{1}{2}-\dfrac{3}{2}i$.",B. $\dfrac{1}{2}-\dfrac{3}{2}i$.,Ta có $2z = 2(\dfrac{1}{4}-\dfrac{3}{4}i) = \dfrac{1}{2}-\dfrac{3}{2}i$.,Đạt,
299,Dạng 3 - Phép toán số phức,Nhân bản,23,Số hữu tỉ,"Cho số phức $z=- \dfrac{1}{3}+\dfrac{3}{2}i$, khi đó $2z$ bằng

A. $- \dfrac{2}{3}-3i$.
B. $- \dfrac{2}{3}+3i$.
C. $- \dfrac{1}{3}+3i$.
D. $\dfrac{2}{3}+3i$.",B. $- \dfrac{2}{3}+3i$.,Ta có $2z = 2(- \dfrac{1}{3}+\dfrac{3}{2}i) = - \dfrac{2}{3}+3i$.,Đạt,
300,Dạng 3 - Phép toán số phức,Nhân bản,23,Số hữu tỉ,"Cho số phức $z=- \dfrac{1}{2}+\dfrac{6}{5}i$, khi đó $2z$ bằng

A. $-1-\dfrac{12}{5}i$.
B. $-1+\dfrac{12}{5}i$.
C. $- \dfrac{1}{2}+\dfrac{12}{5}i$.
D. $1+\dfrac{12}{5}i$.",B. $-1+\dfrac{12}{5}i$.,Ta có $2z = 2(- \dfrac{1}{2}+\dfrac{6}{5}i) = -1+\dfrac{12}{5}i$.,Đạt,
301,Dạng 3 - Phép toán số phức,Nhân bản,23,Số vô tỉ,"Cho số phức $z=-4+4 \sqrt{3}i$, khi đó $2z$ bằng

A. $-8-8 \sqrt{3}i$.
B. $-8+8 \sqrt{3}i$.
C. $-4+8 \sqrt{3}i$.
D. $8+8 \sqrt{3}i$.",B. $-8+8 \sqrt{3}i$.,Ta có $2z = 2(-4+4 \sqrt{3}i) = -8+8 \sqrt{3}i$.,Đạt,
302,Dạng 3 - Phép toán số phức,Nhân bản,23,Số vô tỉ,"Cho số phức $z=4 \sqrt{10}+3 \sqrt{6}i$, khi đó $2z$ bằng

A. $8 \sqrt{10}-6 \sqrt{6}i$.
B. $8 \sqrt{10}+6 \sqrt{6}i$.
C. $4 \sqrt{10}+6 \sqrt{6}i$.
D. $- 8 \sqrt{10}+6 \sqrt{6}i$.",B. $8 \sqrt{10}+6 \sqrt{6}i$.,Ta có $2z = 2(4 \sqrt{10}+3 \sqrt{6}i) = 8 \sqrt{10}+6 \sqrt{6}i$.,Đạt,
303,Dạng 3 - Phép toán số phức,Nhân bản,23,Số vô tỉ,"Cho số phức $z=-9+3 \sqrt{5}i$, khi đó $2z$ bằng

A. $-18-6 \sqrt{5}i$.
B. $-18+6 \sqrt{5}i$.
C. $-9+6 \sqrt{5}i$.
D. $18+6 \sqrt{5}i$.",B. $-18+6 \sqrt{5}i$.,Ta có $2z = 2(-9+3 \sqrt{5}i) = -18+6 \sqrt{5}i$.,Đạt,
304,Dạng 3 - Phép toán số phức,Nhân bản,29,Số nguyên,"Cho số phức $z=-7+9i$, phần thực của số phức $z^2$ bằng

A. $-32$.
B. $-126$.
C. $32$.
D. $126$.",A. $-32$.,Ta có $z^2 = (-7+9i)^2 = -32-126i$ nên phần thực của số phức $z^2$ bằng $-32$.,Đạt,
305,Dạng 3 - Phép toán số phức,Nhân bản,29,Số nguyên,"Cho số phức $z=-4-4i$, phần thực của số phức $z^2$ bằng

A. $0$.
B. $32$.
C. $1$.
D. $-32$.",A. $0$.,Ta có $z^2 = (-4-4i)^2 = 0+32i$ nên phần thực của số phức $z^2$ bằng $0$.,Đạt,
306,Dạng 3 - Phép toán số phức,Nhân bản,29,Số nguyên,"Cho số phức $z=-8-i$, phần thực của số phức $z^2$ bằng

A. $63$.
B. $16$.
C. $-63$.
D. $-16$.",A. $63$.,Ta có $z^2 = (-8-i)^2 = 63+16i$ nên phần thực của số phức $z^2$ bằng $63$.,Đạt,
307,Dạng 3 - Phép toán số phức,Nhân bản,29,Số hữu tỉ,"Cho số phức $z=\dfrac{7}{2}+\dfrac{1}{3}i$, phần thực của số phức $z^2$ bằng

A. $\dfrac{437}{36}$.
B. $\dfrac{7}{3}$.
C. $- \dfrac{437}{36}$.
D. $- \dfrac{7}{3}$.",A. $\dfrac{437}{36}$.,Ta có $z^2 = (\dfrac{7}{2}+\dfrac{1}{3}i)^2 = \dfrac{437}{36}+\dfrac{7}{3}i$ nên phần thực của số phức $z^2$ bằng $\dfrac{437}{36}$.,Đạt,
308,Dạng 3 - Phép toán số phức,Nhân bản,29,Số hữu tỉ,"Cho số phức $z=- \dfrac{10}{3}-\dfrac{6}{5}i$, phần thực của số phức $z^2$ bằng

A. $\dfrac{2176}{225}$.
B. $8$.
C. $- \dfrac{2176}{225}$.
D. $-8$.",A. $\dfrac{2176}{225}$.,Ta có $z^2 = (- \dfrac{10}{3}-\dfrac{6}{5}i)^2 = \dfrac{2176}{225}+8i$ nên phần thực của số phức $z^2$ bằng $\dfrac{2176}{225}$.,Đạt,
309,Dạng 3 - Phép toán số phức,Nhân bản,29,Số hữu tỉ,"Cho số phức $z=- \dfrac{4}{5}-\dfrac{3}{2}i$, phần thực của số phức $z^2$ bằng

A. $- \dfrac{161}{100}$.
B. $\dfrac{12}{5}$.
C. $\dfrac{161}{100}$.
D. $- \dfrac{12}{5}$.",A. $- \dfrac{161}{100}$.,Ta có $z^2 = (- \dfrac{4}{5}-\dfrac{3}{2}i)^2 = - \dfrac{161}{100}+\dfrac{12}{5}i$ nên phần thực của số phức $z^2$ bằng $- \dfrac{161}{100}$.,Đạt,
310,Dạng 3 - Phép toán số phức,Nhân bản,29,Số vô tỉ,"Cho số phức $z=3+3 \sqrt{7}i$, phần thực của số phức $z^2$ bằng

A. $-54$.
B. $18 \sqrt{7}$.
C. $54$.
D. $- 18 \sqrt{7}$.",A. $-54$.,Ta có $z^2 = (3+3 \sqrt{7}i)^2 = -54+18 \sqrt{7}i$ nên phần thực của số phức $z^2$ bằng $-54$.,Đạt,
311,Dạng 3 - Phép toán số phức,Nhân bản,29,Số vô tỉ,"Cho số phức $z=2 \sqrt{2}+7i$, phần thực của số phức $z^2$ bằng

A. $-41$.
B. $28 \sqrt{2}$.
C. $41$.
D. $- 28 \sqrt{2}$.",A. $-41$.,Ta có $z^2 = (2 \sqrt{2}+7i)^2 = -41+28 \sqrt{2}i$ nên phần thực của số phức $z^2$ bằng $-41$.,Đạt,
312,Dạng 3 - Phép toán số phức,Nhân bản,29,Số vô tỉ,"Cho số phức $z=3 \sqrt{11}+8i$, phần thực của số phức $z^2$ bằng

A. $35$.
B. $48 \sqrt{11}$.
C. $-35$.
D. $- 48 \sqrt{11}$.",A. $35$.,Ta có $z^2 = (3 \sqrt{11}+8i)^2 = 35+48 \sqrt{11}i$ nên phần thực của số phức $z^2$ bằng $35$.,Đạt,
313,Dạng 3 - Phép toán số phức,Nhân bản,16,Số nguyên,"Cho hai số phức $z_1 = 9-8i$ và $z_2 = -6-6i$. Phần ảo của số phức $z_1+\overline{z_2}$ bằng

A. $2$.
B. $-3$.
C. $-2$.
D. $3$.",C. $-2$.,Ta có: $z_1+\overline{z_2} = 9-8i-6+6i = 3-2i$. Phần ảo của số phức $z_1+\overline{z_2}$ là $-2$.,Đạt,
314,Dạng 3 - Phép toán số phức,Nhân bản,16,Số nguyên,"Cho hai số phức $z_1 = 5+5i$ và $z_2 = -6+3i$. Phần ảo của số phức $z_1+\overline{z_2}$ bằng

A. $-2$.
B. $1$.
C. $2$.
D. $-1$.",C. $2$.,Ta có: $z_1+\overline{z_2} = 5+5i-6-3i = -1+2i$. Phần ảo của số phức $z_1+\overline{z_2}$ là $2$.,Đạt,
315,Dạng 3 - Phép toán số phức,Nhân bản,16,Số nguyên,"Cho hai số phức $z_1 = -9+7i$ và $z_2 = 2+2i$. Phần ảo của số phức $z_1+\overline{z_2}$ bằng

A. $-5$.
B. $7$.
C. $5$.
D. $-7$.",C. $5$.,Ta có: $z_1+\overline{z_2} = -9+7i+2-2i = -7+5i$. Phần ảo của số phức $z_1+\overline{z_2}$ là $5$.,Đạt,
316,Dạng 3 - Phép toán số phức,Nhân bản,16,Số hữu tỉ,"Cho hai số phức $z_1 = \dfrac{4}{5}+\dfrac{1}{2}i$ và $z_2 = - \dfrac{3}{2}+\dfrac{1}{2}i$. Phần ảo của số phức $z_1+\overline{z_2}$ bằng

A. $1$.
B. $\dfrac{7}{10}$.
C. $0$.
D. $- \dfrac{7}{10}$.",C. $0$.,Ta có: $z_1+\overline{z_2} = \dfrac{4}{5}+\dfrac{1}{2}i- \dfrac{3}{2}-\dfrac{1}{2}i = - \dfrac{7}{10}$. Phần ảo của số phức $z_1+\overline{z_2}$ là $0$.,Đạt,
317,Dạng 3 - Phép toán số phức,Nhân bản,16,Số hữu tỉ,"Cho hai số phức $z_1 = - \dfrac{1}{5}-\dfrac{11}{5}i$ và $z_2 = \dfrac{1}{5}+\dfrac{9}{2}i$. Phần ảo của số phức $z_1+\overline{z_2}$ bằng

A. $\dfrac{67}{10}$.
B. $1$.
C. $- \dfrac{67}{10}$.
D. $0$.",C. $- \dfrac{67}{10}$.,Ta có: $z_1+\overline{z_2} = - \dfrac{1}{5}-\dfrac{11}{5}i+\dfrac{1}{5}-\dfrac{9}{2}i = 0-\dfrac{67}{10}i$. Phần ảo của số phức $z_1+\overline{z_2}$ là $- \dfrac{67}{10}$.,Đạt,
318,Dạng 3 - Phép toán số phức,Nhân bản,16,Số hữu tỉ,"Cho hai số phức $z_1 = \dfrac{5}{2}+\dfrac{1}{2}i$ và $z_2 = - \dfrac{10}{3}-\dfrac{1}{2}i$. Phần ảo của số phức $z_1+\overline{z_2}$ bằng

A. $-1$.
B. $\dfrac{5}{6}$.
C. $1$.
D. $- \dfrac{5}{6}$.",C. $1$.,Ta có: $z_1+\overline{z_2} = \dfrac{5}{2}+\dfrac{1}{2}i- \dfrac{10}{3}+\dfrac{1}{2}i = - \dfrac{5}{6}+i$. Phần ảo của số phức $z_1+\overline{z_2}$ là $1$.,Đạt,
319,Dạng 3 - Phép toán số phức,Nhân bản,16,Số vô tỉ,"Cho hai số phức $z_1 = 3 \sqrt{7}-3 \sqrt{3}i$ và $z_2 = \sqrt{5}-4 \sqrt{2}i$. Phần ảo của số phức $z_1+\overline{z_2}$ bằng

A. $- 4 \sqrt{2} + 3 \sqrt{3}$.
B. $- 3 \sqrt{7} - \sqrt{5}$.
C. $- 3 \sqrt{3} + 4 \sqrt{2}$.
D. $\sqrt{5} + 3 \sqrt{7}$.",C. $- 3 \sqrt{3} + 4 \sqrt{2}$.,Ta có: $z_1+\overline{z_2} = 3 \sqrt{7}-3 \sqrt{3}i+\sqrt{5}+4 \sqrt{2}i = \left(\sqrt{5} + 3 \sqrt{7}\right)+\left(- 3 \sqrt{3} + 4 \sqrt{2}\right)i$. Phần ảo của số phức $z_1+\overline{z_2}$ là $- 3 \sqrt{3} + 4 \sqrt{2}$.,Đạt,
320,Dạng 3 - Phép toán số phức,Nhân bản,16,Số vô tỉ,"Cho hai số phức $z_1 = - \sqrt{3}-3 \sqrt{2}i$ và $z_2 = 4 \sqrt{7}-4 \sqrt{7}i$. Phần ảo của số phức $z_1+\overline{z_2}$ bằng

A. $- 4 \sqrt{7} + 3 \sqrt{2}$.
B. $- 4 \sqrt{7} + \sqrt{3}$.
C. $- 3 \sqrt{2} + 4 \sqrt{7}$.
D. $- \sqrt{3} + 4 \sqrt{7}$.",C. $- 3 \sqrt{2} + 4 \sqrt{7}$.,Ta có: $z_1+\overline{z_2} = - \sqrt{3}-3 \sqrt{2}i+4 \sqrt{7}+4 \sqrt{7}i = \left(- \sqrt{3} + 4 \sqrt{7}\right)+\left(- 3 \sqrt{2} + 4 \sqrt{7}\right)i$. Phần ảo của số phức $z_1+\overline{z_2}$ là $- 3 \sqrt{2} + 4 \sqrt{7}$.,Đạt,
321,Dạng 3 - Phép toán số phức,Nhân bản,16,Số vô tỉ,"Cho hai số phức $z_1 = 3 \sqrt{5}+\sqrt{6}i$ và $z_2 = 4-4 \sqrt{7}i$. Phần ảo của số phức $z_1+\overline{z_2}$ bằng

A. $- 4 \sqrt{7} - \sqrt{6}$.
B. $- 3 \sqrt{5} - 4$.
C. $\sqrt{6} + 4 \sqrt{7}$.
D. $4 + 3 \sqrt{5}$.",C. $\sqrt{6} + 4 \sqrt{7}$.,Ta có: $z_1+\overline{z_2} = 3 \sqrt{5}+\sqrt{6}i+4+4 \sqrt{7}i = \left(4 + 3 \sqrt{5}\right)+\left(\sqrt{6} + 4 \sqrt{7}\right)i$. Phần ảo của số phức $z_1+\overline{z_2}$ là $\sqrt{6} + 4 \sqrt{7}$.,Đạt,
322,Dạng 3 - Phép toán số phức,Nhân bản,19,Số nguyên,"Cho hai số phức $z_1 = 4-4i$ và $z_2 = -7+9i$. Phần thực của số phức $z_1+z_2$ bằng

A. $5$.
B. $-3$.
C. $3$.
D. $-5$.",B. $-3$.,"Ta có $z_1+z_2 = -3+5i$.
Phần thực của số phức $z_1+z_2$ bằng $-3$.",Đạt,
323,Dạng 3 - Phép toán số phức,Nhân bản,19,Số nguyên,"Cho hai số phức $z_1 = -7-4i$ và $z_2 = -3-9i$. Phần thực của số phức $z_1+z_2$ bằng

A. $-13$.
B. $-10$.
C. $10$.
D. $13$.",B. $-10$.,"Ta có $z_1+z_2 = -10-13i$.
Phần thực của số phức $z_1+z_2$ bằng $-10$.",Đạt,
324,Dạng 3 - Phép toán số phức,Nhân bản,19,Số nguyên,"Cho hai số phức $z_1 = -5+i$ và $z_2 = -1-i$. Phần thực của số phức $z_1+z_2$ bằng

A. $0$.
B. $-6$.
C. $6$.
D. $1$.",B. $-6$.,"Ta có $z_1+z_2 = -6$.
Phần thực của số phức $z_1+z_2$ bằng $-6$.",Đạt,
325,Dạng 3 - Phép toán số phức,Nhân bản,19,Số hữu tỉ,"Cho hai số phức $z_1 = \dfrac{5}{4}+\dfrac{11}{4}i$ và $z_2 = - \dfrac{2}{5}-\dfrac{4}{5}i$. Phần thực của số phức $z_1+z_2$ bằng

A. $\dfrac{39}{20}$.
B. $\dfrac{17}{20}$.
C. $- \dfrac{17}{20}$.
D. $- \dfrac{39}{20}$.",B. $\dfrac{17}{20}$.,"Ta có $z_1+z_2 = \dfrac{17}{20}+\dfrac{39}{20}i$.
Phần thực của số phức $z_1+z_2$ bằng $\dfrac{17}{20}$.",Đạt,
326,Dạng 3 - Phép toán số phức,Nhân bản,19,Số hữu tỉ,"Cho hai số phức $z_1 = - \dfrac{1}{2}+\dfrac{9}{2}i$ và $z_2 = - \dfrac{1}{2}+\dfrac{1}{2}i$. Phần thực của số phức $z_1+z_2$ bằng

A. $5$.
B. $-1$.
C. $1$.
D. $-5$.",B. $-1$.,"Ta có $z_1+z_2 = -1+5i$.
Phần thực của số phức $z_1+z_2$ bằng $-1$.",Đạt,
327,Dạng 3 - Phép toán số phức,Nhân bản,19,Số hữu tỉ,"Cho hai số phức $z_1 = - \dfrac{9}{4}-\dfrac{11}{5}i$ và $z_2 = \dfrac{7}{4}-\dfrac{3}{5}i$. Phần thực của số phức $z_1+z_2$ bằng

A. $- \dfrac{14}{5}$.
B. $- \dfrac{1}{2}$.
C. $\dfrac{1}{2}$.
D. $\dfrac{14}{5}$.",B. $- \dfrac{1}{2}$.,"Ta có $z_1+z_2 = - \dfrac{1}{2}-\dfrac{14}{5}i$.
Phần thực của số phức $z_1+z_2$ bằng $- \dfrac{1}{2}$.",Đạt,
328,Dạng 3 - Phép toán số phức,Nhân bản,19,Số vô tỉ,"Cho hai số phức $z_1 = - 2 \sqrt{10}-4i$ và $z_2 = -2-3 \sqrt{7}i$. Phần thực của số phức $z_1+z_2$ bằng

A. $- 3 \sqrt{7} - 4$.
B. $- 2 \sqrt{10} - 2$.
C. $2 + 2 \sqrt{10}$.
D. $4 + 3 \sqrt{7}$.",B. $- 2 \sqrt{10} - 2$.,"Ta có $z_1+z_2 = \left(- 2 \sqrt{10} - 2\right)-\left(4 + 3 \sqrt{7}\right)i$.
Phần thực của số phức $z_1+z_2$ bằng $- 2 \sqrt{10} - 2$.",Đạt,
329,Dạng 3 - Phép toán số phức,Nhân bản,19,Số vô tỉ,"Cho hai số phức $z_1 = 4-4 \sqrt{5}i$ và $z_2 = \sqrt{3}+3 \sqrt{7}i$. Phần thực của số phức $z_1+z_2$ bằng

A. $- 4 \sqrt{5} + 3 \sqrt{7}$.
B. $\sqrt{3} + 4$.
C. $-4 - \sqrt{3}$.
D. $- 3 \sqrt{7} + 4 \sqrt{5}$.",B. $\sqrt{3} + 4$.,"Ta có $z_1+z_2 = \left(\sqrt{3} + 4\right)-\left(- 3 \sqrt{7} + 4 \sqrt{5}\right)i$.
Phần thực của số phức $z_1+z_2$ bằng $\sqrt{3} + 4$.",Đạt,
330,Dạng 3 - Phép toán số phức,Nhân bản,19,Số vô tỉ,"Cho hai số phức $z_1 = - 4 \sqrt{10}-2 \sqrt{10}i$ và $z_2 = - 3 \sqrt{11}-4 \sqrt{2}i$. Phần thực của số phức $z_1+z_2$ bằng

A. $- 2 \sqrt{10} - 4 \sqrt{2}$.
B. $- 4 \sqrt{10} - 3 \sqrt{11}$.
C. $3 \sqrt{11} + 4 \sqrt{10}$.
D. $4 \sqrt{2} + 2 \sqrt{10}$.",B. $- 4 \sqrt{10} - 3 \sqrt{11}$.,"Ta có $z_1+z_2 = \left(- 4 \sqrt{10} - 3 \sqrt{11}\right)-\left(4 \sqrt{2} + 2 \sqrt{10}\right)i$.
Phần thực của số phức $z_1+z_2$ bằng $- 4 \sqrt{10} - 3 \sqrt{11}$.",Đạt,
331,Dạng 3 - Phép toán số phức,Nhân bản,21,Số nguyên,"Cho hai số phức $z_1 = -1+9i$ và $z_2 = 2-3i$. Phần ảo của số phức $z_1z_2$ bằng

A. $25$.
B. $21i$.
C. $-21$.
D. $21$.",D. $21$.,"Ta có $z_1z_2 = (-1+9i)(2-3i) = 25+21i$.
Suy ra phần ảo của $z_1z_2$ bằng $21$.",Đạt,
332,Dạng 3 - Phép toán số phức,Nhân bản,21,Số nguyên,"Cho hai số phức $z_1 = 7-2i$ và $z_2 = -9-8i$. Phần ảo của số phức $z_1z_2$ bằng

A. $-79$.
B. $-38i$.
C. $38$.
D. $-38$.",D. $-38$.,"Ta có $z_1z_2 = (7-2i)(-9-8i) = -79-38i$.
Suy ra phần ảo của $z_1z_2$ bằng $-38$.",Đạt,
333,Dạng 3 - Phép toán số phức,Nhân bản,21,Số nguyên,"Cho hai số phức $z_1 = -2+i$ và $z_2 = -1-7i$. Phần ảo của số phức $z_1z_2$ bằng

A. $9$.
B. $13i$.
C. $-13$.
D. $13$.",D. $13$.,"Ta có $z_1z_2 = (-2+i)(-1-7i) = 9+13i$.
Suy ra phần ảo của $z_1z_2$ bằng $13$.",Đạt,
334,Dạng 3 - Phép toán số phức,Nhân bản,21,Số hữu tỉ,"Cho hai số phức $z_1 = - \dfrac{7}{3}+\dfrac{3}{5}i$ và $z_2 = \dfrac{8}{5}+\dfrac{4}{5}i$. Phần ảo của số phức $z_1z_2$ bằng

A. $- \dfrac{316}{75}$.
B. $- \dfrac{68}{75}i$.
C. $\dfrac{68}{75}$.
D. $- \dfrac{68}{75}$.",D. $- \dfrac{68}{75}$.,"Ta có $z_1z_2 = (- \dfrac{7}{3}+\dfrac{3}{5}i)(\dfrac{8}{5}+\dfrac{4}{5}i) = - \dfrac{316}{75}-\dfrac{68}{75}i$.
Suy ra phần ảo của $z_1z_2$ bằng $- \dfrac{68}{75}$.",Đạt,
335,Dạng 3 - Phép toán số phức,Nhân bản,21,Số hữu tỉ,"Cho hai số phức $z_1 = - \dfrac{9}{4}+\dfrac{10}{3}i$ và $z_2 = - \dfrac{7}{2}+\dfrac{1}{2}i$. Phần ảo của số phức $z_1z_2$ bằng

A. $\dfrac{149}{24}$.
B. $- \dfrac{307}{24}i$.
C. $\dfrac{307}{24}$.
D. $- \dfrac{307}{24}$.",D. $- \dfrac{307}{24}$.,"Ta có $z_1z_2 = (- \dfrac{9}{4}+\dfrac{10}{3}i)(- \dfrac{7}{2}+\dfrac{1}{2}i) = \dfrac{149}{24}-\dfrac{307}{24}i$.
Suy ra phần ảo của $z_1z_2$ bằng $- \dfrac{307}{24}$.",Đạt,
336,Dạng 3 - Phép toán số phức,Nhân bản,21,Số hữu tỉ,"Cho hai số phức $z_1 = \dfrac{11}{2}-\dfrac{3}{2}i$ và $z_2 = \dfrac{11}{5}+\dfrac{3}{2}i$. Phần ảo của số phức $z_1z_2$ bằng

A. $\dfrac{287}{20}$.
B. $\dfrac{99}{20}i$.
C. $- \dfrac{99}{20}$.
D. $\dfrac{99}{20}$.",D. $\dfrac{99}{20}$.,"Ta có $z_1z_2 = (\dfrac{11}{2}-\dfrac{3}{2}i)(\dfrac{11}{5}+\dfrac{3}{2}i) = \dfrac{287}{20}+\dfrac{99}{20}i$.
Suy ra phần ảo của $z_1z_2$ bằng $\dfrac{99}{20}$.",Đạt,
337,Dạng 3 - Phép toán số phức,Nhân bản,21,Số vô tỉ,"Cho hai số phức $z_1 = - 2 \sqrt{3}+3i$ và $z_2 = 4 \sqrt{11}+9i$. Phần ảo của số phức $z_1z_2$ bằng

A. $- 8 \sqrt{33} - 27$.
B. $- 18 \sqrt{3} + 12 \sqrt{11}i$.
C. $- 12 \sqrt{11} + 18 \sqrt{3}$.
D. $- 18 \sqrt{3} + 12 \sqrt{11}$.",D. $- 18 \sqrt{3} + 12 \sqrt{11}$.,"Ta có $z_1z_2 = (- 2 \sqrt{3}+3i)(4 \sqrt{11}+9i) = \left(- 8 \sqrt{33} - 27\right)+\left(- 18 \sqrt{3} + 12 \sqrt{11}\right)i$.
Suy ra phần ảo của $z_1z_2$ bằng $- 18 \sqrt{3} + 12 \sqrt{11}$.",Đạt,
338,Dạng 3 - Phép toán số phức,Nhân bản,21,Số vô tỉ,"Cho hai số phức $z_1 = \sqrt{6}-3i$ và $z_2 = - 4 \sqrt{6}-2 \sqrt{5}i$. Phần ảo của số phức $z_1z_2$ bằng

A. $-24 - 6 \sqrt{5}$.
B. $- 2 \sqrt{30} + 12 \sqrt{6}i$.
C. $- 12 \sqrt{6} + 2 \sqrt{30}$.
D. $- 2 \sqrt{30} + 12 \sqrt{6}$.",D. $- 2 \sqrt{30} + 12 \sqrt{6}$.,"Ta có $z_1z_2 = (\sqrt{6}-3i)(- 4 \sqrt{6}-2 \sqrt{5}i) = \left(-24 - 6 \sqrt{5}\right)+\left(- 2 \sqrt{30} + 12 \sqrt{6}\right)i$.
Suy ra phần ảo của $z_1z_2$ bằng $- 2 \sqrt{30} + 12 \sqrt{6}$.",Đạt,
339,Dạng 3 - Phép toán số phức,Nhân bản,21,Số vô tỉ,"Cho hai số phức $z_1 = \sqrt{2}-8i$ và $z_2 = - 4 \sqrt{3}-5i$. Phần ảo của số phức $z_1z_2$ bằng

A. $-40 - 4 \sqrt{6}$.
B. $- 5 \sqrt{2} + 32 \sqrt{3}i$.
C. $- 32 \sqrt{3} + 5 \sqrt{2}$.
D. $- 5 \sqrt{2} + 32 \sqrt{3}$.",D. $- 5 \sqrt{2} + 32 \sqrt{3}$.,"Ta có $z_1z_2 = (\sqrt{2}-8i)(- 4 \sqrt{3}-5i) = \left(-40 - 4 \sqrt{6}\right)+\left(- 5 \sqrt{2} + 32 \sqrt{3}\right)i$.
Suy ra phần ảo của $z_1z_2$ bằng $- 5 \sqrt{2} + 32 \sqrt{3}$.",Đạt,
340,Dạng 3 - Phép toán số phức,Nhân bản,35,Số nguyên,"Cho hai số phức $z_1 = -1-9i$ và $z_2 = -5+6i$. Tìm số phức $z=z_1+z_2$.

A. $z=-6-3i$.
B. $z=-1-3i$.
C. $z=6-3i$.
D. $z=-6+3i$.",A. $z=-6-3i$.,Ta có $z = -1-9i-5+6i = -6-3i$.,Đạt,
341,Dạng 3 - Phép toán số phức,Nhân bản,35,Số nguyên,"Cho hai số phức $z_1 = -8-5i$ và $z_2 = 8+5i$. Tìm số phức $z=z_1+z_2$.

A. $z=0$.
B. $z=-8$.
C. $z=1$.
D. $z=2$.",A. $z=0$.,Ta có $z = -8-5i+8+5i = 0$.,Đạt,
342,Dạng 3 - Phép toán số phức,Nhân bản,35,Số nguyên,"Cho hai số phức $z_1 = 6-2i$ và $z_2 = -2+7i$. Tìm số phức $z=z_1+z_2$.

A. $z=4+5i$.
B. $z=6+5i$.
C. $z=-4+5i$.
D. $z=4-5i$.",A. $z=4+5i$.,Ta có $z = 6-2i-2+7i = 4+5i$.,Đạt,
343,Dạng 3 - Phép toán số phức,Nhân bản,35,Số hữu tỉ,"Cho hai số phức $z_1 = \dfrac{7}{3}+\dfrac{3}{2}i$ và $z_2 = \dfrac{3}{5}+\dfrac{1}{2}i$. Tìm số phức $z=z_1+z_2$.

A. $z=\dfrac{44}{15}+2i$.
B. $z=\dfrac{7}{3}+2i$.
C. $z=- \dfrac{44}{15}+2i$.
D. $z=\dfrac{44}{15}-2i$.",A. $z=\dfrac{44}{15}+2i$.,Ta có $z = \dfrac{7}{3}+\dfrac{3}{2}i+\dfrac{3}{5}+\dfrac{1}{2}i = \dfrac{44}{15}+2i$.,Đạt,
344,Dạng 3 - Phép toán số phức,Nhân bản,35,Số hữu tỉ,"Cho hai số phức $z_1 = - \dfrac{1}{5}+\dfrac{3}{2}i$ và $z_2 = \dfrac{7}{2}-\dfrac{4}{5}i$. Tìm số phức $z=z_1+z_2$.

A. $z=\dfrac{33}{10}+\dfrac{7}{10}i$.
B. $z=- \dfrac{1}{5}+\dfrac{7}{10}i$.
C. $z=- \dfrac{33}{10}+\dfrac{7}{10}i$.
D. $z=\dfrac{33}{10}-\dfrac{7}{10}i$.",A. $z=\dfrac{33}{10}+\dfrac{7}{10}i$.,Ta có $z = - \dfrac{1}{5}+\dfrac{3}{2}i+\dfrac{7}{2}-\dfrac{4}{5}i = \dfrac{33}{10}+\dfrac{7}{10}i$.,Đạt,
345,Dạng 3 - Phép toán số phức,Nhân bản,35,Số hữu tỉ,"Cho hai số phức $z_1 = \dfrac{11}{3}-\dfrac{7}{2}i$ và $z_2 = \dfrac{3}{5}+\dfrac{5}{2}i$. Tìm số phức $z=z_1+z_2$.

A. $z=\dfrac{64}{15}-i$.
B. $z=\dfrac{11}{3}-i$.
C. $z=- \dfrac{64}{15}-i$.
D. $z=\dfrac{64}{15}+i$.",A. $z=\dfrac{64}{15}-i$.,Ta có $z = \dfrac{11}{3}-\dfrac{7}{2}i+\dfrac{3}{5}+\dfrac{5}{2}i = \dfrac{64}{15}-i$.,Đạt,
346,Dạng 3 - Phép toán số phức,Nhân bản,35,Số vô tỉ,"Cho hai số phức $z_1 = -3+4 \sqrt{3}i$ và $z_2 = 2 \sqrt{5}+8i$. Tìm số phức $z=z_1+z_2$.

A. $z=\left(-3 + 2 \sqrt{5}\right)+\left(4 \sqrt{3} + 8\right)i$.
B. $z=-3+\left(4 \sqrt{3} + 8\right)i$.
C. $z=\left(3 - 2 \sqrt{5}\right)+\left(4 \sqrt{3} + 8\right)i$.
D. $z=\left(-3 + 2 \sqrt{5}\right)-\left(4 \sqrt{3} + 8\right)i$.",A. $z=\left(-3 + 2 \sqrt{5}\right)+\left(4 \sqrt{3} + 8\right)i$.,Ta có $z = -3+4 \sqrt{3}i+2 \sqrt{5}+8i = \left(-3 + 2 \sqrt{5}\right)+\left(4 \sqrt{3} + 8\right)i$.,Đạt,
347,Dạng 3 - Phép toán số phức,Nhân bản,35,Số vô tỉ,"Cho hai số phức $z_1 = 4 \sqrt{3}+2 \sqrt{11}i$ và $z_2 = 8+\sqrt{6}i$. Tìm số phức $z=z_1+z_2$.

A. $z=\left(4 \sqrt{3} + 8\right)+\left(\sqrt{6} + 2 \sqrt{11}\right)i$.
B. $z=4 \sqrt{3}+\left(\sqrt{6} + 2 \sqrt{11}\right)i$.
C. $z=\left(-8 - 4 \sqrt{3}\right)+\left(\sqrt{6} + 2 \sqrt{11}\right)i$.
D. $z=\left(4 \sqrt{3} + 8\right)-\left(\sqrt{6} + 2 \sqrt{11}\right)i$.",A. $z=\left(4 \sqrt{3} + 8\right)+\left(\sqrt{6} + 2 \sqrt{11}\right)i$.,Ta có $z = 4 \sqrt{3}+2 \sqrt{11}i+8+\sqrt{6}i = \left(4 \sqrt{3} + 8\right)+\left(\sqrt{6} + 2 \sqrt{11}\right)i$.,Đạt,
348,Dạng 3 - Phép toán số phức,Nhân bản,35,Số vô tỉ,"Cho hai số phức $z_1 = - 3 \sqrt{6}+4 \sqrt{7}i$ và $z_2 = 8-4 \sqrt{10}i$. Tìm số phức $z=z_1+z_2$.

A. $z=\left(8 - 3 \sqrt{6}\right)-\left(- 4 \sqrt{7} + 4 \sqrt{10}\right)i$.
B. $z=- 3 \sqrt{6}-\left(- 4 \sqrt{7} + 4 \sqrt{10}\right)i$.
C. $z=\left(-8 + 3 \sqrt{6}\right)-\left(- 4 \sqrt{7} + 4 \sqrt{10}\right)i$.
D. $z=\left(8 - 3 \sqrt{6}\right)+\left(- 4 \sqrt{7} + 4 \sqrt{10}\right)i$.",A. $z=\left(8 - 3 \sqrt{6}\right)-\left(- 4 \sqrt{7} + 4 \sqrt{10}\right)i$.,Ta có $z = - 3 \sqrt{6}+4 \sqrt{7}i+8-4 \sqrt{10}i = \left(8 - 3 \sqrt{6}\right)-\left(- 4 \sqrt{7} + 4 \sqrt{10}\right)i$.,Đạt,
349,Dạng 3 - Phép toán số phức,Nhân bản,48,Số nguyên,"Cho hai số phức $z_1 = 9+7i$ và $z_2 = 6-8i$. Tìm số phức $z=z_1+z_2$.

A. $z=15-i$.
B. $z=9-i$.
C. $z=-15-i$.
D. $z=15+i$.",A. $z=15-i$.,Ta có $z = 9+7i+6-8i = 15-i$.,Đạt,
350,Dạng 3 - Phép toán số phức,Nhân bản,48,Số nguyên,"Cho hai số phức $z_1 = 6+8i$ và $z_2 = 1+3i$. Tìm số phức $z=z_1+z_2$.

A. $z=7+11i$.
B. $z=6+11i$.
C. $z=-7+11i$.
D. $z=7-11i$.",A. $z=7+11i$.,Ta có $z = 6+8i+1+3i = 7+11i$.,Đạt,
351,Dạng 3 - Phép toán số phức,Nhân bản,48,Số nguyên,"Cho hai số phức $z_1 = -5-4i$ và $z_2 = -8-2i$. Tìm số phức $z=z_1+z_2$.

A. $z=-13-6i$.
B. $z=-5-6i$.
C. $z=13-6i$.
D. $z=-13+6i$.",A. $z=-13-6i$.,Ta có $z = -5-4i-8-2i = -13-6i$.,Đạt,
352,Dạng 3 - Phép toán số phức,Nhân bản,48,Số hữu tỉ,"Cho hai số phức $z_1 = - \dfrac{5}{3}+\dfrac{3}{5}i$ và $z_2 = - \dfrac{11}{3}+\dfrac{9}{5}i$. Tìm số phức $z=z_1+z_2$.

A. $z=- \dfrac{16}{3}+\dfrac{12}{5}i$.
B. $z=- \dfrac{5}{3}+\dfrac{12}{5}i$.
C. $z=\dfrac{16}{3}+\dfrac{12}{5}i$.
D. $z=- \dfrac{16}{3}-\dfrac{12}{5}i$.",A. $z=- \dfrac{16}{3}+\dfrac{12}{5}i$.,Ta có $z = - \dfrac{5}{3}+\dfrac{3}{5}i- \dfrac{11}{3}+\dfrac{9}{5}i = - \dfrac{16}{3}+\dfrac{12}{5}i$.,Đạt,
353,Dạng 3 - Phép toán số phức,Nhân bản,48,Số hữu tỉ,"Cho hai số phức $z_1 = - \dfrac{4}{5}-\dfrac{7}{2}i$ và $z_2 = - \dfrac{3}{4}+\dfrac{7}{3}i$. Tìm số phức $z=z_1+z_2$.

A. $z=- \dfrac{31}{20}-\dfrac{7}{6}i$.
B. $z=- \dfrac{4}{5}-\dfrac{7}{6}i$.
C. $z=\dfrac{31}{20}-\dfrac{7}{6}i$.
D. $z=- \dfrac{31}{20}+\dfrac{7}{6}i$.",A. $z=- \dfrac{31}{20}-\dfrac{7}{6}i$.,Ta có $z = - \dfrac{4}{5}-\dfrac{7}{2}i- \dfrac{3}{4}+\dfrac{7}{3}i = - \dfrac{31}{20}-\dfrac{7}{6}i$.,Đạt,
354,Dạng 3 - Phép toán số phức,Nhân bản,48,Số hữu tỉ,"Cho hai số phức $z_1 = \dfrac{2}{3}+\dfrac{10}{3}i$ và $z_2 = - \dfrac{4}{3}-\dfrac{11}{4}i$. Tìm số phức $z=z_1+z_2$.

A. $z=- \dfrac{2}{3}+\dfrac{7}{12}i$.
B. $z=\dfrac{2}{3}+\dfrac{7}{12}i$.
C. $z=\dfrac{5}{3}+\dfrac{7}{12}i$.
D. $z=- \dfrac{2}{3}-\dfrac{7}{12}i$.",A. $z=- \dfrac{2}{3}+\dfrac{7}{12}i$.,Ta có $z = \dfrac{2}{3}+\dfrac{10}{3}i- \dfrac{4}{3}-\dfrac{11}{4}i = - \dfrac{2}{3}+\dfrac{7}{12}i$.,Đạt,
355,Dạng 3 - Phép toán số phức,Nhân bản,48,Số vô tỉ,"Cho hai số phức $z_1 = - \sqrt{6}-2i$ và $z_2 = -7+\sqrt{11}i$. Tìm số phức $z=z_1+z_2$.

A. $z=\left(-7 - \sqrt{6}\right)+\left(-2 + \sqrt{11}\right)i$.
B. $z=- \sqrt{6}+\left(-2 + \sqrt{11}\right)i$.
C. $z=\left(\sqrt{6} + 7\right)+\left(-2 + \sqrt{11}\right)i$.
D. $z=\left(-7 - \sqrt{6}\right)-\left(-2 + \sqrt{11}\right)i$.",A. $z=\left(-7 - \sqrt{6}\right)+\left(-2 + \sqrt{11}\right)i$.,Ta có $z = - \sqrt{6}-2i-7+\sqrt{11}i = \left(-7 - \sqrt{6}\right)+\left(-2 + \sqrt{11}\right)i$.,Đạt,
356,Dạng 3 - Phép toán số phức,Nhân bản,48,Số vô tỉ,"Cho hai số phức $z_1 = 2 \sqrt{7}+2 \sqrt{11}i$ và $z_2 = -9-4 \sqrt{10}i$. Tìm số phức $z=z_1+z_2$.

A. $z=\left(-9 + 2 \sqrt{7}\right)-\left(- 2 \sqrt{11} + 4 \sqrt{10}\right)i$.
B. $z=2 \sqrt{7}-\left(- 2 \sqrt{11} + 4 \sqrt{10}\right)i$.
C. $z=\left(9 - 2 \sqrt{7}\right)-\left(- 2 \sqrt{11} + 4 \sqrt{10}\right)i$.
D. $z=\left(-9 + 2 \sqrt{7}\right)+\left(- 2 \sqrt{11} + 4 \sqrt{10}\right)i$.",A. $z=\left(-9 + 2 \sqrt{7}\right)-\left(- 2 \sqrt{11} + 4 \sqrt{10}\right)i$.,Ta có $z = 2 \sqrt{7}+2 \sqrt{11}i-9-4 \sqrt{10}i = \left(-9 + 2 \sqrt{7}\right)-\left(- 2 \sqrt{11} + 4 \sqrt{10}\right)i$.,Đạt,
357,Dạng 3 - Phép toán số phức,Nhân bản,48,Số vô tỉ,"Cho hai số phức $z_1 = 4 \sqrt{5}+i$ và $z_2 = 3-3 \sqrt{6}i$. Tìm số phức $z=z_1+z_2$.

A. $z=\left(3 + 4 \sqrt{5}\right)-\left(-1 + 3 \sqrt{6}\right)i$.
B. $z=4 \sqrt{5}-\left(-1 + 3 \sqrt{6}\right)i$.
C. $z=\left(- 4 \sqrt{5} - 3\right)-\left(-1 + 3 \sqrt{6}\right)i$.
D. $z=\left(3 + 4 \sqrt{5}\right)+\left(-1 + 3 \sqrt{6}\right)i$.",A. $z=\left(3 + 4 \sqrt{5}\right)-\left(-1 + 3 \sqrt{6}\right)i$.,Ta có $z = 4 \sqrt{5}+i+3-3 \sqrt{6}i = \left(3 + 4 \sqrt{5}\right)-\left(-1 + 3 \sqrt{6}\right)i$.,Đạt,
358,Dạng 3 - Phép toán số phức,Nhân bản,64,Số nguyên,"Cho hai số phức $z_1 = 1+6i$ và $z_2 = 8-7i$. Tìm số phức $z=z_1+z_2$.

A. $z=9-i$.
B. $z=1-i$.
C. $z=-9-i$.
D. $z=9+i$.",A. $z=9-i$.,Ta có $z = 1+6i+8-7i = 9-i$.,Đạt,
359,Dạng 3 - Phép toán số phức,Nhân bản,64,Số nguyên,"Cho hai số phức $z_1 = -7+5i$ và $z_2 = 4-5i$. Tìm số phức $z=z_1+z_2$.

A. $z=-3$.
B. $z=-7$.
C. $z=3$.
D. $z=-2$.",A. $z=-3$.,Ta có $z = -7+5i+4-5i = -3$.,Đạt,
360,Dạng 3 - Phép toán số phức,Nhân bản,64,Số nguyên,"Cho hai số phức $z_1 = -5-5i$ và $z_2 = -6+5i$. Tìm số phức $z=z_1+z_2$.

A. $z=-11$.
B. $z=-5$.
C. $z=11$.
D. $z=-10$.",A. $z=-11$.,Ta có $z = -5-5i-6+5i = -11$.,Đạt,
361,Dạng 3 - Phép toán số phức,Nhân bản,64,Số hữu tỉ,"Cho hai số phức $z_1 = \dfrac{1}{2}-\dfrac{11}{3}i$ và $z_2 = \dfrac{11}{5}+\dfrac{1}{3}i$. Tìm số phức $z=z_1+z_2$.

A. $z=\dfrac{27}{10}-\dfrac{10}{3}i$.
B. $z=\dfrac{1}{2}-\dfrac{10}{3}i$.
C. $z=- \dfrac{27}{10}-\dfrac{10}{3}i$.
D. $z=\dfrac{27}{10}+\dfrac{10}{3}i$.",A. $z=\dfrac{27}{10}-\dfrac{10}{3}i$.,Ta có $z = \dfrac{1}{2}-\dfrac{11}{3}i+\dfrac{11}{5}+\dfrac{1}{3}i = \dfrac{27}{10}-\dfrac{10}{3}i$.,Đạt,
362,Dạng 3 - Phép toán số phức,Nhân bản,64,Số hữu tỉ,"Cho hai số phức $z_1 = - \dfrac{9}{4}-\dfrac{5}{3}i$ và $z_2 = - \dfrac{3}{5}-\dfrac{2}{3}i$. Tìm số phức $z=z_1+z_2$.

A. $z=- \dfrac{57}{20}-\dfrac{7}{3}i$.
B. $z=- \dfrac{9}{4}-\dfrac{7}{3}i$.
C. $z=\dfrac{57}{20}-\dfrac{7}{3}i$.
D. $z=- \dfrac{57}{20}+\dfrac{7}{3}i$.",A. $z=- \dfrac{57}{20}-\dfrac{7}{3}i$.,Ta có $z = - \dfrac{9}{4}-\dfrac{5}{3}i- \dfrac{3}{5}-\dfrac{2}{3}i = - \dfrac{57}{20}-\dfrac{7}{3}i$.,Đạt,
363,Dạng 3 - Phép toán số phức,Nhân bản,64,Số hữu tỉ,"Cho hai số phức $z_1 = \dfrac{11}{2}-\dfrac{1}{2}i$ và $z_2 = - \dfrac{7}{2}+\dfrac{7}{2}i$. Tìm số phức $z=z_1+z_2$.

A. $z=2+3i$.
B. $z=\dfrac{11}{2}+3i$.
C. $z=-2+3i$.
D. $z=2-3i$.",A. $z=2+3i$.,Ta có $z = \dfrac{11}{2}-\dfrac{1}{2}i- \dfrac{7}{2}+\dfrac{7}{2}i = 2+3i$.,Đạt,
364,Dạng 3 - Phép toán số phức,Nhân bản,64,Số vô tỉ,"Cho hai số phức $z_1 = - \sqrt{2}-8i$ và $z_2 = 2-4 \sqrt{7}i$. Tìm số phức $z=z_1+z_2$.

A. $z=\left(2 - \sqrt{2}\right)-\left(8 + 4 \sqrt{7}\right)i$.
B. $z=- \sqrt{2}-\left(8 + 4 \sqrt{7}\right)i$.
C. $z=\left(-2 + \sqrt{2}\right)-\left(8 + 4 \sqrt{7}\right)i$.
D. $z=\left(2 - \sqrt{2}\right)+\left(8 + 4 \sqrt{7}\right)i$.",A. $z=\left(2 - \sqrt{2}\right)-\left(8 + 4 \sqrt{7}\right)i$.,Ta có $z = - \sqrt{2}-8i+2-4 \sqrt{7}i = \left(2 - \sqrt{2}\right)-\left(8 + 4 \sqrt{7}\right)i$.,Đạt,
365,Dạng 3 - Phép toán số phức,Nhân bản,64,Số vô tỉ,"Cho hai số phức $z_1 = -8-2 \sqrt{5}i$ và $z_2 = - 4 \sqrt{3}+4i$. Tìm số phức $z=z_1+z_2$.

A. $z=\left(-8 - 4 \sqrt{3}\right)-\left(-4 + 2 \sqrt{5}\right)i$.
B. $z=-8-\left(-4 + 2 \sqrt{5}\right)i$.
C. $z=\left(4 \sqrt{3} + 8\right)-\left(-4 + 2 \sqrt{5}\right)i$.
D. $z=\left(-8 - 4 \sqrt{3}\right)+\left(-4 + 2 \sqrt{5}\right)i$.",A. $z=\left(-8 - 4 \sqrt{3}\right)-\left(-4 + 2 \sqrt{5}\right)i$.,Ta có $z = -8-2 \sqrt{5}i- 4 \sqrt{3}+4i = \left(-8 - 4 \sqrt{3}\right)-\left(-4 + 2 \sqrt{5}\right)i$.,Đạt,
366,Dạng 3 - Phép toán số phức,Nhân bản,64,Số vô tỉ,"Cho hai số phức $z_1 = 2 \sqrt{6}-4 \sqrt{10}i$ và $z_2 = 5-3 \sqrt{5}i$. Tìm số phức $z=z_1+z_2$.

A. $z=\left(2 \sqrt{6} + 5\right)-\left(3 \sqrt{5} + 4 \sqrt{10}\right)i$.
B. $z=2 \sqrt{6}-\left(3 \sqrt{5} + 4 \sqrt{10}\right)i$.
C. $z=\left(-5 - 2 \sqrt{6}\right)-\left(3 \sqrt{5} + 4 \sqrt{10}\right)i$.
D. $z=\left(2 \sqrt{6} + 5\right)+\left(3 \sqrt{5} + 4 \sqrt{10}\right)i$.",A. $z=\left(2 \sqrt{6} + 5\right)-\left(3 \sqrt{5} + 4 \sqrt{10}\right)i$.,Ta có $z = 2 \sqrt{6}-4 \sqrt{10}i+5-3 \sqrt{5}i = \left(2 \sqrt{6} + 5\right)-\left(3 \sqrt{5} + 4 \sqrt{10}\right)i$.,Đạt,
367,Dạng 3 - Phép toán số phức,Nhân bản,52,Số nguyên,"Cho hai số phức $z=9+2i$ và $w=1-8i$. Số phức $z+w$ bằng

A. $10-6i$.
B. $9-6i$.
C. $-10+6i$.
D. $10+6i$.",A. $10-6i$.,Ta có $z+w=9+2i+1-8i=10-6i$.,Đạt,
368,Dạng 3 - Phép toán số phức,Nhân bản,52,Số nguyên,"Cho hai số phức $z=7+9i$ và $w=2+6i$. Số phức $z+w$ bằng

A. $9+15i$.
B. $7+15i$.
C. $-9-15i$.
D. $9-15i$.",A. $9+15i$.,Ta có $z+w=7+9i+2+6i=9+15i$.,Đạt,
369,Dạng 3 - Phép toán số phức,Nhân bản,52,Số nguyên,"Cho hai số phức $z=-4+7i$ và $w=4-9i$. Số phức $z+w$ bằng

A. $0-2i$.
B. $-4-2i$.
C. $0+2i$.
D. $1+2i$.",A. $0-2i$.,Ta có $z+w=-4+7i+4-9i=0-2i$.,Đạt,
370,Dạng 3 - Phép toán số phức,Nhân bản,52,Số hữu tỉ,"Cho hai số phức $z=\dfrac{7}{2}+\dfrac{11}{2}i$ và $w=\dfrac{10}{3}-\dfrac{8}{5}i$. Số phức $z+w$ bằng

A. $\dfrac{41}{6}+\dfrac{39}{10}i$.
B. $\dfrac{7}{2}+\dfrac{39}{10}i$.
C. $- \dfrac{41}{6}-\dfrac{39}{10}i$.
D. $\dfrac{41}{6}-\dfrac{39}{10}i$.",A. $\dfrac{41}{6}+\dfrac{39}{10}i$.,Ta có $z+w=\dfrac{7}{2}+\dfrac{11}{2}i+\dfrac{10}{3}-\dfrac{8}{5}i=\dfrac{41}{6}+\dfrac{39}{10}i$.,Đạt,
371,Dạng 3 - Phép toán số phức,Nhân bản,52,Số hữu tỉ,"Cho hai số phức $z=\dfrac{4}{5}-\dfrac{5}{2}i$ và $w=- \dfrac{5}{3}-\dfrac{9}{2}i$. Số phức $z+w$ bằng

A. $- \dfrac{13}{15}-7i$.
B. $\dfrac{4}{5}-7i$.
C. $\dfrac{13}{15}+7i$.
D. $- \dfrac{13}{15}+7i$.",A. $- \dfrac{13}{15}-7i$.,Ta có $z+w=\dfrac{4}{5}-\dfrac{5}{2}i- \dfrac{5}{3}-\dfrac{9}{2}i=- \dfrac{13}{15}-7i$.,Đạt,
372,Dạng 3 - Phép toán số phức,Nhân bản,52,Số hữu tỉ,"Cho hai số phức $z=\dfrac{11}{5}-\dfrac{1}{3}i$ và $w=- \dfrac{5}{2}+\dfrac{3}{4}i$. Số phức $z+w$ bằng

A. $- \dfrac{3}{10}+\dfrac{5}{12}i$.
B. $\dfrac{11}{5}+\dfrac{5}{12}i$.
C. $\dfrac{3}{10}-\dfrac{5}{12}i$.
D. $- \dfrac{3}{10}-\dfrac{5}{12}i$.",A. $- \dfrac{3}{10}+\dfrac{5}{12}i$.,Ta có $z+w=\dfrac{11}{5}-\dfrac{1}{3}i- \dfrac{5}{2}+\dfrac{3}{4}i=- \dfrac{3}{10}+\dfrac{5}{12}i$.,Đạt,
373,Dạng 3 - Phép toán số phức,Nhân bản,52,Số vô tỉ,"Cho hai số phức $z=2 \sqrt{7}+\sqrt{5}i$ và $w=- \sqrt{6}+6i$. Số phức $z+w$ bằng

A. $\left(- \sqrt{6} + 2 \sqrt{7}\right)+\left(\sqrt{5} + 6\right)i$.
B. $2 \sqrt{7}+\left(\sqrt{5} + 6\right)i$.
C. $\left(- 2 \sqrt{7} + \sqrt{6}\right)-\left(\sqrt{5} + 6\right)i$.
D. $\left(- \sqrt{6} + 2 \sqrt{7}\right)-\left(\sqrt{5} + 6\right)i$.",A. $\left(- \sqrt{6} + 2 \sqrt{7}\right)+\left(\sqrt{5} + 6\right)i$.,Ta có $z+w=2 \sqrt{7}+\sqrt{5}i- \sqrt{6}+6i=\left(- \sqrt{6} + 2 \sqrt{7}\right)+\left(\sqrt{5} + 6\right)i$.,Đạt,
374,Dạng 3 - Phép toán số phức,Nhân bản,52,Số vô tỉ,"Cho hai số phức $z=4 \sqrt{11}-4i$ và $w=- \sqrt{2}+\sqrt{5}i$. Số phức $z+w$ bằng

A. $\left(- \sqrt{2} + 4 \sqrt{11}\right)-\left(4 - \sqrt{5}\right)i$.
B. $4 \sqrt{11}-\left(4 - \sqrt{5}\right)i$.
C. $\left(- 4 \sqrt{11} + \sqrt{2}\right)+\left(4 - \sqrt{5}\right)i$.
D. $\left(- \sqrt{2} + 4 \sqrt{11}\right)+\left(4 - \sqrt{5}\right)i$.",A. $\left(- \sqrt{2} + 4 \sqrt{11}\right)-\left(4 - \sqrt{5}\right)i$.,Ta có $z+w=4 \sqrt{11}-4i- \sqrt{2}+\sqrt{5}i=\left(- \sqrt{2} + 4 \sqrt{11}\right)-\left(4 - \sqrt{5}\right)i$.,Đạt,
375,Dạng 3 - Phép toán số phức,Nhân bản,52,Số vô tỉ,"Cho hai số phức $z=- 3 \sqrt{2}-8i$ và $w=- 3 \sqrt{6}-2 \sqrt{5}i$. Số phức $z+w$ bằng

A. $\left(- 3 \sqrt{6} - 3 \sqrt{2}\right)-\left(2 \sqrt{5} + 8\right)i$.
B. $- 3 \sqrt{2}-\left(2 \sqrt{5} + 8\right)i$.
C. $\left(3 \sqrt{2} + 3 \sqrt{6}\right)+\left(2 \sqrt{5} + 8\right)i$.
D. $\left(- 3 \sqrt{6} - 3 \sqrt{2}\right)+\left(2 \sqrt{5} + 8\right)i$.",A. $\left(- 3 \sqrt{6} - 3 \sqrt{2}\right)-\left(2 \sqrt{5} + 8\right)i$.,Ta có $z+w=- 3 \sqrt{2}-8i- 3 \sqrt{6}-2 \sqrt{5}i=\left(- 3 \sqrt{6} - 3 \sqrt{2}\right)-\left(2 \sqrt{5} + 8\right)i$.,Đạt,
376,Dạng 3 - Phép toán số phức,Nhân bản,57,Số nguyên,"Cho hai số phức $z=-2+9i$ và $w=5-i$. Số phức $z-w$ bằng

A. $-7+10i$.
B. $-2+10i$.
C. $7-10i$.
D. $-7-10i$.",A. $-7+10i$.,Ta có $z-w=-2+9i-(5-i)=-7+10i$.,Đạt,
377,Dạng 3 - Phép toán số phức,Nhân bản,57,Số nguyên,"Cho hai số phức $z=-9-9i$ và $w=1-7i$. Số phức $z-w$ bằng

A. $-10-2i$.
B. $-9-2i$.
C. $10+2i$.
D. $-10+2i$.",A. $-10-2i$.,Ta có $z-w=-9-9i-(1-7i)=-10-2i$.,Đạt,
378,Dạng 3 - Phép toán số phức,Nhân bản,57,Số nguyên,"Cho hai số phức $z=5-4i$ và $w=-2+4i$. Số phức $z-w$ bằng

A. $7-8i$.
B. $5-8i$.
C. $-7+8i$.
D. $7+8i$.",A. $7-8i$.,Ta có $z-w=5-4i-(-2+4i)=7-8i$.,Đạt,
379,Dạng 3 - Phép toán số phức,Nhân bản,57,Số hữu tỉ,"Cho hai số phức $z=\dfrac{7}{2}-\dfrac{7}{5}i$ và $w=\dfrac{9}{4}+\dfrac{11}{4}i$. Số phức $z-w$ bằng

A. $\dfrac{5}{4}-\dfrac{83}{20}i$.
B. $\dfrac{7}{2}-\dfrac{83}{20}i$.
C. $- \dfrac{5}{4}+\dfrac{83}{20}i$.
D. $\dfrac{5}{4}+\dfrac{83}{20}i$.",A. $\dfrac{5}{4}-\dfrac{83}{20}i$.,Ta có $z-w=\dfrac{7}{2}-\dfrac{7}{5}i-(\dfrac{9}{4}+\dfrac{11}{4}i)=\dfrac{5}{4}-\dfrac{83}{20}i$.,Đạt,
380,Dạng 3 - Phép toán số phức,Nhân bản,57,Số hữu tỉ,"Cho hai số phức $z=- \dfrac{9}{5}+\dfrac{1}{4}i$ và $w=- \dfrac{8}{5}+\dfrac{5}{3}i$. Số phức $z-w$ bằng

A. $- \dfrac{1}{5}-\dfrac{17}{12}i$.
B. $- \dfrac{9}{5}-\dfrac{17}{12}i$.
C. $\dfrac{1}{5}+\dfrac{17}{12}i$.
D. $- \dfrac{1}{5}+\dfrac{17}{12}i$.",A. $- \dfrac{1}{5}-\dfrac{17}{12}i$.,Ta có $z-w=- \dfrac{9}{5}+\dfrac{1}{4}i-(- \dfrac{8}{5}+\dfrac{5}{3}i)=- \dfrac{1}{5}-\dfrac{17}{12}i$.,Đạt,
381,Dạng 3 - Phép toán số phức,Nhân bản,57,Số hữu tỉ,"Cho hai số phức $z=- \dfrac{9}{2}-\dfrac{1}{2}i$ và $w=- \dfrac{7}{2}-\dfrac{7}{2}i$. Số phức $z-w$ bằng

A. $-1+3i$.
B. $- \dfrac{9}{2}+3i$.
C. $1-3i$.
D. $-1-3i$.",A. $-1+3i$.,Ta có $z-w=- \dfrac{9}{2}-\dfrac{1}{2}i-(- \dfrac{7}{2}-\dfrac{7}{2}i)=-1+3i$.,Đạt,
382,Dạng 3 - Phép toán số phức,Nhân bản,57,Số vô tỉ,"Cho hai số phức $z=9-4 \sqrt{2}i$ và $w=2 \sqrt{3}+7i$. Số phức $z-w$ bằng

A. $\left(9 - 2 \sqrt{3}\right)-\left(4 \sqrt{2} + 7\right)i$.
B. $9-\left(4 \sqrt{2} + 7\right)i$.
C. $\left(-9 + 2 \sqrt{3}\right)+\left(4 \sqrt{2} + 7\right)i$.
D. $\left(9 - 2 \sqrt{3}\right)+\left(4 \sqrt{2} + 7\right)i$.",A. $\left(9 - 2 \sqrt{3}\right)-\left(4 \sqrt{2} + 7\right)i$.,Ta có $z-w=9-4 \sqrt{2}i-(2 \sqrt{3}+7i)=\left(9 - 2 \sqrt{3}\right)-\left(4 \sqrt{2} + 7\right)i$.,Đạt,
383,Dạng 3 - Phép toán số phức,Nhân bản,57,Số vô tỉ,"Cho hai số phức $z=-8+4 \sqrt{11}i$ và $w=-9-4 \sqrt{6}i$. Số phức $z-w$ bằng

A. $1+\left(4 \sqrt{6} + 4 \sqrt{11}\right)i$.
B. $-8+\left(4 \sqrt{6} + 4 \sqrt{11}\right)i$.
C. $-1-\left(4 \sqrt{6} + 4 \sqrt{11}\right)i$.
D. $1-\left(4 \sqrt{6} + 4 \sqrt{11}\right)i$.",A. $1+\left(4 \sqrt{6} + 4 \sqrt{11}\right)i$.,Ta có $z-w=-8+4 \sqrt{11}i-(-9-4 \sqrt{6}i)=1+\left(4 \sqrt{6} + 4 \sqrt{11}\right)i$.,Đạt,
384,Dạng 3 - Phép toán số phức,Nhân bản,57,Số vô tỉ,"Cho hai số phức $z=- 4 \sqrt{7}-\sqrt{2}i$ và $w=4 \sqrt{5}+4i$. Số phức $z-w$ bằng

A. $\left(- 4 \sqrt{7} - 4 \sqrt{5}\right)-\left(\sqrt{2} + 4\right)i$.
B. $- 4 \sqrt{7}-\left(\sqrt{2} + 4\right)i$.
C. $\left(4 \sqrt{5} + 4 \sqrt{7}\right)+\left(\sqrt{2} + 4\right)i$.
D. $\left(- 4 \sqrt{7} - 4 \sqrt{5}\right)+\left(\sqrt{2} + 4\right)i$.",A. $\left(- 4 \sqrt{7} - 4 \sqrt{5}\right)-\left(\sqrt{2} + 4\right)i$.,Ta có $z-w=- 4 \sqrt{7}-\sqrt{2}i-(4 \sqrt{5}+4i)=\left(- 4 \sqrt{7} - 4 \sqrt{5}\right)-\left(\sqrt{2} + 4\right)i$.,Đạt,
385,Dạng 4 - Tìm số phức thỏa mãn điều kiện cho trước,Nhân bản,6,Số nguyên,"Tính môđun của số phức $z$ thỏa mãn $z(-5-7i)+13i=1$.

A. $|z| = \dfrac{\sqrt{3145}}{37}$.
B. $|z| = \dfrac{85}{37}$.
C. $|z| = \dfrac{7}{37}$.
D. $|z| = 1 + \dfrac{\sqrt{3145}}{37}$.",A. $|z| = \dfrac{\sqrt{3145}}{37}$.,"Ta có: $z(-5-7i)+13i=1 \Leftrightarrow z = \dfrac{1-13i}{-5-7i} = \dfrac{43}{37}+\dfrac{36}{37}i$.
$|z| = \dfrac{\sqrt{3145}}{37}$.",Đạt,
386,Dạng 4 - Tìm số phức thỏa mãn điều kiện cho trước,Nhân bản,6,Số nguyên,"Tính môđun của số phức $z$ thỏa mãn $z(-1-2i)+13i=1$.

A. $|z| = \sqrt{34}$.
B. $|z| = 34$.
C. $|z| = 2$.
D. $|z| = 1 + \sqrt{34}$.",A. $|z| = \sqrt{34}$.,"Ta có: $z(-1-2i)+13i=1 \Leftrightarrow z = \dfrac{1-13i}{-1-2i} = 5+3i$.
$|z| = \sqrt{34}$.",Đạt,
387,Dạng 4 - Tìm số phức thỏa mãn điều kiện cho trước,Nhân bản,6,Số nguyên,"Tính môđun của số phức $z$ thỏa mãn $z(5+2i)+13i=1$.

A. $|z| = \dfrac{\sqrt{4930}}{29}$.
B. $|z| = \dfrac{170}{29}$.
C. $|z| = \dfrac{46}{29}$.
D. $|z| = 1 + \dfrac{\sqrt{4930}}{29}$.",A. $|z| = \dfrac{\sqrt{4930}}{29}$.,"Ta có: $z(5+2i)+13i=1 \Leftrightarrow z = \dfrac{1-13i}{5+2i} = - \dfrac{21}{29}-\dfrac{67}{29}i$.
$|z| = \dfrac{\sqrt{4930}}{29}$.",Đạt,
388,Dạng 4 - Tìm số phức thỏa mãn điều kiện cho trước,Nhân bản,6,Số hữu tỉ,"Tính môđun của số phức $z$ thỏa mãn $z(- \dfrac{3}{2}-\dfrac{7}{2}i)+13i=1$.

A. $|z| = \dfrac{2 \sqrt{2465}}{29}$.
B. $|z| = \dfrac{340}{29}$.
C. $|z| = \dfrac{42}{29}$.
D. $|z| = 1 + \dfrac{2 \sqrt{2465}}{29}$.",A. $|z| = \dfrac{2 \sqrt{2465}}{29}$.,"Ta có: $z(- \dfrac{3}{2}-\dfrac{7}{2}i)+13i=1 \Leftrightarrow z = \dfrac{1-13i}{- \dfrac{3}{2}-\dfrac{7}{2}i} = \dfrac{88}{29}+\dfrac{46}{29}i$.
$|z| = \dfrac{2 \sqrt{2465}}{29}$.",Đạt,
389,Dạng 4 - Tìm số phức thỏa mãn điều kiện cho trước,Nhân bản,6,Số hữu tỉ,"Tính môđun của số phức $z$ thỏa mãn $z(\dfrac{1}{5}+\dfrac{3}{5}i)+13i=1$.

A. $|z| = 5 \sqrt{17}$.
B. $|z| = 425$.
C. $|z| = 11$.
D. $|z| = 1 + 5 \sqrt{17}$.",A. $|z| = 5 \sqrt{17}$.,"Ta có: $z(\dfrac{1}{5}+\dfrac{3}{5}i)+13i=1 \Leftrightarrow z = \dfrac{1-13i}{\dfrac{1}{5}+\dfrac{3}{5}i} = -19-8i$.
$|z| = 5 \sqrt{17}$.",Đạt,
390,Dạng 4 - Tìm số phức thỏa mãn điều kiện cho trước,Nhân bản,6,Số hữu tỉ,"Tính môđun của số phức $z$ thỏa mãn $z(- \dfrac{4}{3}+\dfrac{1}{3}i)+13i=1$.

A. $|z| = 3 \sqrt{10}$.
B. $|z| = 90$.
C. $|z| = 12$.
D. $|z| = 1 + 3 \sqrt{10}$.",A. $|z| = 3 \sqrt{10}$.,"Ta có: $z(- \dfrac{4}{3}+\dfrac{1}{3}i)+13i=1 \Leftrightarrow z = \dfrac{1-13i}{- \dfrac{4}{3}+\dfrac{1}{3}i} = -3+9i$.
$|z| = 3 \sqrt{10}$.",Đạt,
391,Dạng 4 - Tìm số phức thỏa mãn điều kiện cho trước,Nhân bản,6,Số vô tỉ,"Tính môđun của số phức $z$ thỏa mãn $z(7-2 \sqrt{3}i)+13i=1$.

A. $|z| = \sqrt{\left(\dfrac{7}{61} + \dfrac{26 \sqrt{3}}{61}\right)^{2} + \left(- \dfrac{91}{61} + \dfrac{2 \sqrt{3}}{61}\right)^{2}}$.
B. $|z| = \left(\dfrac{7}{61} + \dfrac{26 \sqrt{3}}{61}\right)^{2} + \left(- \dfrac{91}{61} + \dfrac{2 \sqrt{3}}{61}\right)^{2}$.
C. $|z| = \dfrac{24 \sqrt{3}}{61} + \dfrac{98}{61}$.
D. $|z| = 1 + \sqrt{\left(\dfrac{7}{61} + \dfrac{26 \sqrt{3}}{61}\right)^{2} + \left(- \dfrac{91}{61} + \dfrac{2 \sqrt{3}}{61}\right)^{2}}$.",A. $|z| = \sqrt{\left(\dfrac{7}{61} + \dfrac{26 \sqrt{3}}{61}\right)^{2} + \left(- \dfrac{91}{61} + \dfrac{2 \sqrt{3}}{61}\right)^{2}}$.,"Ta có: $z(7-2 \sqrt{3}i)+13i=1 \Leftrightarrow z = \dfrac{1-13i}{7-2 \sqrt{3}i} = \left(\dfrac{7}{61} + \dfrac{26 \sqrt{3}}{61}\right)-\left(\dfrac{91}{61} - \dfrac{2 \sqrt{3}}{61}\right)i$.
$|z| = \sqrt{\left(\dfrac{7}{61} + \dfrac{26 \sqrt{3}}{61}\right)^{2} + \left(- \dfrac{91}{61} + \dfrac{2 \sqrt{3}}{61}\right)^{2}}$.",Đạt,
392,Dạng 4 - Tìm số phức thỏa mãn điều kiện cho trước,Nhân bản,6,Số vô tỉ,"Tính môđun của số phức $z$ thỏa mãn $z(-6+4 \sqrt{3}i)+13i=1$.

A. $|z| = \sqrt{\left(\dfrac{13}{14} - \dfrac{\sqrt{3}}{21}\right)^{2} + \left(- \dfrac{13 \sqrt{3}}{21} - \dfrac{1}{14}\right)^{2}}$.
B. $|z| = \left(\dfrac{13}{14} - \dfrac{\sqrt{3}}{21}\right)^{2} + \left(- \dfrac{13 \sqrt{3}}{21} - \dfrac{1}{14}\right)^{2}$.
C. $|z| = \dfrac{4 \sqrt{3}}{7} + 1$.
D. $|z| = 1 + \sqrt{\left(\dfrac{13}{14} - \dfrac{\sqrt{3}}{21}\right)^{2} + \left(- \dfrac{13 \sqrt{3}}{21} - \dfrac{1}{14}\right)^{2}}$.",A. $|z| = \sqrt{\left(\dfrac{13}{14} - \dfrac{\sqrt{3}}{21}\right)^{2} + \left(- \dfrac{13 \sqrt{3}}{21} - \dfrac{1}{14}\right)^{2}}$.,"Ta có: $z(-6+4 \sqrt{3}i)+13i=1 \Leftrightarrow z = \dfrac{1-13i}{-6+4 \sqrt{3}i} = \left(- \dfrac{13 \sqrt{3}}{21} - \dfrac{1}{14}\right)+\left(\dfrac{13}{14} - \dfrac{\sqrt{3}}{21}\right)i$.
$|z| = \sqrt{\left(\dfrac{13}{14} - \dfrac{\sqrt{3}}{21}\right)^{2} + \left(- \dfrac{13 \sqrt{3}}{21} - \dfrac{1}{14}\right)^{2}}$.",Đạt,
393,Dạng 4 - Tìm số phức thỏa mãn điều kiện cho trước,Nhân bản,6,Số vô tỉ,"Tính môđun của số phức $z$ thỏa mãn $z(- 3 \sqrt{2}-2i)+13i=1$.

A. $|z| = \sqrt{\left(\dfrac{13}{11} - \dfrac{3 \sqrt{2}}{22}\right)^{2} + \left(\dfrac{1}{11} + \dfrac{39 \sqrt{2}}{22}\right)^{2}}$.
B. $|z| = \left(\dfrac{13}{11} - \dfrac{3 \sqrt{2}}{22}\right)^{2} + \left(\dfrac{1}{11} + \dfrac{39 \sqrt{2}}{22}\right)^{2}$.
C. $|z| = - \dfrac{12}{11} + \dfrac{21 \sqrt{2}}{11}$.
D. $|z| = 1 + \sqrt{\left(\dfrac{13}{11} - \dfrac{3 \sqrt{2}}{22}\right)^{2} + \left(\dfrac{1}{11} + \dfrac{39 \sqrt{2}}{22}\right)^{2}}$.",A. $|z| = \sqrt{\left(\dfrac{13}{11} - \dfrac{3 \sqrt{2}}{22}\right)^{2} + \left(\dfrac{1}{11} + \dfrac{39 \sqrt{2}}{22}\right)^{2}}$.,"Ta có: $z(- 3 \sqrt{2}-2i)+13i=1 \Leftrightarrow z = \dfrac{1-13i}{- 3 \sqrt{2}-2i} = \left(\dfrac{13}{11} - \dfrac{3 \sqrt{2}}{22}\right)+\left(\dfrac{1}{11} + \dfrac{39 \sqrt{2}}{22}\right)i$.
$|z| = \sqrt{\left(\dfrac{13}{11} - \dfrac{3 \sqrt{2}}{22}\right)^{2} + \left(\dfrac{1}{11} + \dfrac{39 \sqrt{2}}{22}\right)^{2}}$.",Đạt,
394,Dạng 4 - Tìm số phức thỏa mãn điều kiện cho trước,Nhân bản,25,Số nguyên,"Cho số phức $z$ thỏa mãn $i\overline{z}=-4-4i$. Phần ảo của $z$ bằng

A. $-4$.
B. $4$.
C. $-3$.
D. $5$.",A. $-4$.,"Ta có $\overline{z} = \dfrac{-4-4i}{i} = -4+4i$.
Suy ra $z=-4-4i$, do đó phần ảo của $z$ là $-4$.",Đạt,
395,Dạng 4 - Tìm số phức thỏa mãn điều kiện cho trước,Nhân bản,25,Số nguyên,"Cho số phức $z$ thỏa mãn $i\overline{z}=-2-2i$. Phần ảo của $z$ bằng

A. $-2$.
B. $2$.
C. $-1$.
D. $3$.",A. $-2$.,"Ta có $\overline{z} = \dfrac{-2-2i}{i} = -2+2i$.
Suy ra $z=-2-2i$, do đó phần ảo của $z$ là $-2$.",Đạt,
396,Dạng 4 - Tìm số phức thỏa mãn điều kiện cho trước,Nhân bản,25,Số nguyên,"Cho số phức $z$ thỏa mãn $i\overline{z}=2+8i$. Phần ảo của $z$ bằng

A. $2$.
B. $-2$.
C. $8$.
D. $-8$.",A. $2$.,"Ta có $\overline{z} = \dfrac{2+8i}{i} = 8-2i$.
Suy ra $z=8+2i$, do đó phần ảo của $z$ là $2$.",Đạt,
397,Dạng 4 - Tìm số phức thỏa mãn điều kiện cho trước,Nhân bản,25,Số hữu tỉ,"Cho số phức $z$ thỏa mãn $i\overline{z}=- \dfrac{6}{5}+\dfrac{2}{5}i$. Phần ảo của $z$ bằng

A. $- \dfrac{6}{5}$.
B. $\dfrac{6}{5}$.
C. $\dfrac{2}{5}$.
D. $- \dfrac{2}{5}$.",A. $- \dfrac{6}{5}$.,"Ta có $\overline{z} = \dfrac{- \dfrac{6}{5}+\dfrac{2}{5}i}{i} = \dfrac{2}{5}+\dfrac{6}{5}i$.
Suy ra $z=\dfrac{2}{5}-\dfrac{6}{5}i$, do đó phần ảo của $z$ là $- \dfrac{6}{5}$.",Đạt,
398,Dạng 4 - Tìm số phức thỏa mãn điều kiện cho trước,Nhân bản,25,Số hữu tỉ,"Cho số phức $z$ thỏa mãn $i\overline{z}=- \dfrac{10}{3}-\dfrac{9}{2}i$. Phần ảo của $z$ bằng

A. $- \dfrac{10}{3}$.
B. $\dfrac{10}{3}$.
C. $- \dfrac{9}{2}$.
D. $\dfrac{9}{2}$.",A. $- \dfrac{10}{3}$.,"Ta có $\overline{z} = \dfrac{- \dfrac{10}{3}-\dfrac{9}{2}i}{i} = - \dfrac{9}{2}+\dfrac{10}{3}i$.
Suy ra $z=- \dfrac{9}{2}-\dfrac{10}{3}i$, do đó phần ảo của $z$ là $- \dfrac{10}{3}$.",Đạt,
399,Dạng 4 - Tìm số phức thỏa mãn điều kiện cho trước,Nhân bản,25,Số hữu tỉ,"Cho số phức $z$ thỏa mãn $i\overline{z}=\dfrac{3}{4}+\dfrac{3}{5}i$. Phần ảo của $z$ bằng

A. $\dfrac{3}{4}$.
B. $- \dfrac{3}{4}$.
C. $\dfrac{3}{5}$.
D. $- \dfrac{3}{5}$.",A. $\dfrac{3}{4}$.,"Ta có $\overline{z} = \dfrac{\dfrac{3}{4}+\dfrac{3}{5}i}{i} = \dfrac{3}{5}-\dfrac{3}{4}i$.
Suy ra $z=\dfrac{3}{5}+\dfrac{3}{4}i$, do đó phần ảo của $z$ là $\dfrac{3}{4}$.",Đạt,
400,Dạng 4 - Tìm số phức thỏa mãn điều kiện cho trước,Nhân bản,25,Số vô tỉ,"Cho số phức $z$ thỏa mãn $i\overline{z}=3 \sqrt{3}+\sqrt{7}i$. Phần ảo của $z$ bằng

A. $3 \sqrt{3}$.
B. $- 3 \sqrt{3}$.
C. $\sqrt{7}$.
D. $- \sqrt{7}$.",A. $3 \sqrt{3}$.,"Ta có $\overline{z} = \dfrac{3 \sqrt{3}+\sqrt{7}i}{i} = \sqrt{7}-3 \sqrt{3}i$.
Suy ra $z=\sqrt{7}+3 \sqrt{3}i$, do đó phần ảo của $z$ là $3 \sqrt{3}$.",Đạt,
401,Dạng 4 - Tìm số phức thỏa mãn điều kiện cho trước,Nhân bản,25,Số vô tỉ,"Cho số phức $z$ thỏa mãn $i\overline{z}=- 3 \sqrt{10}+5i$. Phần ảo của $z$ bằng

A. $- 3 \sqrt{10}$.
B. $3 \sqrt{10}$.
C. $5$.
D. $-5$.",A. $- 3 \sqrt{10}$.,"Ta có $\overline{z} = \dfrac{- 3 \sqrt{10}+5i}{i} = 5+3 \sqrt{10}i$.
Suy ra $z=5-3 \sqrt{10}i$, do đó phần ảo của $z$ là $- 3 \sqrt{10}$.",Đạt,
402,Dạng 4 - Tìm số phức thỏa mãn điều kiện cho trước,Nhân bản,25,Số vô tỉ,"Cho số phức $z$ thỏa mãn $i\overline{z}=-1+3 \sqrt{6}i$. Phần ảo của $z$ bằng

A. $-1$.
B. $1$.
C. $3 \sqrt{6}$.
D. $- 3 \sqrt{6}$.",A. $-1$.,"Ta có $\overline{z} = \dfrac{-1+3 \sqrt{6}i}{i} = 3 \sqrt{6}+i$.
Suy ra $z=3 \sqrt{6}-i$, do đó phần ảo của $z$ là $-1$.",Đạt,
403,Dạng 4 - Tìm số phức thỏa mãn điều kiện cho trước,Nhân bản,54,Số nguyên,"Cho số phức $z$ thỏa mãn $iz=4+2i$. Số phức liên hợp của $z$ là

A. $\overline{z}=2+4i$.
B. $\overline{z}=-2-4i$.
C. $\overline{z}=2-4i$.
D. $\overline{z}=-2+4i$.",A. $\overline{z}=2+4i$.,Ta có $iz=4+2i \Leftrightarrow z = \dfrac{4+2i}{i} = 2-4i$. Vậy $\overline{z}=2+4i$.,Đạt,
404,Dạng 4 - Tìm số phức thỏa mãn điều kiện cho trước,Nhân bản,54,Số nguyên,"Cho số phức $z$ thỏa mãn $iz=4-3i$. Số phức liên hợp của $z$ là

A. $\overline{z}=-3+4i$.
B. $\overline{z}=3-4i$.
C. $\overline{z}=-3-4i$.
D. $\overline{z}=3+4i$.",A. $\overline{z}=-3+4i$.,Ta có $iz=4-3i \Leftrightarrow z = \dfrac{4-3i}{i} = -3-4i$. Vậy $\overline{z}=-3+4i$.,Đạt,
405,Dạng 4 - Tìm số phức thỏa mãn điều kiện cho trước,Nhân bản,54,Số nguyên,"Cho số phức $z$ thỏa mãn $iz=-6+5i$. Số phức liên hợp của $z$ là

A. $\overline{z}=5-6i$.
B. $\overline{z}=-5+6i$.
C. $\overline{z}=5+6i$.
D. $\overline{z}=-5-6i$.",A. $\overline{z}=5-6i$.,Ta có $iz=-6+5i \Leftrightarrow z = \dfrac{-6+5i}{i} = 5+6i$. Vậy $\overline{z}=5-6i$.,Đạt,
406,Dạng 4 - Tìm số phức thỏa mãn điều kiện cho trước,Nhân bản,54,Số hữu tỉ,"Cho số phức $z$ thỏa mãn $iz=\dfrac{1}{2}+\dfrac{3}{5}i$. Số phức liên hợp của $z$ là

A. $\overline{z}=\dfrac{3}{5}+\dfrac{1}{2}i$.
B. $\overline{z}=- \dfrac{3}{5}-\dfrac{1}{2}i$.
C. $\overline{z}=\dfrac{3}{5}-\dfrac{1}{2}i$.
D. $\overline{z}=- \dfrac{3}{5}+\dfrac{1}{2}i$.",A. $\overline{z}=\dfrac{3}{5}+\dfrac{1}{2}i$.,Ta có $iz=\dfrac{1}{2}+\dfrac{3}{5}i \Leftrightarrow z = \dfrac{\dfrac{1}{2}+\dfrac{3}{5}i}{i} = \dfrac{3}{5}-\dfrac{1}{2}i$. Vậy $\overline{z}=\dfrac{3}{5}+\dfrac{1}{2}i$.,Đạt,
407,Dạng 4 - Tìm số phức thỏa mãn điều kiện cho trước,Nhân bản,54,Số hữu tỉ,"Cho số phức $z$ thỏa mãn $iz=- \dfrac{2}{5}+\dfrac{3}{4}i$. Số phức liên hợp của $z$ là

A. $\overline{z}=\dfrac{3}{4}-\dfrac{2}{5}i$.
B. $\overline{z}=- \dfrac{3}{4}+\dfrac{2}{5}i$.
C. $\overline{z}=\dfrac{3}{4}+\dfrac{2}{5}i$.
D. $\overline{z}=- \dfrac{3}{4}-\dfrac{2}{5}i$.",A. $\overline{z}=\dfrac{3}{4}-\dfrac{2}{5}i$.,Ta có $iz=- \dfrac{2}{5}+\dfrac{3}{4}i \Leftrightarrow z = \dfrac{- \dfrac{2}{5}+\dfrac{3}{4}i}{i} = \dfrac{3}{4}+\dfrac{2}{5}i$. Vậy $\overline{z}=\dfrac{3}{4}-\dfrac{2}{5}i$.,Đạt,
408,Dạng 4 - Tìm số phức thỏa mãn điều kiện cho trước,Nhân bản,54,Số hữu tỉ,"Cho số phức $z$ thỏa mãn $iz=- \dfrac{5}{4}-\dfrac{5}{2}i$. Số phức liên hợp của $z$ là

A. $\overline{z}=- \dfrac{5}{2}-\dfrac{5}{4}i$.
B. $\overline{z}=\dfrac{5}{2}+\dfrac{5}{4}i$.
C. $\overline{z}=- \dfrac{5}{2}+\dfrac{5}{4}i$.
D. $\overline{z}=\dfrac{5}{2}-\dfrac{5}{4}i$.",A. $\overline{z}=- \dfrac{5}{2}-\dfrac{5}{4}i$.,Ta có $iz=- \dfrac{5}{4}-\dfrac{5}{2}i \Leftrightarrow z = \dfrac{- \dfrac{5}{4}-\dfrac{5}{2}i}{i} = - \dfrac{5}{2}+\dfrac{5}{4}i$. Vậy $\overline{z}=- \dfrac{5}{2}-\dfrac{5}{4}i$.,Đạt,
409,Dạng 4 - Tìm số phức thỏa mãn điều kiện cho trước,Nhân bản,54,Số vô tỉ,"Cho số phức $z$ thỏa mãn $iz=2 \sqrt{11}-2 \sqrt{10}i$. Số phức liên hợp của $z$ là

A. $\overline{z}=- 2 \sqrt{10}+2 \sqrt{11}i$.
B. $\overline{z}=2 \sqrt{10}-2 \sqrt{11}i$.
C. $\overline{z}=- 2 \sqrt{10}-2 \sqrt{11}i$.
D. $\overline{z}=2 \sqrt{10}+2 \sqrt{11}i$.",A. $\overline{z}=- 2 \sqrt{10}+2 \sqrt{11}i$.,Ta có $iz=2 \sqrt{11}-2 \sqrt{10}i \Leftrightarrow z = \dfrac{2 \sqrt{11}-2 \sqrt{10}i}{i} = - 2 \sqrt{10}-2 \sqrt{11}i$. Vậy $\overline{z}=- 2 \sqrt{10}+2 \sqrt{11}i$.,Đạt,
410,Dạng 4 - Tìm số phức thỏa mãn điều kiện cho trước,Nhân bản,54,Số vô tỉ,"Cho số phức $z$ thỏa mãn $iz=- \sqrt{5}+2 \sqrt{10}i$. Số phức liên hợp của $z$ là

A. $\overline{z}=2 \sqrt{10}-\sqrt{5}i$.
B. $\overline{z}=- 2 \sqrt{10}+\sqrt{5}i$.
C. $\overline{z}=2 \sqrt{10}+\sqrt{5}i$.
D. $\overline{z}=- 2 \sqrt{10}-\sqrt{5}i$.",A. $\overline{z}=2 \sqrt{10}-\sqrt{5}i$.,Ta có $iz=- \sqrt{5}+2 \sqrt{10}i \Leftrightarrow z = \dfrac{- \sqrt{5}+2 \sqrt{10}i}{i} = 2 \sqrt{10}+\sqrt{5}i$. Vậy $\overline{z}=2 \sqrt{10}-\sqrt{5}i$.,Đạt,
411,Dạng 4 - Tìm số phức thỏa mãn điều kiện cho trước,Nhân bản,54,Số vô tỉ,"Cho số phức $z$ thỏa mãn $iz=3 \sqrt{6}+\sqrt{7}i$. Số phức liên hợp của $z$ là

A. $\overline{z}=\sqrt{7}+3 \sqrt{6}i$.
B. $\overline{z}=- \sqrt{7}-3 \sqrt{6}i$.
C. $\overline{z}=\sqrt{7}-3 \sqrt{6}i$.
D. $\overline{z}=- \sqrt{7}+3 \sqrt{6}i$.",A. $\overline{z}=\sqrt{7}+3 \sqrt{6}i$.,Ta có $iz=3 \sqrt{6}+\sqrt{7}i \Leftrightarrow z = \dfrac{3 \sqrt{6}+\sqrt{7}i}{i} = \sqrt{7}-3 \sqrt{6}i$. Vậy $\overline{z}=\sqrt{7}+3 \sqrt{6}i$.,Đạt,
412,Dạng 4 - Tìm số phức thỏa mãn điều kiện cho trước,Nhân bản,7,Số nguyên,"Cho số phức $z=a+bi$ $(a,b\in\mathbb{R})$ thỏa mãn $(1+i)z+2\overline{z}=5+8i$. Tính $P=a+b$.

A. $P = -11$.
B. $P = 8$.
C. $P = 11$.
D. $P = \dfrac{57}{4}$.",A. $P = -11$.,"Đặt $z=a+bi$ $(a,b\in\mathbb{R})$. Thay vào phương trình, đồng nhất phần thực/ảo ta được $a=- \dfrac{3}{2}, b=- \dfrac{19}{2} \Rightarrow P=a+b=-11$.",Đạt,
413,Dạng 4 - Tìm số phức thỏa mãn điều kiện cho trước,Nhân bản,7,Số nguyên,"Cho số phức $z=a+bi$ $(a,b\in\mathbb{R})$ thỏa mãn $(1+i)z+2\overline{z}=4+9i$. Tính $P=a+b$.

A. $P = -14$.
B. $P = 9$.
C. $P = 14$.
D. $P = \dfrac{115}{4}$.",A. $P = -14$.,"Đặt $z=a+bi$ $(a,b\in\mathbb{R})$. Thay vào phương trình, đồng nhất phần thực/ảo ta được $a=- \dfrac{5}{2}, b=- \dfrac{23}{2} \Rightarrow P=a+b=-14$.",Đạt,
414,Dạng 4 - Tìm số phức thỏa mãn điều kiện cho trước,Nhân bản,7,Số nguyên,"Cho số phức $z=a+bi$ $(a,b\in\mathbb{R})$ thỏa mãn $(1+i)z+2\overline{z}=9-5i$. Tính $P=a+b$.

A. $P = 19$.
B. $P = -5$.
C. $P = -19$.
D. $P = 84$.",A. $P = 19$.,"Đặt $z=a+bi$ $(a,b\in\mathbb{R})$. Thay vào phương trình, đồng nhất phần thực/ảo ta được $a=7, b=12 \Rightarrow P=a+b=19$.",Đạt,
415,Dạng 4 - Tìm số phức thỏa mãn điều kiện cho trước,Nhân bản,7,Số hữu tỉ,"Cho số phức $z=a+bi$ $(a,b\in\mathbb{R})$ thỏa mãn $(1+i)z+2\overline{z}=- \dfrac{5}{3}+\dfrac{11}{4}i$. Tính $P=a+b$.

A. $P = - \dfrac{43}{6}$.
B. $P = \dfrac{11}{4}$.
C. $P = \dfrac{43}{6}$.
D. $P = \dfrac{6307}{576}$.",A. $P = - \dfrac{43}{6}$.,"Đặt $z=a+bi$ $(a,b\in\mathbb{R})$. Thay vào phương trình, đồng nhất phần thực/ảo ta được $a=- \dfrac{53}{24}, b=- \dfrac{119}{24} \Rightarrow P=a+b=- \dfrac{43}{6}$.",Đạt,
416,Dạng 4 - Tìm số phức thỏa mãn điều kiện cho trước,Nhân bản,7,Số hữu tỉ,"Cho số phức $z=a+bi$ $(a,b\in\mathbb{R})$ thỏa mãn $(1+i)z+2\overline{z}=\dfrac{3}{4}-\dfrac{5}{2}i$. Tính $P=a+b$.

A. $P = \dfrac{23}{4}$.
B. $P = - \dfrac{5}{2}$.
C. $P = - \dfrac{23}{4}$.
D. $P = \dfrac{429}{64}$.",A. $P = \dfrac{23}{4}$.,"Đặt $z=a+bi$ $(a,b\in\mathbb{R})$. Thay vào phương trình, đồng nhất phần thực/ảo ta được $a=\dfrac{13}{8}, b=\dfrac{33}{8} \Rightarrow P=a+b=\dfrac{23}{4}$.",Đạt,
417,Dạng 4 - Tìm số phức thỏa mãn điều kiện cho trước,Nhân bản,7,Số hữu tỉ,"Cho số phức $z=a+bi$ $(a,b\in\mathbb{R})$ thỏa mãn $(1+i)z+2\overline{z}=- \dfrac{3}{5}+\dfrac{5}{4}i$. Tính $P=a+b$.

A. $P = - \dfrac{31}{10}$.
B. $P = \dfrac{5}{4}$.
C. $P = \dfrac{31}{10}$.
D. $P = \dfrac{3219}{1600}$.",A. $P = - \dfrac{31}{10}$.,"Đặt $z=a+bi$ $(a,b\in\mathbb{R})$. Thay vào phương trình, đồng nhất phần thực/ảo ta được $a=- \dfrac{37}{40}, b=- \dfrac{87}{40} \Rightarrow P=a+b=- \dfrac{31}{10}$.",Đạt,
418,Dạng 4 - Tìm số phức thỏa mãn điều kiện cho trước,Nhân bản,7,Số vô tỉ,"Cho số phức $z=a+bi$ $(a,b\in\mathbb{R})$ thỏa mãn $(1+i)z+2\overline{z}=- \sqrt{7}+3 \sqrt{6}i$. Tính $P=a+b$.

A. $P = - 6 \sqrt{6} - \sqrt{7}$.
B. $P = 3 \sqrt{6}$.
C. $P = \sqrt{7} + 6 \sqrt{6}$.
D. $P = \left(- \dfrac{9 \sqrt{6}}{2} - \dfrac{\sqrt{7}}{2}\right) \left(- \dfrac{3 \sqrt{6}}{2} - \dfrac{\sqrt{7}}{2}\right)$.",A. $P = - 6 \sqrt{6} - \sqrt{7}$.,"Đặt $z=a+bi$ $(a,b\in\mathbb{R})$. Thay vào phương trình, đồng nhất phần thực/ảo ta được $a=- \dfrac{3 \sqrt{6}}{2} - \dfrac{\sqrt{7}}{2}, b=- \dfrac{9 \sqrt{6}}{2} - \dfrac{\sqrt{7}}{2} \Rightarrow P=a+b=- 6 \sqrt{6} - \sqrt{7}$.",Đạt,
419,Dạng 4 - Tìm số phức thỏa mãn điều kiện cho trước,Nhân bản,7,Số vô tỉ,"Cho số phức $z=a+bi$ $(a,b\in\mathbb{R})$ thỏa mãn $(1+i)z+2\overline{z}=-9-3 \sqrt{7}i$. Tính $P=a+b$.

A. $P = -9 + 6 \sqrt{7}$.
B. $P = - 3 \sqrt{7}$.
C. $P = 9 - 6 \sqrt{7}$.
D. $P = \left(- \dfrac{9}{2} + \dfrac{3 \sqrt{7}}{2}\right) \left(- \dfrac{9}{2} + \dfrac{9 \sqrt{7}}{2}\right)$.",A. $P = -9 + 6 \sqrt{7}$.,"Đặt $z=a+bi$ $(a,b\in\mathbb{R})$. Thay vào phương trình, đồng nhất phần thực/ảo ta được $a=- \dfrac{9}{2} + \dfrac{3 \sqrt{7}}{2}, b=- \dfrac{9}{2} + \dfrac{9 \sqrt{7}}{2} \Rightarrow P=a+b=-9 + 6 \sqrt{7}$.",Đạt,
420,Dạng 4 - Tìm số phức thỏa mãn điều kiện cho trước,Nhân bản,7,Số vô tỉ,"Cho số phức $z=a+bi$ $(a,b\in\mathbb{R})$ thỏa mãn $(1+i)z+2\overline{z}=-7+\sqrt{10}i$. Tính $P=a+b$.

A. $P = -7 - 2 \sqrt{10}$.
B. $P = \sqrt{10}$.
C. $P = 2 \sqrt{10} + 7$.
D. $P = \left(- \dfrac{7}{2} - \dfrac{\sqrt{10}}{2}\right) \left(- \dfrac{3 \sqrt{10}}{2} - \dfrac{7}{2}\right)$.",A. $P = -7 - 2 \sqrt{10}$.,"Đặt $z=a+bi$ $(a,b\in\mathbb{R})$. Thay vào phương trình, đồng nhất phần thực/ảo ta được $a=- \dfrac{7}{2} - \dfrac{\sqrt{10}}{2}, b=- \dfrac{3 \sqrt{10}}{2} - \dfrac{7}{2} \Rightarrow P=a+b=-7 - 2 \sqrt{10}$.",Đạt,
421,Dạng 4 - Tìm số phức thỏa mãn điều kiện cho trước,Nhân bản,38,Số nguyên,"Cho số phức $z=a+bi$ $(a,b\in\mathbb{R})$ thỏa mãn $z+5+8i-|z|i=0$. Tính $S=a+3b$.

A. $S = - \dfrac{197}{16}$.
B. $S = - \dfrac{119}{16}$.
C. $S = \dfrac{197}{16}$.
D. $S = - \dfrac{279}{16}$.",A. $S = - \dfrac{197}{16}$.,"Đồng nhất phần thực, phần ảo ta được $a=-5$, $b=- \dfrac{39}{16}$. Vậy $S=a+3b=- \dfrac{197}{16}$.",Đạt,
422,Dạng 4 - Tìm số phức thỏa mãn điều kiện cho trước,Nhân bản,38,Số nguyên,"Cho số phức $z=a+bi$ $(a,b\in\mathbb{R})$ thỏa mãn $z+6+4i-|z|i=0$. Tính $S=a+3b$.

A. $S = \dfrac{3}{2}$.
B. $S = - \dfrac{7}{2}$.
C. $S = - \dfrac{3}{2}$.
D. $S = - \dfrac{31}{2}$.",A. $S = \dfrac{3}{2}$.,"Đồng nhất phần thực, phần ảo ta được $a=-6$, $b=\dfrac{5}{2}$. Vậy $S=a+3b=\dfrac{3}{2}$.",Đạt,
423,Dạng 4 - Tìm số phức thỏa mãn điều kiện cho trước,Nhân bản,38,Số nguyên,"Cho số phức $z=a+bi$ $(a,b\in\mathbb{R})$ thỏa mãn $z-1+4i-|z|i=0$. Tính $S=a+3b$.

A. $S = - \dfrac{37}{8}$.
B. $S = - \dfrac{7}{8}$.
C. $S = \dfrac{37}{8}$.
D. $S = \dfrac{9}{8}$.",A. $S = - \dfrac{37}{8}$.,"Đồng nhất phần thực, phần ảo ta được $a=1$, $b=- \dfrac{15}{8}$. Vậy $S=a+3b=- \dfrac{37}{8}$.",Đạt,
424,Dạng 4 - Tìm số phức thỏa mãn điều kiện cho trước,Nhân bản,38,Số hữu tỉ,"Cho số phức $z=a+bi$ $(a,b\in\mathbb{R})$ thỏa mãn $z- \dfrac{5}{2}+\dfrac{5}{2}i-|z|i=0$. Tính $S=a+3b$.

A. $S = \dfrac{5}{2}$.
B. $S = \dfrac{7}{2}$.
C. $S = - \dfrac{5}{2}$.
D. $S = \dfrac{15}{2}$.",A. $S = \dfrac{5}{2}$.,"Đồng nhất phần thực, phần ảo ta được $a=\dfrac{5}{2}$, $b=0$. Vậy $S=a+3b=\dfrac{5}{2}$.",Đạt,
425,Dạng 4 - Tìm số phức thỏa mãn điều kiện cho trước,Nhân bản,38,Số hữu tỉ,"Cho số phức $z=a+bi$ $(a,b\in\mathbb{R})$ thỏa mãn $z- \dfrac{11}{5}+\dfrac{9}{2}i-|z|i=0$. Tính $S=a+3b$.

A. $S = - \dfrac{881}{300}$.
B. $S = \dfrac{439}{900}$.
C. $S = \dfrac{881}{300}$.
D. $S = \dfrac{4399}{900}$.",A. $S = - \dfrac{881}{300}$.,"Đồng nhất phần thực, phần ảo ta được $a=\dfrac{11}{5}$, $b=- \dfrac{1541}{900}$. Vậy $S=a+3b=- \dfrac{881}{300}$.",Đạt,
426,Dạng 4 - Tìm số phức thỏa mãn điều kiện cho trước,Nhân bản,38,Số hữu tỉ,"Cho số phức $z=a+bi$ $(a,b\in\mathbb{R})$ thỏa mãn $z+\dfrac{1}{2}+\dfrac{11}{4}i-|z|i=0$. Tính $S=a+3b$.

A. $S = - \dfrac{395}{88}$.
B. $S = - \dfrac{161}{88}$.
C. $S = \dfrac{395}{88}$.
D. $S = - \dfrac{249}{88}$.",A. $S = - \dfrac{395}{88}$.,"Đồng nhất phần thực, phần ảo ta được $a=- \dfrac{1}{2}$, $b=- \dfrac{117}{88}$. Vậy $S=a+3b=- \dfrac{395}{88}$.",Đạt,
427,Dạng 4 - Tìm số phức thỏa mãn điều kiện cho trước,Nhân bản,38,Số vô tỉ,"Cho số phức $z=a+bi$ $(a,b\in\mathbb{R})$ thỏa mãn $z+3 \sqrt{5}+2 \sqrt{10}i-|z|i=0$. Tính $S=a+3b$.

A. $S = - 3 \sqrt{5} + \dfrac{3 \sqrt{10}}{8}$.
B. $S = - 3 \sqrt{5} + \dfrac{\sqrt{10}}{8}$.
C. $S = - \dfrac{3 \sqrt{10}}{8} + 3 \sqrt{5}$.
D. $S = - 9 \sqrt{5} + \dfrac{\sqrt{10}}{8}$.",A. $S = - 3 \sqrt{5} + \dfrac{3 \sqrt{10}}{8}$.,"Đồng nhất phần thực, phần ảo ta được $a=- 3 \sqrt{5}$, $b=\dfrac{\sqrt{10}}{8}$. Vậy $S=a+3b=- 3 \sqrt{5} + \dfrac{3 \sqrt{10}}{8}$.",Đạt,
428,Dạng 4 - Tìm số phức thỏa mãn điều kiện cho trước,Nhân bản,38,Số vô tỉ,"Cho số phức $z=a+bi$ $(a,b\in\mathbb{R})$ thỏa mãn $z+3 \sqrt{5}+3 \sqrt{5}i-|z|i=0$. Tính $S=a+3b$.

A. $S = - 3 \sqrt{5}$.
B. $S = 1 - 3 \sqrt{5}$.
C. $S = 3 \sqrt{5}$.
D. $S = - 9 \sqrt{5}$.",A. $S = - 3 \sqrt{5}$.,"Đồng nhất phần thực, phần ảo ta được $a=- 3 \sqrt{5}$, $b=0$. Vậy $S=a+3b=- 3 \sqrt{5}$.",Đạt,
429,Dạng 4 - Tìm số phức thỏa mãn điều kiện cho trước,Nhân bản,38,Số vô tỉ,"Cho số phức $z=a+bi$ $(a,b\in\mathbb{R})$ thỏa mãn $z+\sqrt{7}+2 \sqrt{5}i-|z|i=0$. Tính $S=a+3b$.

A. $S = - \dfrac{39 \sqrt{5}}{20} - \sqrt{7}$.
B. $S = - \sqrt{7} - \dfrac{13 \sqrt{5}}{20}$.
C. $S = \sqrt{7} + \dfrac{39 \sqrt{5}}{20}$.
D. $S = - 3 \sqrt{7} - \dfrac{13 \sqrt{5}}{20}$.",A. $S = - \dfrac{39 \sqrt{5}}{20} - \sqrt{7}$.,"Đồng nhất phần thực, phần ảo ta được $a=- \sqrt{7}$, $b=- \dfrac{13 \sqrt{5}}{20}$. Vậy $S=a+3b=- \dfrac{39 \sqrt{5}}{20} - \sqrt{7}$.",Đạt,
430,Dạng 4 - Tìm số phức thỏa mãn điều kiện cho trước,Nhân bản,45,Số nguyên,"Cho số phức $z$ thoả mãn $3(\overline{z}+3i)-(2+3i)z=4+8i$. Mô-đun của $z$ bằng

A. $\dfrac{\sqrt{410}}{4}$.
B. $\dfrac{205}{8}$.
C. $7$.
D. $2 + \dfrac{\sqrt{410}}{4}$.",A. $\dfrac{\sqrt{410}}{4}$.,"Đặt $z=a+bi$. Đồng nhất phần thực, phần ảo ta được $a=- \dfrac{17}{4}, b=\dfrac{11}{4}$. Vậy $|z|=\dfrac{\sqrt{410}}{4}$.",Đạt,
431,Dạng 4 - Tìm số phức thỏa mãn điều kiện cho trước,Nhân bản,45,Số nguyên,"Cho số phức $z$ thoả mãn $3(\overline{z}+2i)-(2+3i)z=2-6i$. Mô-đun của $z$ bằng

A. $\dfrac{\sqrt{178}}{2}$.
B. $\dfrac{89}{2}$.
C. $8$.
D. $2 + \dfrac{\sqrt{178}}{2}$.",A. $\dfrac{\sqrt{178}}{2}$.,"Đặt $z=a+bi$. Đồng nhất phần thực, phần ảo ta được $a=\dfrac{13}{2}, b=- \dfrac{3}{2}$. Vậy $|z|=\dfrac{\sqrt{178}}{2}$.",Đạt,
432,Dạng 4 - Tìm số phức thỏa mãn điều kiện cho trước,Nhân bản,45,Số nguyên,"Cho số phức $z$ thoả mãn $3(\overline{z}-5i)-(2+3i)z=-3-7i$. Mô-đun của $z$ bằng

A. $\dfrac{\sqrt{82}}{4}$.
B. $\dfrac{41}{8}$.
C. $2$.
D. $2 + \dfrac{\sqrt{82}}{4}$.",A. $\dfrac{\sqrt{82}}{4}$.,"Đặt $z=a+bi$. Đồng nhất phần thực, phần ảo ta được $a=- \dfrac{9}{4}, b=- \dfrac{1}{4}$. Vậy $|z|=\dfrac{\sqrt{82}}{4}$.",Đạt,
433,Dạng 4 - Tìm số phức thỏa mãn điều kiện cho trước,Nhân bản,45,Số hữu tỉ,"Cho số phức $z$ thoả mãn $3(\overline{z}+2i)-(2+3i)z=\dfrac{8}{3}-\dfrac{11}{5}i$. Mô-đun của $z$ bằng

A. $\dfrac{\sqrt{28570}}{60}$.
B. $\dfrac{2857}{360}$.
C. $\dfrac{43}{15}$.
D. $2 + \dfrac{\sqrt{28570}}{60}$.",A. $\dfrac{\sqrt{28570}}{60}$.,"Đặt $z=a+bi$. Đồng nhất phần thực, phần ảo ta được $a=\dfrac{169}{60}, b=- \dfrac{1}{20}$. Vậy $|z|=\dfrac{\sqrt{28570}}{60}$.",Đạt,
434,Dạng 4 - Tìm số phức thỏa mãn điều kiện cho trước,Nhân bản,45,Số hữu tỉ,"Cho số phức $z$ thoả mãn $3(\overline{z}+2i)-(2+3i)z=\dfrac{3}{2}+\dfrac{5}{2}i$. Mô-đun của $z$ bằng

A. $\dfrac{\sqrt{10}}{4}$.
B. $\dfrac{5}{8}$.
C. $\dfrac{1}{2}$.
D. $\dfrac{\sqrt{10}}{4} + 2$.",A. $\dfrac{\sqrt{10}}{4}$.,"Đặt $z=a+bi$. Đồng nhất phần thực, phần ảo ta được $a=\dfrac{3}{4}, b=\dfrac{1}{4}$. Vậy $|z|=\dfrac{\sqrt{10}}{4}$.",Đạt,
435,Dạng 4 - Tìm số phức thỏa mãn điều kiện cho trước,Nhân bản,45,Số hữu tỉ,"Cho số phức $z$ thoả mãn $3(\overline{z}-5i)-(2+3i)z=\dfrac{11}{4}-\dfrac{5}{4}i$. Mô-đun của $z$ bằng

A. $\dfrac{11 \sqrt{29}}{4}$.
B. $\dfrac{3509}{16}$.
C. $\dfrac{77}{4}$.
D. $2 + \dfrac{11 \sqrt{29}}{4}$.",A. $\dfrac{11 \sqrt{29}}{4}$.,"Đặt $z=a+bi$. Đồng nhất phần thực, phần ảo ta được $a=- \dfrac{55}{4}, b=\dfrac{11}{2}$. Vậy $|z|=\dfrac{11 \sqrt{29}}{4}$.",Đạt,
436,Dạng 4 - Tìm số phức thỏa mãn điều kiện cho trước,Nhân bản,45,Số vô tỉ,"Cho số phức $z$ thoả mãn $3(\overline{z}-4i)-(2+3i)z=- 4 \sqrt{10}-6i$. Mô-đun của $z$ bằng

A. $\sqrt{\left(\dfrac{3}{2} - 3 \sqrt{10}\right)^{2} + \left(- \dfrac{9}{2} + 5 \sqrt{10}\right)^{2}}$.
B. $\left(\dfrac{3}{2} - 3 \sqrt{10}\right)^{2} + \left(- \dfrac{9}{2} + 5 \sqrt{10}\right)^{2}$.
C. $-6 + 8 \sqrt{10}$.
D. $2 + \sqrt{\left(\dfrac{3}{2} - 3 \sqrt{10}\right)^{2} + \left(- \dfrac{9}{2} + 5 \sqrt{10}\right)^{2}}$.",A. $\sqrt{\left(\dfrac{3}{2} - 3 \sqrt{10}\right)^{2} + \left(- \dfrac{9}{2} + 5 \sqrt{10}\right)^{2}}$.,"Đặt $z=a+bi$. Đồng nhất phần thực, phần ảo ta được $a=- \dfrac{9}{2} + 5 \sqrt{10}, b=\dfrac{3}{2} - 3 \sqrt{10}$. Vậy $|z|=\sqrt{\left(\dfrac{3}{2} - 3 \sqrt{10}\right)^{2} + \left(- \dfrac{9}{2} + 5 \sqrt{10}\right)^{2}}$.",Đạt,
437,Dạng 4 - Tìm số phức thỏa mãn điều kiện cho trước,Nhân bản,45,Số vô tỉ,"Cho số phức $z$ thoả mãn $3(\overline{z}-3i)-(2+3i)z=- 2 \sqrt{5}-3i$. Mô-đun của $z$ bằng

A. $\sqrt{\left(- \dfrac{9}{2} + \dfrac{5 \sqrt{5}}{2}\right)^{2} + \left(\dfrac{3}{2} - \dfrac{3 \sqrt{5}}{2}\right)^{2}}$.
B. $\left(- \dfrac{9}{2} + \dfrac{5 \sqrt{5}}{2}\right)^{2} + \left(\dfrac{3}{2} - \dfrac{3 \sqrt{5}}{2}\right)^{2}$.
C. $-6 + 4 \sqrt{5}$.
D. $2 + \sqrt{\left(- \dfrac{9}{2} + \dfrac{5 \sqrt{5}}{2}\right)^{2} + \left(\dfrac{3}{2} - \dfrac{3 \sqrt{5}}{2}\right)^{2}}$.",A. $\sqrt{\left(- \dfrac{9}{2} + \dfrac{5 \sqrt{5}}{2}\right)^{2} + \left(\dfrac{3}{2} - \dfrac{3 \sqrt{5}}{2}\right)^{2}}$.,"Đặt $z=a+bi$. Đồng nhất phần thực, phần ảo ta được $a=- \dfrac{9}{2} + \dfrac{5 \sqrt{5}}{2}, b=\dfrac{3}{2} - \dfrac{3 \sqrt{5}}{2}$. Vậy $|z|=\sqrt{\left(- \dfrac{9}{2} + \dfrac{5 \sqrt{5}}{2}\right)^{2} + \left(\dfrac{3}{2} - \dfrac{3 \sqrt{5}}{2}\right)^{2}}$.",Đạt,
438,Dạng 4 - Tìm số phức thỏa mãn điều kiện cho trước,Nhân bản,45,Số vô tỉ,"Cho số phức $z$ thoả mãn $3(\overline{z}+2i)-(2+3i)z=- \sqrt{6}-i$. Mô-đun của $z$ bằng

A. $\sqrt{\left(- \dfrac{3 \sqrt{6}}{4} - \dfrac{7}{4}\right)^{2} + \left(\dfrac{5 \sqrt{6}}{4} + \dfrac{21}{4}\right)^{2}}$.
B. $\left(- \dfrac{3 \sqrt{6}}{4} - \dfrac{7}{4}\right)^{2} + \left(\dfrac{5 \sqrt{6}}{4} + \dfrac{21}{4}\right)^{2}$.
C. $2 \sqrt{6} + 7$.
D. $2 + \sqrt{\left(- \dfrac{3 \sqrt{6}}{4} - \dfrac{7}{4}\right)^{2} + \left(\dfrac{5 \sqrt{6}}{4} + \dfrac{21}{4}\right)^{2}}$.",A. $\sqrt{\left(- \dfrac{3 \sqrt{6}}{4} - \dfrac{7}{4}\right)^{2} + \left(\dfrac{5 \sqrt{6}}{4} + \dfrac{21}{4}\right)^{2}}$.,"Đặt $z=a+bi$. Đồng nhất phần thực, phần ảo ta được $a=\dfrac{5 \sqrt{6}}{4} + \dfrac{21}{4}, b=- \dfrac{3 \sqrt{6}}{4} - \dfrac{7}{4}$. Vậy $|z|=\sqrt{\left(- \dfrac{3 \sqrt{6}}{4} - \dfrac{7}{4}\right)^{2} + \left(\dfrac{5 \sqrt{6}}{4} + \dfrac{21}{4}\right)^{2}}$.",Đạt,
439,Dạng 4 - Tìm số phức thỏa mãn điều kiện cho trước,Nhân bản,11,Số nguyên,"Hỏi có bao nhiêu số phức $z$ thỏa mãn đồng thời các điều kiện: $|z+2i| = 13$ và $z^2$ là số thuần ảo?

A. $3$.
B. $4$.
C. $5$.
D. $6$.",B. $4$.,"Đặt $z=x+iy$. Từ $|z+2i|=13$ ta có $x^2+(y+2)^2=13^2$. $z^2$ thuần ảo $\Leftrightarrow x^2-y^2=0 \Leftrightarrow x=\pm y$. Giải hệ được 4 nghiệm $(x;y)$, tức 4 số phức $z$ thỏa mãn.",Đạt,
440,Dạng 4 - Tìm số phức thỏa mãn điều kiện cho trước,Nhân bản,11,Số nguyên,"Hỏi có bao nhiêu số phức $z$ thỏa mãn đồng thời các điều kiện: $|z-3i| = 25$ và $z^2$ là số thuần ảo?

A. $3$.
B. $4$.
C. $5$.
D. $6$.",B. $4$.,"Đặt $z=x+iy$. Từ $|z-3i|=25$ ta có $x^2+(y-3)^2=25^2$. $z^2$ thuần ảo $\Leftrightarrow x^2-y^2=0 \Leftrightarrow x=\pm y$. Giải hệ được 4 nghiệm $(x;y)$, tức 4 số phức $z$ thỏa mãn.",Đạt,
441,Dạng 4 - Tìm số phức thỏa mãn điều kiện cho trước,Nhân bản,11,Số nguyên,"Hỏi có bao nhiêu số phức $z$ thỏa mãn đồng thời các điều kiện: $|z-2i| = 5$ và $z^2$ là số thuần ảo?

A. $3$.
B. $4$.
C. $5$.
D. $6$.",B. $4$.,"Đặt $z=x+iy$. Từ $|z-2i|=5$ ta có $x^2+(y-2)^2=5^2$. $z^2$ thuần ảo $\Leftrightarrow x^2-y^2=0 \Leftrightarrow x=\pm y$. Giải hệ được 4 nghiệm $(x;y)$, tức 4 số phức $z$ thỏa mãn.",Đạt,
442,Dạng 4 - Tìm số phức thỏa mãn điều kiện cho trước,Nhân bản,11,Số hữu tỉ,"Hỏi có bao nhiêu số phức $z$ thỏa mãn đồng thời các điều kiện: $|z-2i| = 25$ và $z^2$ là số thuần ảo?

A. $3$.
B. $4$.
C. $5$.
D. $6$.",B. $4$.,"Đặt $z=x+iy$. Từ $|z-2i|=25$ ta có $x^2+(y-2)^2=25^2$. $z^2$ thuần ảo $\Leftrightarrow x^2-y^2=0 \Leftrightarrow x=\pm y$. Giải hệ được 4 nghiệm $(x;y)$, tức 4 số phức $z$ thỏa mãn.",Đạt,
443,Dạng 4 - Tìm số phức thỏa mãn điều kiện cho trước,Nhân bản,11,Số hữu tỉ,"Hỏi có bao nhiêu số phức $z$ thỏa mãn đồng thời các điều kiện: $|z+2i| = 5$ và $z^2$ là số thuần ảo?

A. $3$.
B. $4$.
C. $5$.
D. $6$.",B. $4$.,"Đặt $z=x+iy$. Từ $|z+2i|=5$ ta có $x^2+(y+2)^2=5^2$. $z^2$ thuần ảo $\Leftrightarrow x^2-y^2=0 \Leftrightarrow x=\pm y$. Giải hệ được 4 nghiệm $(x;y)$, tức 4 số phức $z$ thỏa mãn.",Đạt,
444,Dạng 4 - Tìm số phức thỏa mãn điều kiện cho trước,Nhân bản,11,Số hữu tỉ,"Hỏi có bao nhiêu số phức $z$ thỏa mãn đồng thời các điều kiện: $|z+i| = 13$ và $z^2$ là số thuần ảo?

A. $3$.
B. $4$.
C. $5$.
D. $6$.",B. $4$.,"Đặt $z=x+iy$. Từ $|z+i|=13$ ta có $x^2+(y+1)^2=13^2$. $z^2$ thuần ảo $\Leftrightarrow x^2-y^2=0 \Leftrightarrow x=\pm y$. Giải hệ được 4 nghiệm $(x;y)$, tức 4 số phức $z$ thỏa mãn.",Đạt,
445,Dạng 4 - Tìm số phức thỏa mãn điều kiện cho trước,Nhân bản,11,Số vô tỉ,"Hỏi có bao nhiêu số phức $z$ thỏa mãn đồng thời các điều kiện: $|z-i| = 13$ và $z^2$ là số thuần ảo?

A. $3$.
B. $4$.
C. $5$.
D. $6$.",B. $4$.,"Đặt $z=x+iy$. Từ $|z-i|=13$ ta có $x^2+(y-1)^2=13^2$. $z^2$ thuần ảo $\Leftrightarrow x^2-y^2=0 \Leftrightarrow x=\pm y$. Giải hệ được 4 nghiệm $(x;y)$, tức 4 số phức $z$ thỏa mãn.",Đạt,
446,Dạng 4 - Tìm số phức thỏa mãn điều kiện cho trước,Nhân bản,11,Số vô tỉ,"Hỏi có bao nhiêu số phức $z$ thỏa mãn đồng thời các điều kiện: $|z-3i| = 5$ và $z^2$ là số thuần ảo?

A. $3$.
B. $4$.
C. $5$.
D. $6$.",B. $4$.,"Đặt $z=x+iy$. Từ $|z-3i|=5$ ta có $x^2+(y-3)^2=5^2$. $z^2$ thuần ảo $\Leftrightarrow x^2-y^2=0 \Leftrightarrow x=\pm y$. Giải hệ được 4 nghiệm $(x;y)$, tức 4 số phức $z$ thỏa mãn.",Đạt,
447,Dạng 4 - Tìm số phức thỏa mãn điều kiện cho trước,Nhân bản,11,Số vô tỉ,"Hỏi có bao nhiêu số phức $z$ thỏa mãn đồng thời các điều kiện: $|z| = 25$ và $z^2$ là số thuần ảo?

A. $3$.
B. $4$.
C. $5$.
D. $6$.",B. $4$.,"Đặt $z=x+iy$. Từ $|z|=25$ ta có $x^2+(y-0)^2=25^2$. $z^2$ thuần ảo $\Leftrightarrow x^2-y^2=0 \Leftrightarrow x=\pm y$. Giải hệ được 4 nghiệm $(x;y)$, tức 4 số phức $z$ thỏa mãn.",Đạt,
448,Dạng 4 - Tìm số phức thỏa mãn điều kiện cho trước,Nhân bản,8,Số nguyên,"Xét số phức $z$ thỏa mãn $(4+3i)|z| = \dfrac{\sqrt{10}}{z}+i(4+3i)$. Mệnh đề nào dưới đây đúng?

A. $|z| > \dfrac{21}{20}$.
B. $\dfrac{1}{20} < |z| < \dfrac{21}{20}$.
C. $|z| < \dfrac{1}{20}$.
D. $|z| = \sqrt{- \dfrac{1}{2} + \dfrac{\sqrt{65}}{10}}$.",B. $\dfrac{1}{20} < |z| < \dfrac{21}{20}$.,"Đặt $t=|z|>0$. Biến đổi phương trình về $(4+3i)(t-i)=\dfrac{\sqrt{10}}{z}$, lấy môđun hai vế: $\sqrt{25}\cdot\sqrt{t^2+1} = \dfrac{\sqrt{10}}{t}$, suy ra $t^2=- \dfrac{1}{2} + \dfrac{\sqrt{65}}{10} \Rightarrow t=\sqrt{- \dfrac{1}{2} + \dfrac{\sqrt{65}}{10}}$, thỏa mãn $\dfrac{1}{20}<t<\dfrac{21}{20}$.",Đạt,
449,Dạng 4 - Tìm số phức thỏa mãn điều kiện cho trước,Nhân bản,8,Số nguyên,"Xét số phức $z$ thỏa mãn $(-1-3i)|z| = \dfrac{\sqrt{10}}{z}+i(-1-3i)$. Mệnh đề nào dưới đây đúng?

A. $|z| > \dfrac{129}{100}$.
B. $\dfrac{29}{100} < |z| < \dfrac{129}{100}$.
C. $|z| < \dfrac{29}{100}$.
D. $|z| = \sqrt{- \dfrac{1}{2} + \dfrac{\sqrt{5}}{2}}$.",B. $\dfrac{29}{100} < |z| < \dfrac{129}{100}$.,"Đặt $t=|z|>0$. Biến đổi phương trình về $(-1-3i)(t-i)=\dfrac{\sqrt{10}}{z}$, lấy môđun hai vế: $\sqrt{10}\cdot\sqrt{t^2+1} = \dfrac{\sqrt{10}}{t}$, suy ra $t^2=- \dfrac{1}{2} + \dfrac{\sqrt{5}}{2} \Rightarrow t=\sqrt{- \dfrac{1}{2} + \dfrac{\sqrt{5}}{2}}$, thỏa mãn $\dfrac{29}{100}<t<\dfrac{129}{100}$.",Đạt,
450,Dạng 4 - Tìm số phức thỏa mãn điều kiện cho trước,Nhân bản,8,Số nguyên,"Xét số phức $z$ thỏa mãn $(4-i)|z| = \dfrac{\sqrt{10}}{z}+i(4-i)$. Mệnh đề nào dưới đây đúng?

A. $|z| > \dfrac{57}{50}$.
B. $\dfrac{7}{50} < |z| < \dfrac{57}{50}$.
C. $|z| < \dfrac{7}{50}$.
D. $|z| = \sqrt{- \dfrac{1}{2} + \dfrac{\sqrt{969}}{34}}$.",B. $\dfrac{7}{50} < |z| < \dfrac{57}{50}$.,"Đặt $t=|z|>0$. Biến đổi phương trình về $(4-i)(t-i)=\dfrac{\sqrt{10}}{z}$, lấy môđun hai vế: $\sqrt{17}\cdot\sqrt{t^2+1} = \dfrac{\sqrt{10}}{t}$, suy ra $t^2=- \dfrac{1}{2} + \dfrac{\sqrt{969}}{34} \Rightarrow t=\sqrt{- \dfrac{1}{2} + \dfrac{\sqrt{969}}{34}}$, thỏa mãn $\dfrac{7}{50}<t<\dfrac{57}{50}$.",Đạt,
451,Dạng 4 - Tìm số phức thỏa mãn điều kiện cho trước,Nhân bản,8,Số hữu tỉ,"Xét số phức $z$ thỏa mãn $(\dfrac{5}{2}-\dfrac{7}{5}i)|z| = \dfrac{\sqrt{10}}{z}+i(\dfrac{5}{2}-\dfrac{7}{5}i)$. Mệnh đề nào dưới đây đúng?

A. $|z| > \dfrac{67}{50}$.
B. $\dfrac{17}{50} < |z| < \dfrac{67}{50}$.
C. $|z| < \dfrac{17}{50}$.
D. $|z| = \sqrt{- \dfrac{1}{2} + \dfrac{\sqrt{3958041}}{1642}}$.",B. $\dfrac{17}{50} < |z| < \dfrac{67}{50}$.,"Đặt $t=|z|>0$. Biến đổi phương trình về $(\dfrac{5}{2}-\dfrac{7}{5}i)(t-i)=\dfrac{\sqrt{10}}{z}$, lấy môđun hai vế: $\sqrt{\dfrac{821}{100}}\cdot\sqrt{t^2+1} = \dfrac{\sqrt{10}}{t}$, suy ra $t^2=- \dfrac{1}{2} + \dfrac{\sqrt{3958041}}{1642} \Rightarrow t=\sqrt{- \dfrac{1}{2} + \dfrac{\sqrt{3958041}}{1642}}$, thỏa mãn $\dfrac{17}{50}<t<\dfrac{67}{50}$.",Đạt,
452,Dạng 4 - Tìm số phức thỏa mãn điều kiện cho trước,Nhân bản,8,Số hữu tỉ,"Xét số phức $z$ thỏa mãn $(\dfrac{7}{4}+\dfrac{5}{3}i)|z| = \dfrac{\sqrt{10}}{z}+i(\dfrac{7}{4}+\dfrac{5}{3}i)$. Mệnh đề nào dưới đây đúng?

A. $|z| > \dfrac{29}{20}$.
B. $\dfrac{9}{20} < |z| < \dfrac{29}{20}$.
C. $|z| < \dfrac{9}{20}$.
D. $|z| = \sqrt{- \dfrac{1}{2} + \dfrac{\sqrt{6601}}{58}}$.",B. $\dfrac{9}{20} < |z| < \dfrac{29}{20}$.,"Đặt $t=|z|>0$. Biến đổi phương trình về $(\dfrac{7}{4}+\dfrac{5}{3}i)(t-i)=\dfrac{\sqrt{10}}{z}$, lấy môđun hai vế: $\sqrt{\dfrac{841}{144}}\cdot\sqrt{t^2+1} = \dfrac{\sqrt{10}}{t}$, suy ra $t^2=- \dfrac{1}{2} + \dfrac{\sqrt{6601}}{58} \Rightarrow t=\sqrt{- \dfrac{1}{2} + \dfrac{\sqrt{6601}}{58}}$, thỏa mãn $\dfrac{9}{20}<t<\dfrac{29}{20}$.",Đạt,
453,Dạng 4 - Tìm số phức thỏa mãn điều kiện cho trước,Nhân bản,8,Số hữu tỉ,"Xét số phức $z$ thỏa mãn $(- \dfrac{11}{3}-\dfrac{5}{2}i)|z| = \dfrac{\sqrt{10}}{z}+i(- \dfrac{11}{3}-\dfrac{5}{2}i)$. Mệnh đề nào dưới đây đúng?

A. $|z| > \dfrac{111}{100}$.
B. $\dfrac{11}{100} < |z| < \dfrac{111}{100}$.
C. $|z| < \dfrac{11}{100}$.
D. $|z| = \sqrt{- \dfrac{1}{2} + \dfrac{\sqrt{1523641}}{1418}}$.",B. $\dfrac{11}{100} < |z| < \dfrac{111}{100}$.,"Đặt $t=|z|>0$. Biến đổi phương trình về $(- \dfrac{11}{3}-\dfrac{5}{2}i)(t-i)=\dfrac{\sqrt{10}}{z}$, lấy môđun hai vế: $\sqrt{\dfrac{709}{36}}\cdot\sqrt{t^2+1} = \dfrac{\sqrt{10}}{t}$, suy ra $t^2=- \dfrac{1}{2} + \dfrac{\sqrt{1523641}}{1418} \Rightarrow t=\sqrt{- \dfrac{1}{2} + \dfrac{\sqrt{1523641}}{1418}}$, thỏa mãn $\dfrac{11}{100}<t<\dfrac{111}{100}$.",Đạt,
454,Dạng 4 - Tìm số phức thỏa mãn điều kiện cho trước,Nhân bản,8,Số vô tỉ,"Xét số phức $z$ thỏa mãn $(2+\sqrt{5}i)|z| = \dfrac{\sqrt{10}}{z}+i(2+\sqrt{5}i)$. Mệnh đề nào dưới đây đúng?

A. $|z| > \dfrac{33}{25}$.
B. $\dfrac{8}{25} < |z| < \dfrac{33}{25}$.
C. $|z| < \dfrac{8}{25}$.
D. $|z| = \dfrac{\sqrt{6}}{3}$.",B. $\dfrac{8}{25} < |z| < \dfrac{33}{25}$.,"Đặt $t=|z|>0$. Biến đổi phương trình về $(2+\sqrt{5}i)(t-i)=\dfrac{\sqrt{10}}{z}$, lấy môđun hai vế: $\sqrt{9}\cdot\sqrt{t^2+1} = \dfrac{\sqrt{10}}{t}$, suy ra $t^2=\dfrac{2}{3} \Rightarrow t=\dfrac{\sqrt{6}}{3}$, thỏa mãn $\dfrac{8}{25}<t<\dfrac{33}{25}$.",Đạt,
455,Dạng 4 - Tìm số phức thỏa mãn điều kiện cho trước,Nhân bản,8,Số vô tỉ,"Xét số phức $z$ thỏa mãn $(- \sqrt{7}+\sqrt{3}i)|z| = \dfrac{\sqrt{10}}{z}+i(- \sqrt{7}+\sqrt{3}i)$. Mệnh đề nào dưới đây đúng?

A. $|z| > \dfrac{129}{100}$.
B. $\dfrac{29}{100} < |z| < \dfrac{129}{100}$.
C. $|z| < \dfrac{29}{100}$.
D. $|z| = \sqrt{- \dfrac{1}{2} + \dfrac{\sqrt{5}}{2}}$.",B. $\dfrac{29}{100} < |z| < \dfrac{129}{100}$.,"Đặt $t=|z|>0$. Biến đổi phương trình về $(- \sqrt{7}+\sqrt{3}i)(t-i)=\dfrac{\sqrt{10}}{z}$, lấy môđun hai vế: $\sqrt{10}\cdot\sqrt{t^2+1} = \dfrac{\sqrt{10}}{t}$, suy ra $t^2=- \dfrac{1}{2} + \dfrac{\sqrt{5}}{2} \Rightarrow t=\sqrt{- \dfrac{1}{2} + \dfrac{\sqrt{5}}{2}}$, thỏa mãn $\dfrac{29}{100}<t<\dfrac{129}{100}$.",Đạt,
456,Dạng 4 - Tìm số phức thỏa mãn điều kiện cho trước,Nhân bản,8,Số vô tỉ,"Xét số phức $z$ thỏa mãn $(2-2 \sqrt{5}i)|z| = \dfrac{\sqrt{10}}{z}+i(2-2 \sqrt{5}i)$. Mệnh đề nào dưới đây đúng?

A. $|z| > \dfrac{53}{50}$.
B. $\dfrac{3}{50} < |z| < \dfrac{53}{50}$.
C. $|z| < \dfrac{3}{50}$.
D. $|z| = \sqrt{- \dfrac{1}{2} + \dfrac{\sqrt{6}}{3}}$.",B. $\dfrac{3}{50} < |z| < \dfrac{53}{50}$.,"Đặt $t=|z|>0$. Biến đổi phương trình về $(2-2 \sqrt{5}i)(t-i)=\dfrac{\sqrt{10}}{z}$, lấy môđun hai vế: $\sqrt{24}\cdot\sqrt{t^2+1} = \dfrac{\sqrt{10}}{t}$, suy ra $t^2=- \dfrac{1}{2} + \dfrac{\sqrt{6}}{3} \Rightarrow t=\sqrt{- \dfrac{1}{2} + \dfrac{\sqrt{6}}{3}}$, thỏa mãn $\dfrac{3}{50}<t<\dfrac{53}{50}$.",Đạt,
457,Dạng 4 - Tìm số phức thỏa mãn điều kiện cho trước,Nhân bản,14,Số nguyên,"Có bao nhiêu số phức $z$ thỏa mãn $|z|^2 = 2|z+\overline{z}|+4$ và $|z-(-5-5i)| = |z-(8+6i)|$?

A. $1$.
B. $2$.
C. $3$.
D. $4$.",B. $2$.,"Đặt $z=x+iy$. Điều kiện thứ hai cho phương trình đường thẳng $y=\dfrac{25}{11} - \dfrac{13 x}{11}$ (đường trung trực). Thay vào $x^2+y^2=4|x|+4$ và giải theo từng trường hợp dấu của $x$, ta được 2 nghiệm $(x;y)$ thỏa mãn, tức 2 số phức $z$.",Đạt,
458,Dạng 4 - Tìm số phức thỏa mãn điều kiện cho trước,Nhân bản,14,Số nguyên,"Có bao nhiêu số phức $z$ thỏa mãn $|z|^2 = 2|z+\overline{z}|+4$ và $|z-(-4-5i)| = |z-(2+8i)|$?

A. $1$.
B. $2$.
C. $3$.
D. $4$.",B. $2$.,"Đặt $z=x+iy$. Điều kiện thứ hai cho phương trình đường thẳng $y=\dfrac{27}{26} - \dfrac{6 x}{13}$ (đường trung trực). Thay vào $x^2+y^2=4|x|+4$ và giải theo từng trường hợp dấu của $x$, ta được 2 nghiệm $(x;y)$ thỏa mãn, tức 2 số phức $z$.",Đạt,
459,Dạng 4 - Tìm số phức thỏa mãn điều kiện cho trước,Nhân bản,14,Số nguyên,"Có bao nhiêu số phức $z$ thỏa mãn $|z|^2 = 2|z+\overline{z}|+4$ và $|z-(-4-4i)| = |z-(6+2i)|$?

A. $1$.
B. $2$.
C. $3$.
D. $4$.",B. $2$.,"Đặt $z=x+iy$. Điều kiện thứ hai cho phương trình đường thẳng $y=\dfrac{2}{3} - \dfrac{5 x}{3}$ (đường trung trực). Thay vào $x^2+y^2=4|x|+4$ và giải theo từng trường hợp dấu của $x$, ta được 2 nghiệm $(x;y)$ thỏa mãn, tức 2 số phức $z$.",Đạt,
460,Dạng 4 - Tìm số phức thỏa mãn điều kiện cho trước,Nhân bản,14,Số hữu tỉ,"Có bao nhiêu số phức $z$ thỏa mãn $|z|^2 = 2|z+\overline{z}|+4$ và $|z-(- \dfrac{3}{2}+\dfrac{5}{2}i)| = |z-(\dfrac{3}{5}-\dfrac{7}{3}i)|$?

A. $1$.
B. $2$.
C. $3$.
D. $4$.",B. $2$.,"Đặt $z=x+iy$. Điều kiện thứ hai cho phương trình đường thẳng $y=\dfrac{63 x}{145} + \dfrac{1213}{4350}$ (đường trung trực). Thay vào $x^2+y^2=4|x|+4$ và giải theo từng trường hợp dấu của $x$, ta được 2 nghiệm $(x;y)$ thỏa mãn, tức 2 số phức $z$.",Đạt,
461,Dạng 4 - Tìm số phức thỏa mãn điều kiện cho trước,Nhân bản,14,Số hữu tỉ,"Có bao nhiêu số phức $z$ thỏa mãn $|z|^2 = 2|z+\overline{z}|+4$ và $|z-(\dfrac{5}{4}+\dfrac{10}{3}i)| = |z-(\dfrac{5}{2}+\dfrac{9}{5}i)|$?

A. $1$.
B. $2$.
C. $3$.
D. $4$.",B. $2$.,"Đặt $z=x+iy$. Điều kiện thứ hai cho phương trình đường thẳng $y=\dfrac{75 x}{92} + \dfrac{11461}{11040}$ (đường trung trực). Thay vào $x^2+y^2=4|x|+4$ và giải theo từng trường hợp dấu của $x$, ta được 2 nghiệm $(x;y)$ thỏa mãn, tức 2 số phức $z$.",Đạt,
462,Dạng 4 - Tìm số phức thỏa mãn điều kiện cho trước,Nhân bản,14,Số hữu tỉ,"Có bao nhiêu số phức $z$ thỏa mãn $|z|^2 = 2|z+\overline{z}|+4$ và $|z-(\dfrac{1}{2}+\dfrac{1}{3}i)| = |z-(- \dfrac{11}{2}+\dfrac{1}{2}i)|$?

A. $1$.
B. $2$.
C. $3$.
D. $4$.",B. $2$.,"Đặt $z=x+iy$. Điều kiện thứ hai cho phương trình đường thẳng $y=36 x + \dfrac{1085}{12}$ (đường trung trực). Thay vào $x^2+y^2=4|x|+4$ và giải theo từng trường hợp dấu của $x$, ta được 2 nghiệm $(x;y)$ thỏa mãn, tức 2 số phức $z$.",Đạt,
463,Dạng 4 - Tìm số phức thỏa mãn điều kiện cho trước,Nhân bản,14,Số vô tỉ,"Có bao nhiêu số phức $z$ thỏa mãn $|z|^2 = 2|z+\overline{z}|+4$ và $|z-(- 2 \sqrt{3}-5i)| = |z-(4+\sqrt{3}i)|$?

A. $1$.
B. $2$.
C. $3$.
D. $4$.",B. $2$.,"Đặt $z=x+iy$. Điều kiện thứ hai cho phương trình đường thẳng $y=x \left(- \dfrac{7}{11} - \dfrac{3 \sqrt{3}}{11}\right) - \dfrac{45}{22} + \dfrac{9 \sqrt{3}}{22}$ (đường trung trực). Thay vào $x^2+y^2=4|x|+4$ và giải theo từng trường hợp dấu của $x$, ta được 2 nghiệm $(x;y)$ thỏa mãn, tức 2 số phức $z$.",Đạt,
464,Dạng 4 - Tìm số phức thỏa mãn điều kiện cho trước,Nhân bản,14,Số vô tỉ,"Có bao nhiêu số phức $z$ thỏa mãn $|z|^2 = 2|z+\overline{z}|+4$ và $|z-(- 3 \sqrt{11}+3i)| = |z-(2 \sqrt{11}+5i)|$?

A. $1$.
B. $2$.
C. $3$.
D. $4$.",B. $2$.,"Đặt $z=x+iy$. Điều kiện thứ hai cho phương trình đường thẳng $y=- \dfrac{5 \sqrt{11} x}{2} - \dfrac{39}{4}$ (đường trung trực). Thay vào $x^2+y^2=4|x|+4$ và giải theo từng trường hợp dấu của $x$, ta được 2 nghiệm $(x;y)$ thỏa mãn, tức 2 số phức $z$.",Đạt,
465,Dạng 4 - Tìm số phức thỏa mãn điều kiện cho trước,Nhân bản,14,Số vô tỉ,"Có bao nhiêu số phức $z$ thỏa mãn $|z|^2 = 2|z+\overline{z}|+4$ và $|z-(2-4 \sqrt{6}i)| = |z-(\sqrt{2}+2 \sqrt{6}i)|$?

A. $3$.
B. $4$.
C. $5$.
D. $6$.",B. $4$.,"Đặt $z=x+iy$. Điều kiện thứ hai cho phương trình đường thẳng $y=\dfrac{x \left(- 2 \sqrt{3} + 2 \sqrt{6}\right)}{36} - \dfrac{37 \sqrt{6}}{36}$ (đường trung trực). Thay vào $x^2+y^2=4|x|+4$ và giải theo từng trường hợp dấu của $x$, ta được 4 nghiệm $(x;y)$ thỏa mãn, tức 4 số phức $z$.",Đạt,
466,Dạng 4 - Tìm số phức thỏa mãn điều kiện cho trước,Nhân bản,39,Số nguyên,"Có bao nhiêu số phức $z$ thỏa mãn $|z+3i|=10$ và $\dfrac{z}{z+3}$ là số thuần ảo?

A. $0$.
B. $1$.
C. $2$.
D. $3$.",A. $0$.,"Đặt $z=x+iy$. Điều kiện thuần ảo cho $x(x+3)+y^2=0$, kết hợp với $x^2+(y+3)^2=10^2$ (loại nghiệm $z=-3$ và $z=0$ nếu có), giải hệ được 0 số phức $z$ thỏa mãn.",Đạt,
467,Dạng 4 - Tìm số phức thỏa mãn điều kiện cho trước,Nhân bản,39,Số nguyên,"Có bao nhiêu số phức $z$ thỏa mãn $|z-6i|=10$ và $\dfrac{z}{z+9}$ là số thuần ảo?

A. $1$.
B. $2$.
C. $3$.
D. $4$.",B. $2$.,"Đặt $z=x+iy$. Điều kiện thuần ảo cho $x(x+9)+y^2=0$, kết hợp với $x^2+(y-6)^2=10^2$ (loại nghiệm $z=-9$ và $z=0$ nếu có), giải hệ được 2 số phức $z$ thỏa mãn.",Đạt,
468,Dạng 4 - Tìm số phức thỏa mãn điều kiện cho trước,Nhân bản,39,Số nguyên,"Có bao nhiêu số phức $z$ thỏa mãn $|z+7i|=5$ và $\dfrac{z}{z-3}$ là số thuần ảo?

A. $0$.
B. $1$.
C. $2$.
D. $3$.",A. $0$.,"Đặt $z=x+iy$. Điều kiện thuần ảo cho $x(x-3)+y^2=0$, kết hợp với $x^2+(y+7)^2=5^2$ (loại nghiệm $z=3$ và $z=0$ nếu có), giải hệ được 0 số phức $z$ thỏa mãn.",Đạt,
469,Dạng 4 - Tìm số phức thỏa mãn điều kiện cho trước,Nhân bản,39,Số hữu tỉ,"Có bao nhiêu số phức $z$ thỏa mãn $|z+\dfrac{4}{3}i|=5$ và $\dfrac{z}{z-\dfrac{1}{5}}$ là số thuần ảo?

A. $0$.
B. $1$.
C. $2$.
D. $3$.",A. $0$.,"Đặt $z=x+iy$. Điều kiện thuần ảo cho $x(x-\dfrac{1}{5})+y^2=0$, kết hợp với $x^2+(y+\dfrac{4}{3})^2=5^2$ (loại nghiệm $z=\dfrac{1}{5}$ và $z=0$ nếu có), giải hệ được 0 số phức $z$ thỏa mãn.",Đạt,
470,Dạng 4 - Tìm số phức thỏa mãn điều kiện cho trước,Nhân bản,39,Số hữu tỉ,"Có bao nhiêu số phức $z$ thỏa mãn $|z+\dfrac{1}{4}i|=13$ và $\dfrac{z}{z+\dfrac{5}{2}}$ là số thuần ảo?

A. $0$.
B. $1$.
C. $2$.
D. $3$.",A. $0$.,"Đặt $z=x+iy$. Điều kiện thuần ảo cho $x(x+\dfrac{5}{2})+y^2=0$, kết hợp với $x^2+(y+\dfrac{1}{4})^2=13^2$ (loại nghiệm $z=- \dfrac{5}{2}$ và $z=0$ nếu có), giải hệ được 0 số phức $z$ thỏa mãn.",Đạt,
471,Dạng 4 - Tìm số phức thỏa mãn điều kiện cho trước,Nhân bản,39,Số hữu tỉ,"Có bao nhiêu số phức $z$ thỏa mãn $|z+\dfrac{3}{4}i|=5$ và $\dfrac{z}{z-\dfrac{2}{3}}$ là số thuần ảo?

A. $0$.
B. $1$.
C. $2$.
D. $3$.",A. $0$.,"Đặt $z=x+iy$. Điều kiện thuần ảo cho $x(x-\dfrac{2}{3})+y^2=0$, kết hợp với $x^2+(y+\dfrac{3}{4})^2=5^2$ (loại nghiệm $z=\dfrac{2}{3}$ và $z=0$ nếu có), giải hệ được 0 số phức $z$ thỏa mãn.",Đạt,
472,Dạng 4 - Tìm số phức thỏa mãn điều kiện cho trước,Nhân bản,39,Số vô tỉ,"Có bao nhiêu số phức $z$ thỏa mãn $|z-4 \sqrt{6}i|=13$ và $\dfrac{z}{z+2 \sqrt{10}}$ là số thuần ảo?

A. $1$.
B. $2$.
C. $3$.
D. $4$.",B. $2$.,"Đặt $z=x+iy$. Điều kiện thuần ảo cho $x(x+2 \sqrt{10})+y^2=0$, kết hợp với $x^2+(y-4 \sqrt{6})^2=13^2$ (loại nghiệm $z=- 2 \sqrt{10}$ và $z=0$ nếu có), giải hệ được 2 số phức $z$ thỏa mãn.",Đạt,
473,Dạng 4 - Tìm số phức thỏa mãn điều kiện cho trước,Nhân bản,39,Số vô tỉ,"Có bao nhiêu số phức $z$ thỏa mãn $|z-\sqrt{10}i|=13$ và $\dfrac{z}{z+2 \sqrt{2}}$ là số thuần ảo?

A. $0$.
B. $1$.
C. $2$.
D. $3$.",A. $0$.,"Đặt $z=x+iy$. Điều kiện thuần ảo cho $x(x+2 \sqrt{2})+y^2=0$, kết hợp với $x^2+(y-\sqrt{10})^2=13^2$ (loại nghiệm $z=- 2 \sqrt{2}$ và $z=0$ nếu có), giải hệ được 0 số phức $z$ thỏa mãn.",Đạt,
474,Dạng 4 - Tìm số phức thỏa mãn điều kiện cho trước,Nhân bản,39,Số vô tỉ,"Có bao nhiêu số phức $z$ thỏa mãn $|z+2i|=13$ và $\dfrac{z}{z+4 \sqrt{2}}$ là số thuần ảo?

A. $0$.
B. $1$.
C. $2$.
D. $3$.",A. $0$.,"Đặt $z=x+iy$. Điều kiện thuần ảo cho $x(x+4 \sqrt{2})+y^2=0$, kết hợp với $x^2+(y+2)^2=13^2$ (loại nghiệm $z=- 4 \sqrt{2}$ và $z=0$ nếu có), giải hệ được 0 số phức $z$ thỏa mãn.",Đạt,
475,Dạng 4 - Tìm số phức thỏa mãn điều kiện cho trước,Nhân bản,42,Số nguyên,"Có bao nhiêu số phức $z$ thỏa mãn $|z|(z+2-i)+2i=(4-i)z$?

A. $2$.
B. $3$.
C. $4$.
D. $5$.",B. $3$.,"Đặt $t=|z|\ge0$. Biến đổi phương trình về dạng $z(4-t-i)=+2t+(2-t)i$, lấy môđun hai vế ta được phương trình theo $t$, giải ra 3 giá trị $t\ge0$ thỏa mãn. Với mỗi $t$ tìm được duy nhất một số phức $z$ tương ứng. Vậy có 3 số phức $z$ thỏa mãn.",Đạt,
476,Dạng 4 - Tìm số phức thỏa mãn điều kiện cho trước,Nhân bản,42,Số nguyên,"Có bao nhiêu số phức $z$ thỏa mãn $|z|(z+3-i)+2i=(4-i)z$?

A. $2$.
B. $3$.
C. $4$.
D. $5$.",B. $3$.,"Đặt $t=|z|\ge0$. Biến đổi phương trình về dạng $z(4-t-i)=+3t+(2-t)i$, lấy môđun hai vế ta được phương trình theo $t$, giải ra 3 giá trị $t\ge0$ thỏa mãn. Với mỗi $t$ tìm được duy nhất một số phức $z$ tương ứng. Vậy có 3 số phức $z$ thỏa mãn.",Đạt,
477,Dạng 4 - Tìm số phức thỏa mãn điều kiện cho trước,Nhân bản,42,Số nguyên,"Có bao nhiêu số phức $z$ thỏa mãn $|z|(z-9-i)+2i=(4-i)z$?

A. $0$.
B. $1$.
C. $2$.
D. $3$.",B. $1$.,"Đặt $t=|z|\ge0$. Biến đổi phương trình về dạng $z(4-t-i)=-9t+(2-t)i$, lấy môđun hai vế ta được phương trình theo $t$, giải ra 1 giá trị $t\ge0$ thỏa mãn. Với mỗi $t$ tìm được duy nhất một số phức $z$ tương ứng. Vậy có 1 số phức $z$ thỏa mãn.",Đạt,
478,Dạng 4 - Tìm số phức thỏa mãn điều kiện cho trước,Nhân bản,42,Số hữu tỉ,"Có bao nhiêu số phức $z$ thỏa mãn $|z|(z-\dfrac{10}{3}-i)+2i=(4-i)z$?

A. $0$.
B. $1$.
C. $2$.
D. $3$.",B. $1$.,"Đặt $t=|z|\ge0$. Biến đổi phương trình về dạng $z(4-t-i)=-\dfrac{10}{3}t+(2-t)i$, lấy môđun hai vế ta được phương trình theo $t$, giải ra 1 giá trị $t\ge0$ thỏa mãn. Với mỗi $t$ tìm được duy nhất một số phức $z$ tương ứng. Vậy có 1 số phức $z$ thỏa mãn.",Đạt,
479,Dạng 4 - Tìm số phức thỏa mãn điều kiện cho trước,Nhân bản,42,Số hữu tỉ,"Có bao nhiêu số phức $z$ thỏa mãn $|z|(z-\dfrac{3}{2}-i)+2i=(4-i)z$?

A. $2$.
B. $3$.
C. $4$.
D. $5$.",B. $3$.,"Đặt $t=|z|\ge0$. Biến đổi phương trình về dạng $z(4-t-i)=-\dfrac{3}{2}t+(2-t)i$, lấy môđun hai vế ta được phương trình theo $t$, giải ra 3 giá trị $t\ge0$ thỏa mãn. Với mỗi $t$ tìm được duy nhất một số phức $z$ tương ứng. Vậy có 3 số phức $z$ thỏa mãn.",Đạt,
480,Dạng 4 - Tìm số phức thỏa mãn điều kiện cho trước,Nhân bản,42,Số hữu tỉ,"Có bao nhiêu số phức $z$ thỏa mãn $|z|(z-\dfrac{8}{5}-i)+2i=(4-i)z$?

A. $2$.
B. $3$.
C. $4$.
D. $5$.",B. $3$.,"Đặt $t=|z|\ge0$. Biến đổi phương trình về dạng $z(4-t-i)=-\dfrac{8}{5}t+(2-t)i$, lấy môđun hai vế ta được phương trình theo $t$, giải ra 3 giá trị $t\ge0$ thỏa mãn. Với mỗi $t$ tìm được duy nhất một số phức $z$ tương ứng. Vậy có 3 số phức $z$ thỏa mãn.",Đạt,
481,Dạng 4 - Tìm số phức thỏa mãn điều kiện cho trước,Nhân bản,42,Số vô tỉ,"Có bao nhiêu số phức $z$ thỏa mãn $|z|(z-5-i)+2i=(4-i)z$?

A. $0$.
B. $1$.
C. $2$.
D. $3$.",B. $1$.,"Đặt $t=|z|\ge0$. Biến đổi phương trình về dạng $z(4-t-i)=-5t+(2-t)i$, lấy môđun hai vế ta được phương trình theo $t$, giải ra 1 giá trị $t\ge0$ thỏa mãn. Với mỗi $t$ tìm được duy nhất một số phức $z$ tương ứng. Vậy có 1 số phức $z$ thỏa mãn.",Đạt,
482,Dạng 4 - Tìm số phức thỏa mãn điều kiện cho trước,Nhân bản,42,Số vô tỉ,"Có bao nhiêu số phức $z$ thỏa mãn $|z|(z+5-i)+2i=(4-i)z$?

A. $0$.
B. $1$.
C. $2$.
D. $3$.",B. $1$.,"Đặt $t=|z|\ge0$. Biến đổi phương trình về dạng $z(4-t-i)=+5t+(2-t)i$, lấy môđun hai vế ta được phương trình theo $t$, giải ra 1 giá trị $t\ge0$ thỏa mãn. Với mỗi $t$ tìm được duy nhất một số phức $z$ tương ứng. Vậy có 1 số phức $z$ thỏa mãn.",Đạt,
483,Dạng 4 - Tìm số phức thỏa mãn điều kiện cho trước,Nhân bản,42,Số vô tỉ,"Có bao nhiêu số phức $z$ thỏa mãn $|z|(z+3 \sqrt{5}-i)+2i=(4-i)z$?

A. $0$.
B. $1$.
C. $2$.
D. $3$.",B. $1$.,"Đặt $t=|z|\ge0$. Biến đổi phương trình về dạng $z(4-t-i)=+3 \sqrt{5}t+(2-t)i$, lấy môđun hai vế ta được phương trình theo $t$, giải ra 1 giá trị $t\ge0$ thỏa mãn. Với mỗi $t$ tìm được duy nhất một số phức $z$ tương ứng. Vậy có 1 số phức $z$ thỏa mãn.",Đạt,
484,Dạng 4 - Tìm số phức thỏa mãn điều kiện cho trước,Nhân bản,66,Số nguyên,"Có bao nhiêu số phức $z$ thỏa mãn $|z^2|=2|z-\overline{z}|$ và $|(z-7)(\overline{z}-7i)|=|z+7i|^2$?

A. $3$.
B. $2$.
C. $4$.
D. $5$.",A. $3$.,"Ta có $\overline{z}-7i=\overline{z+7i}$ nên $|(z-7)(\overline{z}-7i)|=|z+7i|^2 \Leftrightarrow |z+7i|=0$ hoặc $|z-7|=|z+7i|$.
Trường hợp $|z-7|=|z+7i|$ cho $y=-x$; thay vào $|z^2|=2|z-\overline{z}|$ ($x^2+y^2=4|y|$) được $x\in\{0,2,-2\}$, cho 3 số phức. Trường hợp $z=-7i$ thỏa mãn thêm điều kiện đầu chỉ khi $|7|=4$. Vậy có 3 số phức $z$ thỏa mãn.",Đạt,
485,Dạng 4 - Tìm số phức thỏa mãn điều kiện cho trước,Nhân bản,66,Số nguyên,"Có bao nhiêu số phức $z$ thỏa mãn $|z^2|=2|z-\overline{z}|$ và $|(z-2)(\overline{z}-2i)|=|z+2i|^2$?

A. $3$.
B. $2$.
C. $4$.
D. $5$.",A. $3$.,"Ta có $\overline{z}-2i=\overline{z+2i}$ nên $|(z-2)(\overline{z}-2i)|=|z+2i|^2 \Leftrightarrow |z+2i|=0$ hoặc $|z-2|=|z+2i|$.
Trường hợp $|z-2|=|z+2i|$ cho $y=-x$; thay vào $|z^2|=2|z-\overline{z}|$ ($x^2+y^2=4|y|$) được $x\in\{0,2,-2\}$, cho 3 số phức. Trường hợp $z=-2i$ thỏa mãn thêm điều kiện đầu chỉ khi $|2|=4$. Vậy có 3 số phức $z$ thỏa mãn.",Đạt,
486,Dạng 4 - Tìm số phức thỏa mãn điều kiện cho trước,Nhân bản,66,Số nguyên,"Có bao nhiêu số phức $z$ thỏa mãn $|z^2|=2|z-\overline{z}|$ và $|(z+2)(\overline{z}+2i)|=|z-2i|^2$?

A. $3$.
B. $2$.
C. $4$.
D. $5$.",A. $3$.,"Ta có $\overline{z}+2i=\overline{z-2i}$ nên $|(z+2)(\overline{z}+2i)|=|z-2i|^2 \Leftrightarrow |z-2i|=0$ hoặc $|z+2|=|z-2i|$.
Trường hợp $|z+2|=|z-2i|$ cho $y=-x$; thay vào $|z^2|=2|z-\overline{z}|$ ($x^2+y^2=4|y|$) được $x\in\{0,2,-2\}$, cho 3 số phức. Trường hợp $z=+2i$ thỏa mãn thêm điều kiện đầu chỉ khi $|-2|=4$. Vậy có 3 số phức $z$ thỏa mãn.",Đạt,
487,Dạng 4 - Tìm số phức thỏa mãn điều kiện cho trước,Nhân bản,66,Số hữu tỉ,"Có bao nhiêu số phức $z$ thỏa mãn $|z^2|=2|z-\overline{z}|$ và $|(z-\dfrac{10}{3})(\overline{z}-\dfrac{10}{3}i)|=|z+\dfrac{10}{3}i|^2$?

A. $3$.
B. $2$.
C. $4$.
D. $5$.",A. $3$.,"Ta có $\overline{z}-\dfrac{10}{3}i=\overline{z+\dfrac{10}{3}i}$ nên $|(z-\dfrac{10}{3})(\overline{z}-\dfrac{10}{3}i)|=|z+\dfrac{10}{3}i|^2 \Leftrightarrow |z+\dfrac{10}{3}i|=0$ hoặc $|z-\dfrac{10}{3}|=|z+\dfrac{10}{3}i|$.
Trường hợp $|z-\dfrac{10}{3}|=|z+\dfrac{10}{3}i|$ cho $y=-x$; thay vào $|z^2|=2|z-\overline{z}|$ ($x^2+y^2=4|y|$) được $x\in\{0,2,-2\}$, cho 3 số phức. Trường hợp $z=-\dfrac{10}{3}i$ thỏa mãn thêm điều kiện đầu chỉ khi $|\dfrac{10}{3}|=4$. Vậy có 3 số phức $z$ thỏa mãn.",Đạt,
488,Dạng 4 - Tìm số phức thỏa mãn điều kiện cho trước,Nhân bản,66,Số hữu tỉ,"Có bao nhiêu số phức $z$ thỏa mãn $|z^2|=2|z-\overline{z}|$ và $|(z-\dfrac{8}{3})(\overline{z}-\dfrac{8}{3}i)|=|z+\dfrac{8}{3}i|^2$?

A. $3$.
B. $2$.
C. $4$.
D. $5$.",A. $3$.,"Ta có $\overline{z}-\dfrac{8}{3}i=\overline{z+\dfrac{8}{3}i}$ nên $|(z-\dfrac{8}{3})(\overline{z}-\dfrac{8}{3}i)|=|z+\dfrac{8}{3}i|^2 \Leftrightarrow |z+\dfrac{8}{3}i|=0$ hoặc $|z-\dfrac{8}{3}|=|z+\dfrac{8}{3}i|$.
Trường hợp $|z-\dfrac{8}{3}|=|z+\dfrac{8}{3}i|$ cho $y=-x$; thay vào $|z^2|=2|z-\overline{z}|$ ($x^2+y^2=4|y|$) được $x\in\{0,2,-2\}$, cho 3 số phức. Trường hợp $z=-\dfrac{8}{3}i$ thỏa mãn thêm điều kiện đầu chỉ khi $|\dfrac{8}{3}|=4$. Vậy có 3 số phức $z$ thỏa mãn.",Đạt,
489,Dạng 4 - Tìm số phức thỏa mãn điều kiện cho trước,Nhân bản,66,Số hữu tỉ,"Có bao nhiêu số phức $z$ thỏa mãn $|z^2|=2|z-\overline{z}|$ và $|(z+\dfrac{3}{5})(\overline{z}+\dfrac{3}{5}i)|=|z-\dfrac{3}{5}i|^2$?

A. $3$.
B. $2$.
C. $4$.
D. $5$.",A. $3$.,"Ta có $\overline{z}+\dfrac{3}{5}i=\overline{z-\dfrac{3}{5}i}$ nên $|(z+\dfrac{3}{5})(\overline{z}+\dfrac{3}{5}i)|=|z-\dfrac{3}{5}i|^2 \Leftrightarrow |z-\dfrac{3}{5}i|=0$ hoặc $|z+\dfrac{3}{5}|=|z-\dfrac{3}{5}i|$.
Trường hợp $|z+\dfrac{3}{5}|=|z-\dfrac{3}{5}i|$ cho $y=-x$; thay vào $|z^2|=2|z-\overline{z}|$ ($x^2+y^2=4|y|$) được $x\in\{0,2,-2\}$, cho 3 số phức. Trường hợp $z=+\dfrac{3}{5}i$ thỏa mãn thêm điều kiện đầu chỉ khi $|- \dfrac{3}{5}|=4$. Vậy có 3 số phức $z$ thỏa mãn.",Đạt,
490,Dạng 4 - Tìm số phức thỏa mãn điều kiện cho trước,Nhân bản,66,Số vô tỉ,"Có bao nhiêu số phức $z$ thỏa mãn $|z^2|=2|z-\overline{z}|$ và $|(z-\sqrt{5})(\overline{z}-\sqrt{5}i)|=|z+\sqrt{5}i|^2$?

A. $3$.
B. $2$.
C. $4$.
D. $5$.",A. $3$.,"Ta có $\overline{z}-\sqrt{5}i=\overline{z+\sqrt{5}i}$ nên $|(z-\sqrt{5})(\overline{z}-\sqrt{5}i)|=|z+\sqrt{5}i|^2 \Leftrightarrow |z+\sqrt{5}i|=0$ hoặc $|z-\sqrt{5}|=|z+\sqrt{5}i|$.
Trường hợp $|z-\sqrt{5}|=|z+\sqrt{5}i|$ cho $y=-x$; thay vào $|z^2|=2|z-\overline{z}|$ ($x^2+y^2=4|y|$) được $x\in\{0,2,-2\}$, cho 3 số phức. Trường hợp $z=-\sqrt{5}i$ thỏa mãn thêm điều kiện đầu chỉ khi $|\sqrt{5}|=4$. Vậy có 3 số phức $z$ thỏa mãn.",Đạt,
491,Dạng 4 - Tìm số phức thỏa mãn điều kiện cho trước,Nhân bản,66,Số vô tỉ,"Có bao nhiêu số phức $z$ thỏa mãn $|z^2|=2|z-\overline{z}|$ và $|(z-3 \sqrt{3})(\overline{z}-3 \sqrt{3}i)|=|z+3 \sqrt{3}i|^2$?

A. $3$.
B. $2$.
C. $4$.
D. $5$.",A. $3$.,"Ta có $\overline{z}-3 \sqrt{3}i=\overline{z+3 \sqrt{3}i}$ nên $|(z-3 \sqrt{3})(\overline{z}-3 \sqrt{3}i)|=|z+3 \sqrt{3}i|^2 \Leftrightarrow |z+3 \sqrt{3}i|=0$ hoặc $|z-3 \sqrt{3}|=|z+3 \sqrt{3}i|$.
Trường hợp $|z-3 \sqrt{3}|=|z+3 \sqrt{3}i|$ cho $y=-x$; thay vào $|z^2|=2|z-\overline{z}|$ ($x^2+y^2=4|y|$) được $x\in\{0,2,-2\}$, cho 3 số phức. Trường hợp $z=-3 \sqrt{3}i$ thỏa mãn thêm điều kiện đầu chỉ khi $|3 \sqrt{3}|=4$. Vậy có 3 số phức $z$ thỏa mãn.",Đạt,
492,Dạng 4 - Tìm số phức thỏa mãn điều kiện cho trước,Nhân bản,66,Số vô tỉ,"Có bao nhiêu số phức $z$ thỏa mãn $|z^2|=2|z-\overline{z}|$ và $|(z+\sqrt{3})(\overline{z}+\sqrt{3}i)|=|z-\sqrt{3}i|^2$?

A. $3$.
B. $2$.
C. $4$.
D. $5$.",A. $3$.,"Ta có $\overline{z}+\sqrt{3}i=\overline{z-\sqrt{3}i}$ nên $|(z+\sqrt{3})(\overline{z}+\sqrt{3}i)|=|z-\sqrt{3}i|^2 \Leftrightarrow |z-\sqrt{3}i|=0$ hoặc $|z+\sqrt{3}|=|z-\sqrt{3}i|$.
Trường hợp $|z+\sqrt{3}|=|z-\sqrt{3}i|$ cho $y=-x$; thay vào $|z^2|=2|z-\overline{z}|$ ($x^2+y^2=4|y|$) được $x\in\{0,2,-2\}$, cho 3 số phức. Trường hợp $z=+\sqrt{3}i$ thỏa mãn thêm điều kiện đầu chỉ khi $|- \sqrt{3}|=4$. Vậy có 3 số phức $z$ thỏa mãn.",Đạt,
493,Dạng 5 - Tập hợp điểm biểu diễn (quỹ tích),Nhân bản,31,Số nguyên,"Trên mặt phẳng tọa độ, biết tập hợp điểm biểu diễn các số phức $z$ thỏa mãn $|z-6i|=9$ là một đường tròn. Tâm của đường tròn đó có tọa độ là

A. $(0;-6)$.
B. $(-6;0)$.
C. $(0;6)$.
D. $(6;0)$.",C. $(0;6)$.,Gọi $z=x+yi$. Ta có $|z-6i|=9 \Leftrightarrow x^2+(y-6)^2=9^2$. Vậy tập hợp điểm biểu diễn là đường tròn tâm $I(0;6)$ bán kính $R=9$.,Đạt,
494,Dạng 5 - Tập hợp điểm biểu diễn (quỹ tích),Nhân bản,31,Số nguyên,"Trên mặt phẳng tọa độ, biết tập hợp điểm biểu diễn các số phức $z$ thỏa mãn $|z+6i|=7$ là một đường tròn. Tâm của đường tròn đó có tọa độ là

A. $(0;6)$.
B. $(6;0)$.
C. $(0;-6)$.
D. $(-6;0)$.",C. $(0;-6)$.,Gọi $z=x+yi$. Ta có $|z+6i|=7 \Leftrightarrow x^2+(y+6)^2=7^2$. Vậy tập hợp điểm biểu diễn là đường tròn tâm $I(0;-6)$ bán kính $R=7$.,Đạt,
495,Dạng 5 - Tập hợp điểm biểu diễn (quỹ tích),Nhân bản,31,Số nguyên,"Trên mặt phẳng tọa độ, biết tập hợp điểm biểu diễn các số phức $z$ thỏa mãn $|z+9i|=8$ là một đường tròn. Tâm của đường tròn đó có tọa độ là

A. $(0;9)$.
B. $(9;0)$.
C. $(0;-9)$.
D. $(-9;0)$.",C. $(0;-9)$.,Gọi $z=x+yi$. Ta có $|z+9i|=8 \Leftrightarrow x^2+(y+9)^2=8^2$. Vậy tập hợp điểm biểu diễn là đường tròn tâm $I(0;-9)$ bán kính $R=8$.,Đạt,
496,Dạng 5 - Tập hợp điểm biểu diễn (quỹ tích),Nhân bản,31,Số nguyên,"Trên mặt phẳng tọa độ, biết tập hợp điểm biểu diễn các số phức $z$ thỏa mãn $|z+2i|=7$ là một đường tròn. Tâm của đường tròn đó có tọa độ là

A. $(0;2)$.
B. $(2;0)$.
C. $(0;-2)$.
D. $(-2;0)$.",C. $(0;-2)$.,Gọi $z=x+yi$. Ta có $|z+2i|=7 \Leftrightarrow x^2+(y+2)^2=7^2$. Vậy tập hợp điểm biểu diễn là đường tròn tâm $I(0;-2)$ bán kính $R=7$.,Đạt,
497,Dạng 5 - Tập hợp điểm biểu diễn (quỹ tích),Nhân bản,31,Số nguyên,"Trên mặt phẳng tọa độ, biết tập hợp điểm biểu diễn các số phức $z$ thỏa mãn $|z-5i|=1$ là một đường tròn. Tâm của đường tròn đó có tọa độ là

A. $(0;-5)$.
B. $(-5;0)$.
C. $(0;5)$.
D. $(5;0)$.",C. $(0;5)$.,Gọi $z=x+yi$. Ta có $|z-5i|=1 \Leftrightarrow x^2+(y-5)^2=1^2$. Vậy tập hợp điểm biểu diễn là đường tròn tâm $I(0;5)$ bán kính $R=1$.,Đạt,
498,Dạng 5 - Tập hợp điểm biểu diễn (quỹ tích),Nhân bản,31,Số nguyên,"Trên mặt phẳng tọa độ, biết tập hợp điểm biểu diễn các số phức $z$ thỏa mãn $|z+6i|=7$ là một đường tròn. Tâm của đường tròn đó có tọa độ là

A. $(0;6)$.
B. $(6;0)$.
C. $(0;-6)$.
D. $(-6;0)$.",C. $(0;-6)$.,Gọi $z=x+yi$. Ta có $|z+6i|=7 \Leftrightarrow x^2+(y+6)^2=7^2$. Vậy tập hợp điểm biểu diễn là đường tròn tâm $I(0;-6)$ bán kính $R=7$.,Đạt,
499,Dạng 5 - Tập hợp điểm biểu diễn (quỹ tích),Nhân bản,31,Số hữu tỉ,"Trên mặt phẳng tọa độ, biết tập hợp điểm biểu diễn các số phức $z$ thỏa mãn $|z-\dfrac{1}{2}i|=\dfrac{5}{2}$ là một đường tròn. Tâm của đường tròn đó có tọa độ là

A. $(0;- \dfrac{1}{2})$.
B. $(- \dfrac{1}{2};0)$.
C. $(0;\dfrac{1}{2})$.
D. $(\dfrac{1}{2};0)$.",C. $(0;\dfrac{1}{2})$.,Gọi $z=x+yi$. Ta có $|z-\dfrac{1}{2}i|=\dfrac{5}{2} \Leftrightarrow x^2+(y-\dfrac{1}{2})^2=\dfrac{5}{2}^2$. Vậy tập hợp điểm biểu diễn là đường tròn tâm $I(0;\dfrac{1}{2})$ bán kính $R=\dfrac{5}{2}$.,Đạt,
500,Dạng 5 - Tập hợp điểm biểu diễn (quỹ tích),Nhân bản,31,Số hữu tỉ,"Trên mặt phẳng tọa độ, biết tập hợp điểm biểu diễn các số phức $z$ thỏa mãn $|z-\dfrac{5}{2}i|=\dfrac{3}{2}$ là một đường tròn. Tâm của đường tròn đó có tọa độ là

A. $(0;- \dfrac{5}{2})$.
B. $(- \dfrac{5}{2};0)$.
C. $(0;\dfrac{5}{2})$.
D. $(\dfrac{5}{2};0)$.",C. $(0;\dfrac{5}{2})$.,Gọi $z=x+yi$. Ta có $|z-\dfrac{5}{2}i|=\dfrac{3}{2} \Leftrightarrow x^2+(y-\dfrac{5}{2})^2=\dfrac{3}{2}^2$. Vậy tập hợp điểm biểu diễn là đường tròn tâm $I(0;\dfrac{5}{2})$ bán kính $R=\dfrac{3}{2}$.,Đạt,
501,Dạng 5 - Tập hợp điểm biểu diễn (quỹ tích),Nhân bản,31,Số hữu tỉ,"Trên mặt phẳng tọa độ, biết tập hợp điểm biểu diễn các số phức $z$ thỏa mãn $|z-\dfrac{5}{3}i|=\dfrac{7}{2}$ là một đường tròn. Tâm của đường tròn đó có tọa độ là

A. $(0;- \dfrac{5}{3})$.
B. $(- \dfrac{5}{3};0)$.
C. $(0;\dfrac{5}{3})$.
D. $(\dfrac{5}{3};0)$.",C. $(0;\dfrac{5}{3})$.,Gọi $z=x+yi$. Ta có $|z-\dfrac{5}{3}i|=\dfrac{7}{2} \Leftrightarrow x^2+(y-\dfrac{5}{3})^2=\dfrac{7}{2}^2$. Vậy tập hợp điểm biểu diễn là đường tròn tâm $I(0;\dfrac{5}{3})$ bán kính $R=\dfrac{7}{2}$.,Đạt,
502,Dạng 5 - Tập hợp điểm biểu diễn (quỹ tích),Nhân bản,31,Số hữu tỉ,"Trên mặt phẳng tọa độ, biết tập hợp điểm biểu diễn các số phức $z$ thỏa mãn $|z+\dfrac{3}{5}i|=\dfrac{3}{5}$ là một đường tròn. Tâm của đường tròn đó có tọa độ là

A. $(0;\dfrac{3}{5})$.
B. $(\dfrac{3}{5};0)$.
C. $(0;- \dfrac{3}{5})$.
D. $(- \dfrac{3}{5};0)$.",C. $(0;- \dfrac{3}{5})$.,Gọi $z=x+yi$. Ta có $|z+\dfrac{3}{5}i|=\dfrac{3}{5} \Leftrightarrow x^2+(y+\dfrac{3}{5})^2=\dfrac{3}{5}^2$. Vậy tập hợp điểm biểu diễn là đường tròn tâm $I(0;- \dfrac{3}{5})$ bán kính $R=\dfrac{3}{5}$.,Đạt,
503,Dạng 5 - Tập hợp điểm biểu diễn (quỹ tích),Nhân bản,31,Số hữu tỉ,"Trên mặt phẳng tọa độ, biết tập hợp điểm biểu diễn các số phức $z$ thỏa mãn $|z+\dfrac{9}{4}i|=\dfrac{11}{2}$ là một đường tròn. Tâm của đường tròn đó có tọa độ là

A. $(0;\dfrac{9}{4})$.
B. $(\dfrac{9}{4};0)$.
C. $(0;- \dfrac{9}{4})$.
D. $(- \dfrac{9}{4};0)$.",C. $(0;- \dfrac{9}{4})$.,Gọi $z=x+yi$. Ta có $|z+\dfrac{9}{4}i|=\dfrac{11}{2} \Leftrightarrow x^2+(y+\dfrac{9}{4})^2=\dfrac{11}{2}^2$. Vậy tập hợp điểm biểu diễn là đường tròn tâm $I(0;- \dfrac{9}{4})$ bán kính $R=\dfrac{11}{2}$.,Đạt,
504,Dạng 5 - Tập hợp điểm biểu diễn (quỹ tích),Nhân bản,31,Số hữu tỉ,"Trên mặt phẳng tọa độ, biết tập hợp điểm biểu diễn các số phức $z$ thỏa mãn $|z+\dfrac{7}{2}i|=\dfrac{9}{2}$ là một đường tròn. Tâm của đường tròn đó có tọa độ là

A. $(0;\dfrac{7}{2})$.
B. $(\dfrac{7}{2};0)$.
C. $(0;- \dfrac{7}{2})$.
D. $(- \dfrac{7}{2};0)$.",C. $(0;- \dfrac{7}{2})$.,Gọi $z=x+yi$. Ta có $|z+\dfrac{7}{2}i|=\dfrac{9}{2} \Leftrightarrow x^2+(y+\dfrac{7}{2})^2=\dfrac{9}{2}^2$. Vậy tập hợp điểm biểu diễn là đường tròn tâm $I(0;- \dfrac{7}{2})$ bán kính $R=\dfrac{9}{2}$.,Đạt,
505,Dạng 5 - Tập hợp điểm biểu diễn (quỹ tích),Nhân bản,31,Số vô tỉ,"Trên mặt phẳng tọa độ, biết tập hợp điểm biểu diễn các số phức $z$ thỏa mãn $|z-6i|=4 \sqrt{2}$ là một đường tròn. Tâm của đường tròn đó có tọa độ là

A. $(0;-6)$.
B. $(-6;0)$.
C. $(0;6)$.
D. $(6;0)$.",C. $(0;6)$.,Gọi $z=x+yi$. Ta có $|z-6i|=4 \sqrt{2} \Leftrightarrow x^2+(y-6)^2=4 \sqrt{2}^2$. Vậy tập hợp điểm biểu diễn là đường tròn tâm $I(0;6)$ bán kính $R=4 \sqrt{2}$.,Đạt,
506,Dạng 5 - Tập hợp điểm biểu diễn (quỹ tích),Nhân bản,31,Số vô tỉ,"Trên mặt phẳng tọa độ, biết tập hợp điểm biểu diễn các số phức $z$ thỏa mãn $|z+3 \sqrt{5}i|=4 \sqrt{11}$ là một đường tròn. Tâm của đường tròn đó có tọa độ là

A. $(0;3 \sqrt{5})$.
B. $(3 \sqrt{5};0)$.
C. $(0;- 3 \sqrt{5})$.
D. $(- 3 \sqrt{5};0)$.",C. $(0;- 3 \sqrt{5})$.,Gọi $z=x+yi$. Ta có $|z+3 \sqrt{5}i|=4 \sqrt{11} \Leftrightarrow x^2+(y+3 \sqrt{5})^2=4 \sqrt{11}^2$. Vậy tập hợp điểm biểu diễn là đường tròn tâm $I(0;- 3 \sqrt{5})$ bán kính $R=4 \sqrt{11}$.,Đạt,
507,Dạng 5 - Tập hợp điểm biểu diễn (quỹ tích),Nhân bản,31,Số vô tỉ,"Trên mặt phẳng tọa độ, biết tập hợp điểm biểu diễn các số phức $z$ thỏa mãn $|z-\sqrt{2}i|=3 \sqrt{10}$ là một đường tròn. Tâm của đường tròn đó có tọa độ là

A. $(0;- \sqrt{2})$.
B. $(- \sqrt{2};0)$.
C. $(0;\sqrt{2})$.
D. $(\sqrt{2};0)$.",C. $(0;\sqrt{2})$.,Gọi $z=x+yi$. Ta có $|z-\sqrt{2}i|=3 \sqrt{10} \Leftrightarrow x^2+(y-\sqrt{2})^2=3 \sqrt{10}^2$. Vậy tập hợp điểm biểu diễn là đường tròn tâm $I(0;\sqrt{2})$ bán kính $R=3 \sqrt{10}$.,Đạt,
508,Dạng 5 - Tập hợp điểm biểu diễn (quỹ tích),Nhân bản,31,Số vô tỉ,"Trên mặt phẳng tọa độ, biết tập hợp điểm biểu diễn các số phức $z$ thỏa mãn $|z+3 \sqrt{7}i|=2 \sqrt{6}$ là một đường tròn. Tâm của đường tròn đó có tọa độ là

A. $(0;3 \sqrt{7})$.
B. $(3 \sqrt{7};0)$.
C. $(0;- 3 \sqrt{7})$.
D. $(- 3 \sqrt{7};0)$.",C. $(0;- 3 \sqrt{7})$.,Gọi $z=x+yi$. Ta có $|z+3 \sqrt{7}i|=2 \sqrt{6} \Leftrightarrow x^2+(y+3 \sqrt{7})^2=2 \sqrt{6}^2$. Vậy tập hợp điểm biểu diễn là đường tròn tâm $I(0;- 3 \sqrt{7})$ bán kính $R=2 \sqrt{6}$.,Đạt,
509,Dạng 5 - Tập hợp điểm biểu diễn (quỹ tích),Nhân bản,31,Số vô tỉ,"Trên mặt phẳng tọa độ, biết tập hợp điểm biểu diễn các số phức $z$ thỏa mãn $|z-2 \sqrt{2}i|=2 \sqrt{3}$ là một đường tròn. Tâm của đường tròn đó có tọa độ là

A. $(0;- 2 \sqrt{2})$.
B. $(- 2 \sqrt{2};0)$.
C. $(0;2 \sqrt{2})$.
D. $(2 \sqrt{2};0)$.",C. $(0;2 \sqrt{2})$.,Gọi $z=x+yi$. Ta có $|z-2 \sqrt{2}i|=2 \sqrt{3} \Leftrightarrow x^2+(y-2 \sqrt{2})^2=2 \sqrt{3}^2$. Vậy tập hợp điểm biểu diễn là đường tròn tâm $I(0;2 \sqrt{2})$ bán kính $R=2 \sqrt{3}$.,Đạt,
510,Dạng 5 - Tập hợp điểm biểu diễn (quỹ tích),Nhân bản,31,Số vô tỉ,"Trên mặt phẳng tọa độ, biết tập hợp điểm biểu diễn các số phức $z$ thỏa mãn $|z-3 \sqrt{10}i|=2$ là một đường tròn. Tâm của đường tròn đó có tọa độ là

A. $(0;- 3 \sqrt{10})$.
B. $(- 3 \sqrt{10};0)$.
C. $(0;3 \sqrt{10})$.
D. $(3 \sqrt{10};0)$.",C. $(0;3 \sqrt{10})$.,Gọi $z=x+yi$. Ta có $|z-3 \sqrt{10}i|=2 \Leftrightarrow x^2+(y-3 \sqrt{10})^2=2^2$. Vậy tập hợp điểm biểu diễn là đường tròn tâm $I(0;3 \sqrt{10})$ bán kính $R=2$.,Đạt,
511,Dạng 5 - Tập hợp điểm biểu diễn (quỹ tích),Nhân bản,13,Số nguyên,"Xét các số phức $z$ thỏa mãn $(z-i)(\overline{z}+2)$ là số thuần ảo. Biết rằng tập hợp tất cả các điểm biểu diễn của $z$ là một đường tròn, tâm của đường tròn đó có tọa độ là

A. $(\dfrac{1}{2};-1)$.
B. $(-1;- \dfrac{1}{2})$.
C. $(1;\dfrac{1}{2})$.
D. $(-1;\dfrac{1}{2})$.",D. $(-1;\dfrac{1}{2})$.,"Giả sử $z=a+bi$. Khai triển $(z-i)(\overline{z}+2)$ và cho phần thực bằng 0, ta được $(a-1)^2+(b+\dfrac{1}{2})^2=\dfrac{5}{4}$, nên tập hợp điểm biểu diễn là đường tròn tâm $I(-1;\dfrac{1}{2})$.",Đạt,
512,Dạng 5 - Tập hợp điểm biểu diễn (quỹ tích),Nhân bản,13,Số nguyên,"Xét các số phức $z$ thỏa mãn $(z+4i)(\overline{z}+3)$ là số thuần ảo. Biết rằng tập hợp tất cả các điểm biểu diễn của $z$ là một đường tròn, tâm của đường tròn đó có tọa độ là

A. $(-2;- \dfrac{3}{2})$.
B. $(- \dfrac{3}{2};2)$.
C. $(\dfrac{3}{2};-2)$.
D. $(- \dfrac{3}{2};-2)$.",D. $(- \dfrac{3}{2};-2)$.,"Giả sử $z=a+bi$. Khai triển $(z+4i)(\overline{z}+3)$ và cho phần thực bằng 0, ta được $(a-\dfrac{3}{2})^2+(b-2)^2=\dfrac{25}{4}$, nên tập hợp điểm biểu diễn là đường tròn tâm $I(- \dfrac{3}{2};-2)$.",Đạt,
513,Dạng 5 - Tập hợp điểm biểu diễn (quỹ tích),Nhân bản,13,Số nguyên,"Xét các số phức $z$ thỏa mãn $(z-5i)(\overline{z}+4)$ là số thuần ảo. Biết rằng tập hợp tất cả các điểm biểu diễn của $z$ là một đường tròn, tâm của đường tròn đó có tọa độ là

A. $(\dfrac{5}{2};-2)$.
B. $(-2;- \dfrac{5}{2})$.
C. $(2;\dfrac{5}{2})$.
D. $(-2;\dfrac{5}{2})$.",D. $(-2;\dfrac{5}{2})$.,"Giả sử $z=a+bi$. Khai triển $(z-5i)(\overline{z}+4)$ và cho phần thực bằng 0, ta được $(a-2)^2+(b+\dfrac{5}{2})^2=\dfrac{41}{4}$, nên tập hợp điểm biểu diễn là đường tròn tâm $I(-2;\dfrac{5}{2})$.",Đạt,
514,Dạng 5 - Tập hợp điểm biểu diễn (quỹ tích),Nhân bản,13,Số nguyên,"Xét các số phức $z$ thỏa mãn $(z-9i)(\overline{z}+8)$ là số thuần ảo. Biết rằng tập hợp tất cả các điểm biểu diễn của $z$ là một đường tròn, tâm của đường tròn đó có tọa độ là

A. $(\dfrac{9}{2};-4)$.
B. $(-4;- \dfrac{9}{2})$.
C. $(4;\dfrac{9}{2})$.
D. $(-4;\dfrac{9}{2})$.",D. $(-4;\dfrac{9}{2})$.,"Giả sử $z=a+bi$. Khai triển $(z-9i)(\overline{z}+8)$ và cho phần thực bằng 0, ta được $(a-4)^2+(b+\dfrac{9}{2})^2=\dfrac{145}{4}$, nên tập hợp điểm biểu diễn là đường tròn tâm $I(-4;\dfrac{9}{2})$.",Đạt,
515,Dạng 5 - Tập hợp điểm biểu diễn (quỹ tích),Nhân bản,13,Số nguyên,"Xét các số phức $z$ thỏa mãn $(z+5i)(\overline{z}-1)$ là số thuần ảo. Biết rằng tập hợp tất cả các điểm biểu diễn của $z$ là một đường tròn, tâm của đường tròn đó có tọa độ là

A. $(- \dfrac{5}{2};\dfrac{1}{2})$.
B. $(\dfrac{1}{2};\dfrac{5}{2})$.
C. $(- \dfrac{1}{2};- \dfrac{5}{2})$.
D. $(\dfrac{1}{2};- \dfrac{5}{2})$.",D. $(\dfrac{1}{2};- \dfrac{5}{2})$.,"Giả sử $z=a+bi$. Khai triển $(z+5i)(\overline{z}-1)$ và cho phần thực bằng 0, ta được $(a+\dfrac{1}{2})^2+(b-\dfrac{5}{2})^2=\dfrac{13}{2}$, nên tập hợp điểm biểu diễn là đường tròn tâm $I(\dfrac{1}{2};- \dfrac{5}{2})$.",Đạt,
516,Dạng 5 - Tập hợp điểm biểu diễn (quỹ tích),Nhân bản,13,Số nguyên,"Xét các số phức $z$ thỏa mãn $(z-9i)(\overline{z}-8)$ là số thuần ảo. Biết rằng tập hợp tất cả các điểm biểu diễn của $z$ là một đường tròn, tâm của đường tròn đó có tọa độ là

A. $(\dfrac{9}{2};4)$.
B. $(4;- \dfrac{9}{2})$.
C. $(-4;\dfrac{9}{2})$.
D. $(4;\dfrac{9}{2})$.",D. $(4;\dfrac{9}{2})$.,"Giả sử $z=a+bi$. Khai triển $(z-9i)(\overline{z}-8)$ và cho phần thực bằng 0, ta được $(a+4)^2+(b+\dfrac{9}{2})^2=\dfrac{145}{4}$, nên tập hợp điểm biểu diễn là đường tròn tâm $I(4;\dfrac{9}{2})$.",Đạt,
517,Dạng 5 - Tập hợp điểm biểu diễn (quỹ tích),Nhân bản,13,Số hữu tỉ,"Xét các số phức $z$ thỏa mãn $(z+\dfrac{11}{3}i)(\overline{z}+\dfrac{1}{4})$ là số thuần ảo. Biết rằng tập hợp tất cả các điểm biểu diễn của $z$ là một đường tròn, tâm của đường tròn đó có tọa độ là

A. $(- \dfrac{11}{6};- \dfrac{1}{8})$.
B. $(- \dfrac{1}{8};\dfrac{11}{6})$.
C. $(\dfrac{1}{8};- \dfrac{11}{6})$.
D. $(- \dfrac{1}{8};- \dfrac{11}{6})$.",D. $(- \dfrac{1}{8};- \dfrac{11}{6})$.,"Giả sử $z=a+bi$. Khai triển $(z+\dfrac{11}{3}i)(\overline{z}+\dfrac{1}{4})$ và cho phần thực bằng 0, ta được $(a-\dfrac{1}{8})^2+(b-\dfrac{11}{6})^2=\dfrac{1945}{576}$, nên tập hợp điểm biểu diễn là đường tròn tâm $I(- \dfrac{1}{8};- \dfrac{11}{6})$.",Đạt,
518,Dạng 5 - Tập hợp điểm biểu diễn (quỹ tích),Nhân bản,13,Số hữu tỉ,"Xét các số phức $z$ thỏa mãn $(z-\dfrac{8}{5}i)(\overline{z}+\dfrac{9}{2})$ là số thuần ảo. Biết rằng tập hợp tất cả các điểm biểu diễn của $z$ là một đường tròn, tâm của đường tròn đó có tọa độ là

A. $(\dfrac{4}{5};- \dfrac{9}{4})$.
B. $(- \dfrac{9}{4};- \dfrac{4}{5})$.
C. $(\dfrac{9}{4};\dfrac{4}{5})$.
D. $(- \dfrac{9}{4};\dfrac{4}{5})$.",D. $(- \dfrac{9}{4};\dfrac{4}{5})$.,"Giả sử $z=a+bi$. Khai triển $(z-\dfrac{8}{5}i)(\overline{z}+\dfrac{9}{2})$ và cho phần thực bằng 0, ta được $(a-\dfrac{9}{4})^2+(b+\dfrac{4}{5})^2=\dfrac{2281}{400}$, nên tập hợp điểm biểu diễn là đường tròn tâm $I(- \dfrac{9}{4};\dfrac{4}{5})$.",Đạt,
519,Dạng 5 - Tập hợp điểm biểu diễn (quỹ tích),Nhân bản,13,Số hữu tỉ,"Xét các số phức $z$ thỏa mãn $(z-\dfrac{7}{5}i)(\overline{z}+\dfrac{1}{3})$ là số thuần ảo. Biết rằng tập hợp tất cả các điểm biểu diễn của $z$ là một đường tròn, tâm của đường tròn đó có tọa độ là

A. $(\dfrac{7}{10};- \dfrac{1}{6})$.
B. $(- \dfrac{1}{6};- \dfrac{7}{10})$.
C. $(\dfrac{1}{6};\dfrac{7}{10})$.
D. $(- \dfrac{1}{6};\dfrac{7}{10})$.",D. $(- \dfrac{1}{6};\dfrac{7}{10})$.,"Giả sử $z=a+bi$. Khai triển $(z-\dfrac{7}{5}i)(\overline{z}+\dfrac{1}{3})$ và cho phần thực bằng 0, ta được $(a-\dfrac{1}{6})^2+(b+\dfrac{7}{10})^2=\dfrac{233}{450}$, nên tập hợp điểm biểu diễn là đường tròn tâm $I(- \dfrac{1}{6};\dfrac{7}{10})$.",Đạt,
520,Dạng 5 - Tập hợp điểm biểu diễn (quỹ tích),Nhân bản,13,Số hữu tỉ,"Xét các số phức $z$ thỏa mãn $(z-\dfrac{5}{4}i)(\overline{z}-\dfrac{7}{2})$ là số thuần ảo. Biết rằng tập hợp tất cả các điểm biểu diễn của $z$ là một đường tròn, tâm của đường tròn đó có tọa độ là

A. $(\dfrac{5}{8};\dfrac{7}{4})$.
B. $(\dfrac{7}{4};- \dfrac{5}{8})$.
C. $(- \dfrac{7}{4};\dfrac{5}{8})$.
D. $(\dfrac{7}{4};\dfrac{5}{8})$.",D. $(\dfrac{7}{4};\dfrac{5}{8})$.,"Giả sử $z=a+bi$. Khai triển $(z-\dfrac{5}{4}i)(\overline{z}-\dfrac{7}{2})$ và cho phần thực bằng 0, ta được $(a+\dfrac{7}{4})^2+(b+\dfrac{5}{8})^2=\dfrac{221}{64}$, nên tập hợp điểm biểu diễn là đường tròn tâm $I(\dfrac{7}{4};\dfrac{5}{8})$.",Đạt,
521,Dạng 5 - Tập hợp điểm biểu diễn (quỹ tích),Nhân bản,13,Số hữu tỉ,"Xét các số phức $z$ thỏa mãn $(z-\dfrac{7}{2}i)(\overline{z}-\dfrac{1}{2})$ là số thuần ảo. Biết rằng tập hợp tất cả các điểm biểu diễn của $z$ là một đường tròn, tâm của đường tròn đó có tọa độ là

A. $(\dfrac{7}{4};\dfrac{1}{4})$.
B. $(\dfrac{1}{4};- \dfrac{7}{4})$.
C. $(- \dfrac{1}{4};\dfrac{7}{4})$.
D. $(\dfrac{1}{4};\dfrac{7}{4})$.",D. $(\dfrac{1}{4};\dfrac{7}{4})$.,"Giả sử $z=a+bi$. Khai triển $(z-\dfrac{7}{2}i)(\overline{z}-\dfrac{1}{2})$ và cho phần thực bằng 0, ta được $(a+\dfrac{1}{4})^2+(b+\dfrac{7}{4})^2=\dfrac{25}{8}$, nên tập hợp điểm biểu diễn là đường tròn tâm $I(\dfrac{1}{4};\dfrac{7}{4})$.",Đạt,
522,Dạng 5 - Tập hợp điểm biểu diễn (quỹ tích),Nhân bản,13,Số hữu tỉ,"Xét các số phức $z$ thỏa mãn $(z-\dfrac{1}{4}i)(\overline{z}-\dfrac{5}{4})$ là số thuần ảo. Biết rằng tập hợp tất cả các điểm biểu diễn của $z$ là một đường tròn, tâm của đường tròn đó có tọa độ là

A. $(\dfrac{1}{8};\dfrac{5}{8})$.
B. $(\dfrac{5}{8};- \dfrac{1}{8})$.
C. $(- \dfrac{5}{8};\dfrac{1}{8})$.
D. $(\dfrac{5}{8};\dfrac{1}{8})$.",D. $(\dfrac{5}{8};\dfrac{1}{8})$.,"Giả sử $z=a+bi$. Khai triển $(z-\dfrac{1}{4}i)(\overline{z}-\dfrac{5}{4})$ và cho phần thực bằng 0, ta được $(a+\dfrac{5}{8})^2+(b+\dfrac{1}{8})^2=\dfrac{13}{32}$, nên tập hợp điểm biểu diễn là đường tròn tâm $I(\dfrac{5}{8};\dfrac{1}{8})$.",Đạt,
523,Dạng 5 - Tập hợp điểm biểu diễn (quỹ tích),Nhân bản,13,Số vô tỉ,"Xét các số phức $z$ thỏa mãn $(z+2 \sqrt{2}i)(\overline{z}-3 \sqrt{7})$ là số thuần ảo. Biết rằng tập hợp tất cả các điểm biểu diễn của $z$ là một đường tròn, tâm của đường tròn đó có tọa độ là

A. $(- \sqrt{2};\dfrac{3 \sqrt{7}}{2})$.
B. $(\dfrac{3 \sqrt{7}}{2};\sqrt{2})$.
C. $(- \dfrac{3 \sqrt{7}}{2};- \sqrt{2})$.
D. $(\dfrac{3 \sqrt{7}}{2};- \sqrt{2})$.",D. $(\dfrac{3 \sqrt{7}}{2};- \sqrt{2})$.,"Giả sử $z=a+bi$. Khai triển $(z+2 \sqrt{2}i)(\overline{z}-3 \sqrt{7})$ và cho phần thực bằng 0, ta được $(a+\dfrac{3 \sqrt{7}}{2})^2+(b-\sqrt{2})^2=\dfrac{71}{4}$, nên tập hợp điểm biểu diễn là đường tròn tâm $I(\dfrac{3 \sqrt{7}}{2};- \sqrt{2})$.",Đạt,
524,Dạng 5 - Tập hợp điểm biểu diễn (quỹ tích),Nhân bản,13,Số vô tỉ,"Xét các số phức $z$ thỏa mãn $(z-\sqrt{3}i)(\overline{z}+2 \sqrt{7})$ là số thuần ảo. Biết rằng tập hợp tất cả các điểm biểu diễn của $z$ là một đường tròn, tâm của đường tròn đó có tọa độ là

A. $(\dfrac{\sqrt{3}}{2};- \sqrt{7})$.
B. $(- \sqrt{7};- \dfrac{\sqrt{3}}{2})$.
C. $(\sqrt{7};\dfrac{\sqrt{3}}{2})$.
D. $(- \sqrt{7};\dfrac{\sqrt{3}}{2})$.",D. $(- \sqrt{7};\dfrac{\sqrt{3}}{2})$.,"Giả sử $z=a+bi$. Khai triển $(z-\sqrt{3}i)(\overline{z}+2 \sqrt{7})$ và cho phần thực bằng 0, ta được $(a-\sqrt{7})^2+(b+\dfrac{\sqrt{3}}{2})^2=\dfrac{31}{4}$, nên tập hợp điểm biểu diễn là đường tròn tâm $I(- \sqrt{7};\dfrac{\sqrt{3}}{2})$.",Đạt,
525,Dạng 5 - Tập hợp điểm biểu diễn (quỹ tích),Nhân bản,13,Số vô tỉ,"Xét các số phức $z$ thỏa mãn $(z-3 \sqrt{7}i)(\overline{z}-9)$ là số thuần ảo. Biết rằng tập hợp tất cả các điểm biểu diễn của $z$ là một đường tròn, tâm của đường tròn đó có tọa độ là

A. $(\dfrac{3 \sqrt{7}}{2};\dfrac{9}{2})$.
B. $(\dfrac{9}{2};- \dfrac{3 \sqrt{7}}{2})$.
C. $(- \dfrac{9}{2};\dfrac{3 \sqrt{7}}{2})$.
D. $(\dfrac{9}{2};\dfrac{3 \sqrt{7}}{2})$.",D. $(\dfrac{9}{2};\dfrac{3 \sqrt{7}}{2})$.,"Giả sử $z=a+bi$. Khai triển $(z-3 \sqrt{7}i)(\overline{z}-9)$ và cho phần thực bằng 0, ta được $(a+\dfrac{9}{2})^2+(b+\dfrac{3 \sqrt{7}}{2})^2=36$, nên tập hợp điểm biểu diễn là đường tròn tâm $I(\dfrac{9}{2};\dfrac{3 \sqrt{7}}{2})$.",Đạt,
526,Dạng 5 - Tập hợp điểm biểu diễn (quỹ tích),Nhân bản,13,Số vô tỉ,"Xét các số phức $z$ thỏa mãn $(z-\sqrt{3}i)(\overline{z}-\sqrt{11})$ là số thuần ảo. Biết rằng tập hợp tất cả các điểm biểu diễn của $z$ là một đường tròn, tâm của đường tròn đó có tọa độ là

A. $(\dfrac{\sqrt{3}}{2};\dfrac{\sqrt{11}}{2})$.
B. $(\dfrac{\sqrt{11}}{2};- \dfrac{\sqrt{3}}{2})$.
C. $(- \dfrac{\sqrt{11}}{2};\dfrac{\sqrt{3}}{2})$.
D. $(\dfrac{\sqrt{11}}{2};\dfrac{\sqrt{3}}{2})$.",D. $(\dfrac{\sqrt{11}}{2};\dfrac{\sqrt{3}}{2})$.,"Giả sử $z=a+bi$. Khai triển $(z-\sqrt{3}i)(\overline{z}-\sqrt{11})$ và cho phần thực bằng 0, ta được $(a+\dfrac{\sqrt{11}}{2})^2+(b+\dfrac{\sqrt{3}}{2})^2=\dfrac{7}{2}$, nên tập hợp điểm biểu diễn là đường tròn tâm $I(\dfrac{\sqrt{11}}{2};\dfrac{\sqrt{3}}{2})$.",Đạt,
527,Dạng 5 - Tập hợp điểm biểu diễn (quỹ tích),Nhân bản,13,Số vô tỉ,"Xét các số phức $z$ thỏa mãn $(z+4 \sqrt{7}i)(\overline{z}+4)$ là số thuần ảo. Biết rằng tập hợp tất cả các điểm biểu diễn của $z$ là một đường tròn, tâm của đường tròn đó có tọa độ là

A. $(- 2 \sqrt{7};-2)$.
B. $(-2;2 \sqrt{7})$.
C. $(2;- 2 \sqrt{7})$.
D. $(-2;- 2 \sqrt{7})$.",D. $(-2;- 2 \sqrt{7})$.,"Giả sử $z=a+bi$. Khai triển $(z+4 \sqrt{7}i)(\overline{z}+4)$ và cho phần thực bằng 0, ta được $(a-2)^2+(b-2 \sqrt{7})^2=32$, nên tập hợp điểm biểu diễn là đường tròn tâm $I(-2;- 2 \sqrt{7})$.",Đạt,
528,Dạng 5 - Tập hợp điểm biểu diễn (quỹ tích),Nhân bản,13,Số vô tỉ,"Xét các số phức $z$ thỏa mãn $(z+2 \sqrt{5}i)(\overline{z}-2 \sqrt{7})$ là số thuần ảo. Biết rằng tập hợp tất cả các điểm biểu diễn của $z$ là một đường tròn, tâm của đường tròn đó có tọa độ là

A. $(- \sqrt{5};\sqrt{7})$.
B. $(\sqrt{7};\sqrt{5})$.
C. $(- \sqrt{7};- \sqrt{5})$.
D. $(\sqrt{7};- \sqrt{5})$.",D. $(\sqrt{7};- \sqrt{5})$.,"Giả sử $z=a+bi$. Khai triển $(z+2 \sqrt{5}i)(\overline{z}-2 \sqrt{7})$ và cho phần thực bằng 0, ta được $(a+\sqrt{7})^2+(b-\sqrt{5})^2=12$, nên tập hợp điểm biểu diễn là đường tròn tâm $I(\sqrt{7};- \sqrt{5})$.",Đạt,
529,Dạng 5 - Tập hợp điểm biểu diễn (quỹ tích),Nhân bản,41,Số nguyên,"Xét các số phức $z$ thỏa mãn $(\overline{z}+6i)(z-1)$ là số thuần ảo. Trên mặt phẳng tọa độ, tập hợp tất cả các điểm biểu diễn các số phức $z$ là một đường tròn có bán kính bằng

A. $37$.
B. $7$.
C. $\sqrt{37}$.
D. $\dfrac{\sqrt{37}}{2}$.",D. $\dfrac{\sqrt{37}}{2}$.,"Giả sử $z=x+yi$. Khai triển và cho phần thực của $(\overline{z}+6i)(z-1)$ bằng 0, ta được phương trình đường tròn có bán kính $R=\dfrac{\sqrt{37}}{2}$.",Đạt,
530,Dạng 5 - Tập hợp điểm biểu diễn (quỹ tích),Nhân bản,41,Số nguyên,"Xét các số phức $z$ thỏa mãn $(\overline{z}+6i)(z-9)$ là số thuần ảo. Trên mặt phẳng tọa độ, tập hợp tất cả các điểm biểu diễn các số phức $z$ là một đường tròn có bán kính bằng

A. $117$.
B. $15$.
C. $3 \sqrt{13}$.
D. $\dfrac{3 \sqrt{13}}{2}$.",D. $\dfrac{3 \sqrt{13}}{2}$.,"Giả sử $z=x+yi$. Khai triển và cho phần thực của $(\overline{z}+6i)(z-9)$ bằng 0, ta được phương trình đường tròn có bán kính $R=\dfrac{\sqrt{117}}{2} = \dfrac{3 \sqrt{13}}{2}$.",Đạt,
531,Dạng 5 - Tập hợp điểm biểu diễn (quỹ tích),Nhân bản,41,Số nguyên,"Xét các số phức $z$ thỏa mãn $(\overline{z}+4i)(z+8)$ là số thuần ảo. Trên mặt phẳng tọa độ, tập hợp tất cả các điểm biểu diễn các số phức $z$ là một đường tròn có bán kính bằng

A. $80$.
B. $12$.
C. $4 \sqrt{5}$.
D. $2 \sqrt{5}$.",D. $2 \sqrt{5}$.,"Giả sử $z=x+yi$. Khai triển và cho phần thực của $(\overline{z}+4i)(z+8)$ bằng 0, ta được phương trình đường tròn có bán kính $R=\dfrac{\sqrt{80}}{2} = 2 \sqrt{5}$.",Đạt,
532,Dạng 5 - Tập hợp điểm biểu diễn (quỹ tích),Nhân bản,41,Số nguyên,"Xét các số phức $z$ thỏa mãn $(\overline{z}-8i)(z-5)$ là số thuần ảo. Trên mặt phẳng tọa độ, tập hợp tất cả các điểm biểu diễn các số phức $z$ là một đường tròn có bán kính bằng

A. $89$.
B. $13$.
C. $\sqrt{89}$.
D. $\dfrac{\sqrt{89}}{2}$.",D. $\dfrac{\sqrt{89}}{2}$.,"Giả sử $z=x+yi$. Khai triển và cho phần thực của $(\overline{z}-8i)(z-5)$ bằng 0, ta được phương trình đường tròn có bán kính $R=\dfrac{\sqrt{89}}{2}$.",Đạt,
533,Dạng 5 - Tập hợp điểm biểu diễn (quỹ tích),Nhân bản,41,Số nguyên,"Xét các số phức $z$ thỏa mãn $(\overline{z}+i)(z+6)$ là số thuần ảo. Trên mặt phẳng tọa độ, tập hợp tất cả các điểm biểu diễn các số phức $z$ là một đường tròn có bán kính bằng

A. $37$.
B. $7$.
C. $\sqrt{37}$.
D. $\dfrac{\sqrt{37}}{2}$.",D. $\dfrac{\sqrt{37}}{2}$.,"Giả sử $z=x+yi$. Khai triển và cho phần thực của $(\overline{z}+i)(z+6)$ bằng 0, ta được phương trình đường tròn có bán kính $R=\dfrac{\sqrt{37}}{2}$.",Đạt,
534,Dạng 5 - Tập hợp điểm biểu diễn (quỹ tích),Nhân bản,41,Số nguyên,"Xét các số phức $z$ thỏa mãn $(\overline{z}-i)(z-2)$ là số thuần ảo. Trên mặt phẳng tọa độ, tập hợp tất cả các điểm biểu diễn các số phức $z$ là một đường tròn có bán kính bằng

A. $5$.
B. $3$.
C. $\sqrt{5}$.
D. $\dfrac{\sqrt{5}}{2}$.",D. $\dfrac{\sqrt{5}}{2}$.,"Giả sử $z=x+yi$. Khai triển và cho phần thực của $(\overline{z}-i)(z-2)$ bằng 0, ta được phương trình đường tròn có bán kính $R=\dfrac{\sqrt{5}}{2}$.",Đạt,
535,Dạng 5 - Tập hợp điểm biểu diễn (quỹ tích),Nhân bản,41,Số hữu tỉ,"Xét các số phức $z$ thỏa mãn $(\overline{z}-\dfrac{2}{3}i)(z-\dfrac{2}{5})$ là số thuần ảo. Trên mặt phẳng tọa độ, tập hợp tất cả các điểm biểu diễn các số phức $z$ là một đường tròn có bán kính bằng

A. $\dfrac{136}{225}$.
B. $\dfrac{16}{15}$.
C. $\dfrac{2 \sqrt{34}}{15}$.
D. $\dfrac{\sqrt{34}}{15}$.",D. $\dfrac{\sqrt{34}}{15}$.,"Giả sử $z=x+yi$. Khai triển và cho phần thực của $(\overline{z}-\dfrac{2}{3}i)(z-\dfrac{2}{5})$ bằng 0, ta được phương trình đường tròn có bán kính $R=\dfrac{\sqrt{\dfrac{136}{225}}}{2} = \dfrac{\sqrt{34}}{15}$.",Đạt,
536,Dạng 5 - Tập hợp điểm biểu diễn (quỹ tích),Nhân bản,41,Số hữu tỉ,"Xét các số phức $z$ thỏa mãn $(\overline{z}-\dfrac{1}{4}i)(z-\dfrac{11}{5})$ là số thuần ảo. Trên mặt phẳng tọa độ, tập hợp tất cả các điểm biểu diễn các số phức $z$ là một đường tròn có bán kính bằng

A. $\dfrac{1961}{400}$.
B. $\dfrac{49}{20}$.
C. $\dfrac{\sqrt{1961}}{20}$.
D. $\dfrac{\sqrt{1961}}{40}$.",D. $\dfrac{\sqrt{1961}}{40}$.,"Giả sử $z=x+yi$. Khai triển và cho phần thực của $(\overline{z}-\dfrac{1}{4}i)(z-\dfrac{11}{5})$ bằng 0, ta được phương trình đường tròn có bán kính $R=\dfrac{\sqrt{\dfrac{1961}{400}}}{2} = \dfrac{\sqrt{1961}}{40}$.",Đạt,
537,Dạng 5 - Tập hợp điểm biểu diễn (quỹ tích),Nhân bản,41,Số hữu tỉ,"Xét các số phức $z$ thỏa mãn $(\overline{z}+\dfrac{11}{4}i)(z+\dfrac{8}{3})$ là số thuần ảo. Trên mặt phẳng tọa độ, tập hợp tất cả các điểm biểu diễn các số phức $z$ là một đường tròn có bán kính bằng

A. $\dfrac{2113}{144}$.
B. $\dfrac{65}{12}$.
C. $\dfrac{\sqrt{2113}}{12}$.
D. $\dfrac{\sqrt{2113}}{24}$.",D. $\dfrac{\sqrt{2113}}{24}$.,"Giả sử $z=x+yi$. Khai triển và cho phần thực của $(\overline{z}+\dfrac{11}{4}i)(z+\dfrac{8}{3})$ bằng 0, ta được phương trình đường tròn có bán kính $R=\dfrac{\sqrt{\dfrac{2113}{144}}}{2} = \dfrac{\sqrt{2113}}{24}$.",Đạt,
538,Dạng 5 - Tập hợp điểm biểu diễn (quỹ tích),Nhân bản,41,Số hữu tỉ,"Xét các số phức $z$ thỏa mãn $(\overline{z}+\dfrac{2}{5}i)(z+\dfrac{7}{4})$ là số thuần ảo. Trên mặt phẳng tọa độ, tập hợp tất cả các điểm biểu diễn các số phức $z$ là một đường tròn có bán kính bằng

A. $\dfrac{1289}{400}$.
B. $\dfrac{43}{20}$.
C. $\dfrac{\sqrt{1289}}{20}$.
D. $\dfrac{\sqrt{1289}}{40}$.",D. $\dfrac{\sqrt{1289}}{40}$.,"Giả sử $z=x+yi$. Khai triển và cho phần thực của $(\overline{z}+\dfrac{2}{5}i)(z+\dfrac{7}{4})$ bằng 0, ta được phương trình đường tròn có bán kính $R=\dfrac{\sqrt{\dfrac{1289}{400}}}{2} = \dfrac{\sqrt{1289}}{40}$.",Đạt,
539,Dạng 5 - Tập hợp điểm biểu diễn (quỹ tích),Nhân bản,41,Số hữu tỉ,"Xét các số phức $z$ thỏa mãn $(\overline{z}-\dfrac{5}{3}i)(z+\dfrac{3}{2})$ là số thuần ảo. Trên mặt phẳng tọa độ, tập hợp tất cả các điểm biểu diễn các số phức $z$ là một đường tròn có bán kính bằng

A. $\dfrac{181}{36}$.
B. $\dfrac{19}{6}$.
C. $\dfrac{\sqrt{181}}{6}$.
D. $\dfrac{\sqrt{181}}{12}$.",D. $\dfrac{\sqrt{181}}{12}$.,"Giả sử $z=x+yi$. Khai triển và cho phần thực của $(\overline{z}-\dfrac{5}{3}i)(z+\dfrac{3}{2})$ bằng 0, ta được phương trình đường tròn có bán kính $R=\dfrac{\sqrt{\dfrac{181}{36}}}{2} = \dfrac{\sqrt{181}}{12}$.",Đạt,
540,Dạng 5 - Tập hợp điểm biểu diễn (quỹ tích),Nhân bản,41,Số hữu tỉ,"Xét các số phức $z$ thỏa mãn $(\overline{z}-\dfrac{11}{3}i)(z-\dfrac{7}{4})$ là số thuần ảo. Trên mặt phẳng tọa độ, tập hợp tất cả các điểm biểu diễn các số phức $z$ là một đường tròn có bán kính bằng

A. $\dfrac{2377}{144}$.
B. $\dfrac{65}{12}$.
C. $\dfrac{\sqrt{2377}}{12}$.
D. $\dfrac{\sqrt{2377}}{24}$.",D. $\dfrac{\sqrt{2377}}{24}$.,"Giả sử $z=x+yi$. Khai triển và cho phần thực của $(\overline{z}-\dfrac{11}{3}i)(z-\dfrac{7}{4})$ bằng 0, ta được phương trình đường tròn có bán kính $R=\dfrac{\sqrt{\dfrac{2377}{144}}}{2} = \dfrac{\sqrt{2377}}{24}$.",Đạt,
541,Dạng 5 - Tập hợp điểm biểu diễn (quỹ tích),Nhân bản,41,Số vô tỉ,"Xét các số phức $z$ thỏa mãn $(\overline{z}-3 \sqrt{3}i)(z+8)$ là số thuần ảo. Trên mặt phẳng tọa độ, tập hợp tất cả các điểm biểu diễn các số phức $z$ là một đường tròn có bán kính bằng

A. $91$.
B. $3 \sqrt{3} + 8$.
C. $\sqrt{91}$.
D. $\dfrac{\sqrt{91}}{2}$.",D. $\dfrac{\sqrt{91}}{2}$.,"Giả sử $z=x+yi$. Khai triển và cho phần thực của $(\overline{z}-3 \sqrt{3}i)(z+8)$ bằng 0, ta được phương trình đường tròn có bán kính $R=\dfrac{\sqrt{91}}{2}$.",Đạt,
542,Dạng 5 - Tập hợp điểm biểu diễn (quỹ tích),Nhân bản,41,Số vô tỉ,"Xét các số phức $z$ thỏa mãn $(\overline{z}-2 \sqrt{6}i)(z+9)$ là số thuần ảo. Trên mặt phẳng tọa độ, tập hợp tất cả các điểm biểu diễn các số phức $z$ là một đường tròn có bán kính bằng

A. $105$.
B. $2 \sqrt{6} + 9$.
C. $\sqrt{105}$.
D. $\dfrac{\sqrt{105}}{2}$.",D. $\dfrac{\sqrt{105}}{2}$.,"Giả sử $z=x+yi$. Khai triển và cho phần thực của $(\overline{z}-2 \sqrt{6}i)(z+9)$ bằng 0, ta được phương trình đường tròn có bán kính $R=\dfrac{\sqrt{105}}{2}$.",Đạt,
543,Dạng 5 - Tập hợp điểm biểu diễn (quỹ tích),Nhân bản,41,Số vô tỉ,"Xét các số phức $z$ thỏa mãn $(\overline{z}+4 \sqrt{10}i)(z+8)$ là số thuần ảo. Trên mặt phẳng tọa độ, tập hợp tất cả các điểm biểu diễn các số phức $z$ là một đường tròn có bán kính bằng

A. $224$.
B. $8 + 4 \sqrt{10}$.
C. $4 \sqrt{14}$.
D. $2 \sqrt{14}$.",D. $2 \sqrt{14}$.,"Giả sử $z=x+yi$. Khai triển và cho phần thực của $(\overline{z}+4 \sqrt{10}i)(z+8)$ bằng 0, ta được phương trình đường tròn có bán kính $R=\dfrac{\sqrt{224}}{2} = 2 \sqrt{14}$.",Đạt,
544,Dạng 5 - Tập hợp điểm biểu diễn (quỹ tích),Nhân bản,41,Số vô tỉ,"Xét các số phức $z$ thỏa mãn $(\overline{z}-5i)(z-2 \sqrt{3})$ là số thuần ảo. Trên mặt phẳng tọa độ, tập hợp tất cả các điểm biểu diễn các số phức $z$ là một đường tròn có bán kính bằng

A. $37$.
B. $2 \sqrt{3} + 5$.
C. $\sqrt{37}$.
D. $\dfrac{\sqrt{37}}{2}$.",D. $\dfrac{\sqrt{37}}{2}$.,"Giả sử $z=x+yi$. Khai triển và cho phần thực của $(\overline{z}-5i)(z-2 \sqrt{3})$ bằng 0, ta được phương trình đường tròn có bán kính $R=\dfrac{\sqrt{37}}{2}$.",Đạt,
545,Dạng 5 - Tập hợp điểm biểu diễn (quỹ tích),Nhân bản,41,Số vô tỉ,"Xét các số phức $z$ thỏa mãn $(\overline{z}-3 \sqrt{3}i)(z-2)$ là số thuần ảo. Trên mặt phẳng tọa độ, tập hợp tất cả các điểm biểu diễn các số phức $z$ là một đường tròn có bán kính bằng

A. $31$.
B. $2 + 3 \sqrt{3}$.
C. $\sqrt{31}$.
D. $\dfrac{\sqrt{31}}{2}$.",D. $\dfrac{\sqrt{31}}{2}$.,"Giả sử $z=x+yi$. Khai triển và cho phần thực của $(\overline{z}-3 \sqrt{3}i)(z-2)$ bằng 0, ta được phương trình đường tròn có bán kính $R=\dfrac{\sqrt{31}}{2}$.",Đạt,
546,Dạng 5 - Tập hợp điểm biểu diễn (quỹ tích),Nhân bản,41,Số vô tỉ,"Xét các số phức $z$ thỏa mãn $(\overline{z}-3 \sqrt{3}i)(z+4)$ là số thuần ảo. Trên mặt phẳng tọa độ, tập hợp tất cả các điểm biểu diễn các số phức $z$ là một đường tròn có bán kính bằng

A. $43$.
B. $4 + 3 \sqrt{3}$.
C. $\sqrt{43}$.
D. $\dfrac{\sqrt{43}}{2}$.",D. $\dfrac{\sqrt{43}}{2}$.,"Giả sử $z=x+yi$. Khai triển và cho phần thực của $(\overline{z}-3 \sqrt{3}i)(z+4)$ bằng 0, ta được phương trình đường tròn có bán kính $R=\dfrac{\sqrt{43}}{2}$.",Đạt,
547,Dạng 5 - Tập hợp điểm biểu diễn (quỹ tích),Nhân bản,4,Số nguyên,"Cho số phức $z$ thỏa mãn $|z| = 2$. Biết rằng tập hợp các điểm biểu diễn các số phức $w = (-5+9i)z+i$ là một đường tròn. Tính bán kính $r$ của đường tròn đó.

A. $r = \sqrt{106}$.
B. $r = 2 \sqrt{106}$.
C. $r = 212$.
D. $r = 424$.",B. $r = 2 \sqrt{106}$.,Ta có $w=(-5+9i)z+i \Leftrightarrow z=\dfrac{w-i}{-5+9i}$. Do $|z|=2$ nên tập hợp điểm biểu diễn $w$ là đường tròn bán kính $r = 2\cdot|-5+9i| = 2 \sqrt{106}$.,Đạt,
548,Dạng 5 - Tập hợp điểm biểu diễn (quỹ tích),Nhân bản,4,Số nguyên,"Cho số phức $z$ thỏa mãn $|z| = 3$. Biết rằng tập hợp các điểm biểu diễn các số phức $w = (-3-5i)z+i$ là một đường tròn. Tính bán kính $r$ của đường tròn đó.

A. $r = \sqrt{34}$.
B. $r = 3 \sqrt{34}$.
C. $r = 102$.
D. $r = 306$.",B. $r = 3 \sqrt{34}$.,Ta có $w=(-3-5i)z+i \Leftrightarrow z=\dfrac{w-i}{-3-5i}$. Do $|z|=3$ nên tập hợp điểm biểu diễn $w$ là đường tròn bán kính $r = 3\cdot|-3-5i| = 3 \sqrt{34}$.,Đạt,
549,Dạng 5 - Tập hợp điểm biểu diễn (quỹ tích),Nhân bản,4,Số nguyên,"Cho số phức $z$ thỏa mãn $|z| = 4$. Biết rằng tập hợp các điểm biểu diễn các số phức $w = (-7+3i)z+i$ là một đường tròn. Tính bán kính $r$ của đường tròn đó.

A. $r = \sqrt{58}$.
B. $r = 4 \sqrt{58}$.
C. $r = 232$.
D. $r = 928$.",B. $r = 4 \sqrt{58}$.,Ta có $w=(-7+3i)z+i \Leftrightarrow z=\dfrac{w-i}{-7+3i}$. Do $|z|=4$ nên tập hợp điểm biểu diễn $w$ là đường tròn bán kính $r = 4\cdot|-7+3i| = 4 \sqrt{58}$.,Đạt,
550,Dạng 5 - Tập hợp điểm biểu diễn (quỹ tích),Nhân bản,4,Số nguyên,"Cho số phức $z$ thỏa mãn $|z| = 2$. Biết rằng tập hợp các điểm biểu diễn các số phức $w = (1+i)z+i$ là một đường tròn. Tính bán kính $r$ của đường tròn đó.

A. $r = \sqrt{2}$.
B. $r = 2 \sqrt{2}$.
C. $r = 4$.
D. $r = 8$.",B. $r = 2 \sqrt{2}$.,Ta có $w=(1+i)z+i \Leftrightarrow z=\dfrac{w-i}{1+i}$. Do $|z|=2$ nên tập hợp điểm biểu diễn $w$ là đường tròn bán kính $r = 2\cdot|1+i| = 2 \sqrt{2}$.,Đạt,
551,Dạng 5 - Tập hợp điểm biểu diễn (quỹ tích),Nhân bản,4,Số nguyên,"Cho số phức $z$ thỏa mãn $|z| = 1$. Biết rằng tập hợp các điểm biểu diễn các số phức $w = (7-8i)z+i$ là một đường tròn. Tính bán kính $r$ của đường tròn đó.

A. $r = 1 + \sqrt{113}$.
B. $r = \sqrt{113}$.
C. $r = 113$.
D. $r = 114$.",B. $r = \sqrt{113}$.,Ta có $w=(7-8i)z+i \Leftrightarrow z=\dfrac{w-i}{7-8i}$. Do $|z|=1$ nên tập hợp điểm biểu diễn $w$ là đường tròn bán kính $r = 1\cdot|7-8i| = \sqrt{113}$.,Đạt,
552,Dạng 5 - Tập hợp điểm biểu diễn (quỹ tích),Nhân bản,4,Số nguyên,"Cho số phức $z$ thỏa mãn $|z| = 1$. Biết rằng tập hợp các điểm biểu diễn các số phức $w = (2+i)z+i$ là một đường tròn. Tính bán kính $r$ của đường tròn đó.

A. $r = 1 + \sqrt{5}$.
B. $r = \sqrt{5}$.
C. $r = 5$.
D. $r = 6$.",B. $r = \sqrt{5}$.,Ta có $w=(2+i)z+i \Leftrightarrow z=\dfrac{w-i}{2+i}$. Do $|z|=1$ nên tập hợp điểm biểu diễn $w$ là đường tròn bán kính $r = 1\cdot|2+i| = \sqrt{5}$.,Đạt,
553,Dạng 5 - Tập hợp điểm biểu diễn (quỹ tích),Nhân bản,4,Số hữu tỉ,"Cho số phức $z$ thỏa mãn $|z| = 3$. Biết rằng tập hợp các điểm biểu diễn các số phức $w = (\dfrac{9}{4}+\dfrac{7}{5}i)z+i$ là một đường tròn. Tính bán kính $r$ của đường tròn đó.

A. $r = \dfrac{53}{20}$.
B. $r = \dfrac{159}{20}$.
C. $r = \dfrac{8427}{400}$.
D. $r = \dfrac{25281}{400}$.",B. $r = \dfrac{159}{20}$.,Ta có $w=(\dfrac{9}{4}+\dfrac{7}{5}i)z+i \Leftrightarrow z=\dfrac{w-i}{\dfrac{9}{4}+\dfrac{7}{5}i}$. Do $|z|=3$ nên tập hợp điểm biểu diễn $w$ là đường tròn bán kính $r = 3\cdot|\dfrac{9}{4}+\dfrac{7}{5}i| = \dfrac{159}{20}$.,Đạt,
554,Dạng 5 - Tập hợp điểm biểu diễn (quỹ tích),Nhân bản,4,Số hữu tỉ,"Cho số phức $z$ thỏa mãn $|z| = 2$. Biết rằng tập hợp các điểm biểu diễn các số phức $w = (\dfrac{3}{2}+\dfrac{1}{5}i)z+i$ là một đường tròn. Tính bán kính $r$ của đường tròn đó.

A. $r = \dfrac{\sqrt{229}}{10}$.
B. $r = \dfrac{\sqrt{229}}{5}$.
C. $r = \dfrac{229}{50}$.
D. $r = \dfrac{229}{25}$.",B. $r = \dfrac{\sqrt{229}}{5}$.,Ta có $w=(\dfrac{3}{2}+\dfrac{1}{5}i)z+i \Leftrightarrow z=\dfrac{w-i}{\dfrac{3}{2}+\dfrac{1}{5}i}$. Do $|z|=2$ nên tập hợp điểm biểu diễn $w$ là đường tròn bán kính $r = 2\cdot|\dfrac{3}{2}+\dfrac{1}{5}i| = \dfrac{\sqrt{229}}{5}$.,Đạt,
555,Dạng 5 - Tập hợp điểm biểu diễn (quỹ tích),Nhân bản,4,Số hữu tỉ,"Cho số phức $z$ thỏa mãn $|z| = 1$. Biết rằng tập hợp các điểm biểu diễn các số phức $w = (- \dfrac{1}{4}-\dfrac{1}{2}i)z+i$ là một đường tròn. Tính bán kính $r$ của đường tròn đó.

A. $r = \dfrac{\sqrt{5}}{4} + 1$.
B. $r = \dfrac{\sqrt{5}}{4}$.
C. $r = \dfrac{5}{16}$.
D. $r = \dfrac{21}{16}$.",B. $r = \dfrac{\sqrt{5}}{4}$.,Ta có $w=(- \dfrac{1}{4}-\dfrac{1}{2}i)z+i \Leftrightarrow z=\dfrac{w-i}{- \dfrac{1}{4}-\dfrac{1}{2}i}$. Do $|z|=1$ nên tập hợp điểm biểu diễn $w$ là đường tròn bán kính $r = 1\cdot|- \dfrac{1}{4}-\dfrac{1}{2}i| = \dfrac{\sqrt{5}}{4}$.,Đạt,
556,Dạng 5 - Tập hợp điểm biểu diễn (quỹ tích),Nhân bản,4,Số hữu tỉ,"Cho số phức $z$ thỏa mãn $|z| = 3$. Biết rằng tập hợp các điểm biểu diễn các số phức $w = (- \dfrac{3}{2}-\dfrac{11}{4}i)z+i$ là một đường tròn. Tính bán kính $r$ của đường tròn đó.

A. $r = \dfrac{\sqrt{157}}{4}$.
B. $r = \dfrac{3 \sqrt{157}}{4}$.
C. $r = \dfrac{471}{16}$.
D. $r = \dfrac{1413}{16}$.",B. $r = \dfrac{3 \sqrt{157}}{4}$.,Ta có $w=(- \dfrac{3}{2}-\dfrac{11}{4}i)z+i \Leftrightarrow z=\dfrac{w-i}{- \dfrac{3}{2}-\dfrac{11}{4}i}$. Do $|z|=3$ nên tập hợp điểm biểu diễn $w$ là đường tròn bán kính $r = 3\cdot|- \dfrac{3}{2}-\dfrac{11}{4}i| = \dfrac{3 \sqrt{157}}{4}$.,Đạt,
557,Dạng 5 - Tập hợp điểm biểu diễn (quỹ tích),Nhân bản,4,Số hữu tỉ,"Cho số phức $z$ thỏa mãn $|z| = 2$. Biết rằng tập hợp các điểm biểu diễn các số phức $w = (\dfrac{6}{5}+\dfrac{9}{4}i)z+i$ là một đường tròn. Tính bán kính $r$ của đường tròn đó.

A. $r = \dfrac{51}{20}$.
B. $r = \dfrac{51}{10}$.
C. $r = \dfrac{2601}{200}$.
D. $r = \dfrac{2601}{100}$.",B. $r = \dfrac{51}{10}$.,Ta có $w=(\dfrac{6}{5}+\dfrac{9}{4}i)z+i \Leftrightarrow z=\dfrac{w-i}{\dfrac{6}{5}+\dfrac{9}{4}i}$. Do $|z|=2$ nên tập hợp điểm biểu diễn $w$ là đường tròn bán kính $r = 2\cdot|\dfrac{6}{5}+\dfrac{9}{4}i| = \dfrac{51}{10}$.,Đạt,
558,Dạng 5 - Tập hợp điểm biểu diễn (quỹ tích),Nhân bản,4,Số hữu tỉ,"Cho số phức $z$ thỏa mãn $|z| = 4$. Biết rằng tập hợp các điểm biểu diễn các số phức $w = (\dfrac{11}{3}+\dfrac{9}{5}i)z+i$ là một đường tròn. Tính bán kính $r$ của đường tròn đó.

A. $r = \dfrac{\sqrt{3754}}{15}$.
B. $r = \dfrac{4 \sqrt{3754}}{15}$.
C. $r = \dfrac{15016}{225}$.
D. $r = \dfrac{60064}{225}$.",B. $r = \dfrac{4 \sqrt{3754}}{15}$.,Ta có $w=(\dfrac{11}{3}+\dfrac{9}{5}i)z+i \Leftrightarrow z=\dfrac{w-i}{\dfrac{11}{3}+\dfrac{9}{5}i}$. Do $|z|=4$ nên tập hợp điểm biểu diễn $w$ là đường tròn bán kính $r = 4\cdot|\dfrac{11}{3}+\dfrac{9}{5}i| = \dfrac{4 \sqrt{3754}}{15}$.,Đạt,
559,Dạng 5 - Tập hợp điểm biểu diễn (quỹ tích),Nhân bản,4,Số vô tỉ,"Cho số phức $z$ thỏa mãn $|z| = 1$. Biết rằng tập hợp các điểm biểu diễn các số phức $w = (4-3 \sqrt{5}i)z+i$ là một đường tròn. Tính bán kính $r$ của đường tròn đó.

A. $r = 1 + \sqrt{61}$.
B. $r = \sqrt{61}$.
C. $r = 61$.
D. $r = 62$.",B. $r = \sqrt{61}$.,Ta có $w=(4-3 \sqrt{5}i)z+i \Leftrightarrow z=\dfrac{w-i}{4-3 \sqrt{5}i}$. Do $|z|=1$ nên tập hợp điểm biểu diễn $w$ là đường tròn bán kính $r = 1\cdot|4-3 \sqrt{5}i| = \sqrt{61}$.,Đạt,
560,Dạng 5 - Tập hợp điểm biểu diễn (quỹ tích),Nhân bản,4,Số vô tỉ,"Cho số phức $z$ thỏa mãn $|z| = 4$. Biết rằng tập hợp các điểm biểu diễn các số phức $w = (- \sqrt{6}+3 \sqrt{11}i)z+i$ là một đường tròn. Tính bán kính $r$ của đường tròn đó.

A. $r = \sqrt{105}$.
B. $r = 4 \sqrt{105}$.
C. $r = 420$.
D. $r = 1680$.",B. $r = 4 \sqrt{105}$.,Ta có $w=(- \sqrt{6}+3 \sqrt{11}i)z+i \Leftrightarrow z=\dfrac{w-i}{- \sqrt{6}+3 \sqrt{11}i}$. Do $|z|=4$ nên tập hợp điểm biểu diễn $w$ là đường tròn bán kính $r = 4\cdot|- \sqrt{6}+3 \sqrt{11}i| = 4 \sqrt{105}$.,Đạt,
561,Dạng 5 - Tập hợp điểm biểu diễn (quỹ tích),Nhân bản,4,Số vô tỉ,"Cho số phức $z$ thỏa mãn $|z| = 2$. Biết rằng tập hợp các điểm biểu diễn các số phức $w = (-8+3 \sqrt{6}i)z+i$ là một đường tròn. Tính bán kính $r$ của đường tròn đó.

A. $r = \sqrt{118}$.
B. $r = 2 \sqrt{118}$.
C. $r = 236$.
D. $r = 472$.",B. $r = 2 \sqrt{118}$.,Ta có $w=(-8+3 \sqrt{6}i)z+i \Leftrightarrow z=\dfrac{w-i}{-8+3 \sqrt{6}i}$. Do $|z|=2$ nên tập hợp điểm biểu diễn $w$ là đường tròn bán kính $r = 2\cdot|-8+3 \sqrt{6}i| = 2 \sqrt{118}$.,Đạt,
562,Dạng 5 - Tập hợp điểm biểu diễn (quỹ tích),Nhân bản,4,Số vô tỉ,"Cho số phức $z$ thỏa mãn $|z| = 2$. Biết rằng tập hợp các điểm biểu diễn các số phức $w = (- 2 \sqrt{2}+5i)z+i$ là một đường tròn. Tính bán kính $r$ của đường tròn đó.

A. $r = \sqrt{33}$.
B. $r = 2 \sqrt{33}$.
C. $r = 66$.
D. $r = 132$.",B. $r = 2 \sqrt{33}$.,Ta có $w=(- 2 \sqrt{2}+5i)z+i \Leftrightarrow z=\dfrac{w-i}{- 2 \sqrt{2}+5i}$. Do $|z|=2$ nên tập hợp điểm biểu diễn $w$ là đường tròn bán kính $r = 2\cdot|- 2 \sqrt{2}+5i| = 2 \sqrt{33}$.,Đạt,
563,Dạng 5 - Tập hợp điểm biểu diễn (quỹ tích),Nhân bản,4,Số vô tỉ,"Cho số phức $z$ thỏa mãn $|z| = 2$. Biết rằng tập hợp các điểm biểu diễn các số phức $w = (-6-4 \sqrt{10}i)z+i$ là một đường tròn. Tính bán kính $r$ của đường tròn đó.

A. $r = 14$.
B. $r = 28$.
C. $r = 392$.
D. $r = 784$.",B. $r = 28$.,Ta có $w=(-6-4 \sqrt{10}i)z+i \Leftrightarrow z=\dfrac{w-i}{-6-4 \sqrt{10}i}$. Do $|z|=2$ nên tập hợp điểm biểu diễn $w$ là đường tròn bán kính $r = 2\cdot|-6-4 \sqrt{10}i| = 28$.,Đạt,
564,Dạng 5 - Tập hợp điểm biểu diễn (quỹ tích),Nhân bản,4,Số vô tỉ,"Cho số phức $z$ thỏa mãn $|z| = 1$. Biết rằng tập hợp các điểm biểu diễn các số phức $w = (4 \sqrt{10}+2 \sqrt{2}i)z+i$ là một đường tròn. Tính bán kính $r$ của đường tròn đó.

A. $r = 1 + 2 \sqrt{42}$.
B. $r = 2 \sqrt{42}$.
C. $r = 168$.
D. $r = 169$.",B. $r = 2 \sqrt{42}$.,Ta có $w=(4 \sqrt{10}+2 \sqrt{2}i)z+i \Leftrightarrow z=\dfrac{w-i}{4 \sqrt{10}+2 \sqrt{2}i}$. Do $|z|=1$ nên tập hợp điểm biểu diễn $w$ là đường tròn bán kính $r = 1\cdot|4 \sqrt{10}+2 \sqrt{2}i| = 2 \sqrt{42}$.,Đạt,
565,Dạng 5 - Tập hợp điểm biểu diễn (quỹ tích),Nhân bản,46,Số nguyên,"Xét số phức $z$ thỏa mãn $|z|=5$. Trên mặt phẳng tọa độ $Oxy$, tập hợp điểm biểu diễn các số phức $w=\dfrac{-2+iz}{1+z}$ là một đường tròn có bán kính bằng

A. $\dfrac{9}{8}$.
B. $\dfrac{125}{576}$.
C. $\dfrac{5 \sqrt{5}}{12}$.
D. $\dfrac{5 \sqrt{5}}{24}$.",D. $\dfrac{5 \sqrt{5}}{24}$.,"Đặt $w=X+Yi$. Từ $w=\dfrac{-2+iz}{1+z}$ suy ra $z=\dfrac{w+2}{i-w}$, lấy môđun và thay $|z|=5$, biến đổi được phương trình đường tròn với bán kính $R=\dfrac{5 \sqrt{5}}{24}$.",Đạt,
566,Dạng 5 - Tập hợp điểm biểu diễn (quỹ tích),Nhân bản,46,Số nguyên,"Xét số phức $z$ thỏa mãn $|z|=2$. Trên mặt phẳng tọa độ $Oxy$, tập hợp điểm biểu diễn các số phức $w=\dfrac{-2+iz}{1+z}$ là một đường tròn có bán kính bằng

A. $2$.
B. $\dfrac{20}{9}$.
C. $\dfrac{4 \sqrt{5}}{3}$.
D. $\dfrac{2 \sqrt{5}}{3}$.",D. $\dfrac{2 \sqrt{5}}{3}$.,"Đặt $w=X+Yi$. Từ $w=\dfrac{-2+iz}{1+z}$ suy ra $z=\dfrac{w+2}{i-w}$, lấy môđun và thay $|z|=2$, biến đổi được phương trình đường tròn với bán kính $R=\dfrac{2 \sqrt{5}}{3}$.",Đạt,
567,Dạng 5 - Tập hợp điểm biểu diễn (quỹ tích),Nhân bản,46,Số nguyên,"Xét số phức $z$ thỏa mãn $|z|=5$. Trên mặt phẳng tọa độ $Oxy$, tập hợp điểm biểu diễn các số phức $w=\dfrac{2+iz}{1+z}$ là một đường tròn có bán kính bằng

A. $\dfrac{9}{8}$.
B. $\dfrac{125}{576}$.
C. $\dfrac{5 \sqrt{5}}{12}$.
D. $\dfrac{5 \sqrt{5}}{24}$.",D. $\dfrac{5 \sqrt{5}}{24}$.,"Đặt $w=X+Yi$. Từ $w=\dfrac{2+iz}{1+z}$ suy ra $z=\dfrac{w-2}{i-w}$, lấy môđun và thay $|z|=5$, biến đổi được phương trình đường tròn với bán kính $R=\dfrac{5 \sqrt{5}}{24}$.",Đạt,
568,Dạng 5 - Tập hợp điểm biểu diễn (quỹ tích),Nhân bản,46,Số nguyên,"Xét số phức $z$ thỏa mãn $|z|=3$. Trên mặt phẳng tọa độ $Oxy$, tập hợp điểm biểu diễn các số phức $w=\dfrac{1+iz}{1+z}$ là một đường tròn có bán kính bằng

A. $\dfrac{5}{4}$.
B. $\dfrac{9}{32}$.
C. $\dfrac{3 \sqrt{2}}{4}$.
D. $\dfrac{3 \sqrt{2}}{8}$.",D. $\dfrac{3 \sqrt{2}}{8}$.,"Đặt $w=X+Yi$. Từ $w=\dfrac{1+iz}{1+z}$ suy ra $z=\dfrac{w-1}{i-w}$, lấy môđun và thay $|z|=3$, biến đổi được phương trình đường tròn với bán kính $R=\dfrac{3 \sqrt{2}}{8}$.",Đạt,
569,Dạng 5 - Tập hợp điểm biểu diễn (quỹ tích),Nhân bản,46,Số nguyên,"Xét số phức $z$ thỏa mãn $|z|=3$. Trên mặt phẳng tọa độ $Oxy$, tập hợp điểm biểu diễn các số phức $w=\dfrac{3+iz}{1+z}$ là một đường tròn có bán kính bằng

A. $\dfrac{3}{2}$.
B. $\dfrac{45}{32}$.
C. $\dfrac{3 \sqrt{10}}{4}$.
D. $\dfrac{3 \sqrt{10}}{8}$.",D. $\dfrac{3 \sqrt{10}}{8}$.,"Đặt $w=X+Yi$. Từ $w=\dfrac{3+iz}{1+z}$ suy ra $z=\dfrac{w-3}{i-w}$, lấy môđun và thay $|z|=3$, biến đổi được phương trình đường tròn với bán kính $R=\dfrac{3 \sqrt{10}}{8}$.",Đạt,
570,Dạng 5 - Tập hợp điểm biểu diễn (quỹ tích),Nhân bản,46,Số nguyên,"Xét số phức $z$ thỏa mãn $|z|=3$. Trên mặt phẳng tọa độ $Oxy$, tập hợp điểm biểu diễn các số phức $w=\dfrac{1+iz}{1+z}$ là một đường tròn có bán kính bằng

A. $\dfrac{5}{4}$.
B. $\dfrac{9}{32}$.
C. $\dfrac{3 \sqrt{2}}{4}$.
D. $\dfrac{3 \sqrt{2}}{8}$.",D. $\dfrac{3 \sqrt{2}}{8}$.,"Đặt $w=X+Yi$. Từ $w=\dfrac{1+iz}{1+z}$ suy ra $z=\dfrac{w-1}{i-w}$, lấy môđun và thay $|z|=3$, biến đổi được phương trình đường tròn với bán kính $R=\dfrac{3 \sqrt{2}}{8}$.",Đạt,
571,Dạng 5 - Tập hợp điểm biểu diễn (quỹ tích),Nhân bản,46,Số hữu tỉ,"Xét số phức $z$ thỏa mãn $|z|=\dfrac{5}{3}$. Trên mặt phẳng tọa độ $Oxy$, tập hợp điểm biểu diễn các số phức $w=\dfrac{2+iz}{1+z}$ là một đường tròn có bán kính bằng

A. $\dfrac{43}{16}$.
B. $\dfrac{1125}{256}$.
C. $\dfrac{15 \sqrt{5}}{8}$.
D. $\dfrac{15 \sqrt{5}}{16}$.",D. $\dfrac{15 \sqrt{5}}{16}$.,"Đặt $w=X+Yi$. Từ $w=\dfrac{2+iz}{1+z}$ suy ra $z=\dfrac{w-2}{i-w}$, lấy môđun và thay $|z|=\dfrac{5}{3}$, biến đổi được phương trình đường tròn với bán kính $R=\dfrac{15 \sqrt{5}}{16}$.",Đạt,
572,Dạng 5 - Tập hợp điểm biểu diễn (quỹ tích),Nhân bản,46,Số hữu tỉ,"Xét số phức $z$ thỏa mãn $|z|=\dfrac{5}{2}$. Trên mặt phẳng tọa độ $Oxy$, tập hợp điểm biểu diễn các số phức $w=\dfrac{-2+iz}{1+z}$ là một đường tròn có bán kính bằng

A. $\dfrac{11}{7}$.
B. $\dfrac{500}{441}$.
C. $\dfrac{20 \sqrt{5}}{21}$.
D. $\dfrac{10 \sqrt{5}}{21}$.",D. $\dfrac{10 \sqrt{5}}{21}$.,"Đặt $w=X+Yi$. Từ $w=\dfrac{-2+iz}{1+z}$ suy ra $z=\dfrac{w+2}{i-w}$, lấy môđun và thay $|z|=\dfrac{5}{2}$, biến đổi được phương trình đường tròn với bán kính $R=\dfrac{10 \sqrt{5}}{21}$.",Đạt,
573,Dạng 5 - Tập hợp điểm biểu diễn (quỹ tích),Nhân bản,46,Số hữu tỉ,"Xét số phức $z$ thỏa mãn $|z|=\dfrac{5}{2}$. Trên mặt phẳng tọa độ $Oxy$, tập hợp điểm biểu diễn các số phức $w=\dfrac{1+iz}{1+z}$ là một đường tròn có bán kính bằng

A. $\dfrac{29}{21}$.
B. $\dfrac{200}{441}$.
C. $\dfrac{20 \sqrt{2}}{21}$.
D. $\dfrac{10 \sqrt{2}}{21}$.",D. $\dfrac{10 \sqrt{2}}{21}$.,"Đặt $w=X+Yi$. Từ $w=\dfrac{1+iz}{1+z}$ suy ra $z=\dfrac{w-1}{i-w}$, lấy môđun và thay $|z|=\dfrac{5}{2}$, biến đổi được phương trình đường tròn với bán kính $R=\dfrac{10 \sqrt{2}}{21}$.",Đạt,
574,Dạng 5 - Tập hợp điểm biểu diễn (quỹ tích),Nhân bản,46,Số hữu tỉ,"Xét số phức $z$ thỏa mãn $|z|=\dfrac{5}{2}$. Trên mặt phẳng tọa độ $Oxy$, tập hợp điểm biểu diễn các số phức $w=\dfrac{2+iz}{1+z}$ là một đường tròn có bán kính bằng

A. $\dfrac{11}{7}$.
B. $\dfrac{500}{441}$.
C. $\dfrac{20 \sqrt{5}}{21}$.
D. $\dfrac{10 \sqrt{5}}{21}$.",D. $\dfrac{10 \sqrt{5}}{21}$.,"Đặt $w=X+Yi$. Từ $w=\dfrac{2+iz}{1+z}$ suy ra $z=\dfrac{w-2}{i-w}$, lấy môđun và thay $|z|=\dfrac{5}{2}$, biến đổi được phương trình đường tròn với bán kính $R=\dfrac{10 \sqrt{5}}{21}$.",Đạt,
575,Dạng 5 - Tập hợp điểm biểu diễn (quỹ tích),Nhân bản,46,Số hữu tỉ,"Xét số phức $z$ thỏa mãn $|z|=\dfrac{9}{2}$. Trên mặt phẳng tọa độ $Oxy$, tập hợp điểm biểu diễn các số phức $w=\dfrac{-2+iz}{1+z}$ là một đường tròn có bán kính bằng

A. $\dfrac{89}{77}$.
B. $\dfrac{1620}{5929}$.
C. $\dfrac{36 \sqrt{5}}{77}$.
D. $\dfrac{18 \sqrt{5}}{77}$.",D. $\dfrac{18 \sqrt{5}}{77}$.,"Đặt $w=X+Yi$. Từ $w=\dfrac{-2+iz}{1+z}$ suy ra $z=\dfrac{w+2}{i-w}$, lấy môđun và thay $|z|=\dfrac{9}{2}$, biến đổi được phương trình đường tròn với bán kính $R=\dfrac{18 \sqrt{5}}{77}$.",Đạt,
576,Dạng 5 - Tập hợp điểm biểu diễn (quỹ tích),Nhân bản,46,Số hữu tỉ,"Xét số phức $z$ thỏa mãn $|z|=\dfrac{5}{2}$. Trên mặt phẳng tọa độ $Oxy$, tập hợp điểm biểu diễn các số phức $w=\dfrac{2+iz}{1+z}$ là một đường tròn có bán kính bằng

A. $\dfrac{11}{7}$.
B. $\dfrac{500}{441}$.
C. $\dfrac{20 \sqrt{5}}{21}$.
D. $\dfrac{10 \sqrt{5}}{21}$.",D. $\dfrac{10 \sqrt{5}}{21}$.,"Đặt $w=X+Yi$. Từ $w=\dfrac{2+iz}{1+z}$ suy ra $z=\dfrac{w-2}{i-w}$, lấy môđun và thay $|z|=\dfrac{5}{2}$, biến đổi được phương trình đường tròn với bán kính $R=\dfrac{10 \sqrt{5}}{21}$.",Đạt,
577,Dạng 5 - Tập hợp điểm biểu diễn (quỹ tích),Nhân bản,46,Số vô tỉ,"Xét số phức $z$ thỏa mãn $|z|=\sqrt{2}$. Trên mặt phẳng tọa độ $Oxy$, tập hợp điểm biểu diễn các số phức $w=\dfrac{2+iz}{1+z}$ là một đường tròn có bán kính bằng

A. $4$.
B. $10$.
C. $2 \sqrt{10}$.
D. $\sqrt{10}$.",D. $\sqrt{10}$.,"Đặt $w=X+Yi$. Từ $w=\dfrac{2+iz}{1+z}$ suy ra $z=\dfrac{w-2}{i-w}$, lấy môđun và thay $|z|=\sqrt{2}$, biến đổi được phương trình đường tròn với bán kính $R=\sqrt{10}$.",Đạt,
578,Dạng 5 - Tập hợp điểm biểu diễn (quỹ tích),Nhân bản,46,Số vô tỉ,"Xét số phức $z$ thỏa mãn $|z|=\sqrt{7}$. Trên mặt phẳng tọa độ $Oxy$, tập hợp điểm biểu diễn các số phức $w=\dfrac{-1+iz}{1+z}$ là một đường tròn có bán kính bằng

A. $\dfrac{4}{3}$.
B. $\dfrac{7}{18}$.
C. $\dfrac{\sqrt{14}}{3}$.
D. $\dfrac{\sqrt{14}}{6}$.",D. $\dfrac{\sqrt{14}}{6}$.,"Đặt $w=X+Yi$. Từ $w=\dfrac{-1+iz}{1+z}$ suy ra $z=\dfrac{w+1}{i-w}$, lấy môđun và thay $|z|=\sqrt{7}$, biến đổi được phương trình đường tròn với bán kính $R=\dfrac{\sqrt{14}}{6}$.",Đạt,
579,Dạng 5 - Tập hợp điểm biểu diễn (quỹ tích),Nhân bản,46,Số vô tỉ,"Xét số phức $z$ thỏa mãn $|z|=\sqrt{7}$. Trên mặt phẳng tọa độ $Oxy$, tập hợp điểm biểu diễn các số phức $w=\dfrac{3+iz}{1+z}$ là một đường tròn có bán kính bằng

A. $\dfrac{5}{3}$.
B. $\dfrac{35}{18}$.
C. $\dfrac{\sqrt{70}}{3}$.
D. $\dfrac{\sqrt{70}}{6}$.",D. $\dfrac{\sqrt{70}}{6}$.,"Đặt $w=X+Yi$. Từ $w=\dfrac{3+iz}{1+z}$ suy ra $z=\dfrac{w-3}{i-w}$, lấy môđun và thay $|z|=\sqrt{7}$, biến đổi được phương trình đường tròn với bán kính $R=\dfrac{\sqrt{70}}{6}$.",Đạt,
580,Dạng 5 - Tập hợp điểm biểu diễn (quỹ tích),Nhân bản,46,Số vô tỉ,"Xét số phức $z$ thỏa mãn $|z|=\sqrt{5}$. Trên mặt phẳng tọa độ $Oxy$, tập hợp điểm biểu diễn các số phức $w=\dfrac{3+iz}{1+z}$ là một đường tròn có bán kính bằng

A. $2$.
B. $\dfrac{25}{8}$.
C. $\dfrac{5 \sqrt{2}}{2}$.
D. $\dfrac{5 \sqrt{2}}{4}$.",D. $\dfrac{5 \sqrt{2}}{4}$.,"Đặt $w=X+Yi$. Từ $w=\dfrac{3+iz}{1+z}$ suy ra $z=\dfrac{w-3}{i-w}$, lấy môđun và thay $|z|=\sqrt{5}$, biến đổi được phương trình đường tròn với bán kính $R=\dfrac{5 \sqrt{2}}{4}$.",Đạt,
581,Dạng 5 - Tập hợp điểm biểu diễn (quỹ tích),Nhân bản,46,Số vô tỉ,"Xét số phức $z$ thỏa mãn $|z|=\sqrt{3}$. Trên mặt phẳng tọa độ $Oxy$, tập hợp điểm biểu diễn các số phức $w=\dfrac{3+iz}{1+z}$ là một đường tròn có bán kính bằng

A. $3$.
B. $\dfrac{15}{2}$.
C. $\sqrt{30}$.
D. $\dfrac{\sqrt{30}}{2}$.",D. $\dfrac{\sqrt{30}}{2}$.,"Đặt $w=X+Yi$. Từ $w=\dfrac{3+iz}{1+z}$ suy ra $z=\dfrac{w-3}{i-w}$, lấy môđun và thay $|z|=\sqrt{3}$, biến đổi được phương trình đường tròn với bán kính $R=\dfrac{\sqrt{30}}{2}$.",Đạt,
582,Dạng 5 - Tập hợp điểm biểu diễn (quỹ tích),Nhân bản,46,Số vô tỉ,"Xét số phức $z$ thỏa mãn $|z|=\sqrt{2}$. Trên mặt phẳng tọa độ $Oxy$, tập hợp điểm biểu diễn các số phức $w=\dfrac{-1+iz}{1+z}$ là một đường tròn có bán kính bằng

A. $3$.
B. $4$.
C. $5$.
D. $2$.",D. $2$.,"Đặt $w=X+Yi$. Từ $w=\dfrac{-1+iz}{1+z}$ suy ra $z=\dfrac{w+1}{i-w}$, lấy môđun và thay $|z|=\sqrt{2}$, biến đổi được phương trình đường tròn với bán kính $R=2$.",Đạt,
583,Dạng 6 - Phương trình bậc hai có tham số,Nhân bản,36,Số nguyên,"Phương trình nào dưới đây nhận hai số phức $z=-6-3i$ và $-6+3i$ là nghiệm?

A. $z^2-12z-45=0$.
B. $z^2+12z-45=0$.
C. $z^2+12z+45=0$.
D. $z^2-12z+45=0$.",C. $z^2+12z+45=0$.,"Áp dụng định lý Vi-ét: tổng hai số phức là $-12$, tích của chúng là $45$ $\Rightarrow$ hai số phức là nghiệm của phương trình $z^2+12z+45=0$.",Đạt,
584,Dạng 6 - Phương trình bậc hai có tham số,Nhân bản,36,Số nguyên,"Phương trình nào dưới đây nhận hai số phức $z=8+i$ và $8-i$ là nghiệm?

A. $z^2+16z-65=0$.
B. $z^2-16z-65=0$.
C. $z^2-16z+65=0$.
D. $z^2+16z+65=0$.",C. $z^2-16z+65=0$.,"Áp dụng định lý Vi-ét: tổng hai số phức là $16$, tích của chúng là $65$ $\Rightarrow$ hai số phức là nghiệm của phương trình $z^2-16z+65=0$.",Đạt,
585,Dạng 6 - Phương trình bậc hai có tham số,Nhân bản,36,Số nguyên,"Phương trình nào dưới đây nhận hai số phức $z=4-5i$ và $4+5i$ là nghiệm?

A. $z^2+8z-41=0$.
B. $z^2-8z-41=0$.
C. $z^2-8z+41=0$.
D. $z^2+8z+41=0$.",C. $z^2-8z+41=0$.,"Áp dụng định lý Vi-ét: tổng hai số phức là $8$, tích của chúng là $41$ $\Rightarrow$ hai số phức là nghiệm của phương trình $z^2-8z+41=0$.",Đạt,
586,Dạng 6 - Phương trình bậc hai có tham số,Nhân bản,36,Số nguyên,"Phương trình nào dưới đây nhận hai số phức $z=-9+7i$ và $-9-7i$ là nghiệm?

A. $z^2-18z-130=0$.
B. $z^2+18z-130=0$.
C. $z^2+18z+130=0$.
D. $z^2-18z+130=0$.",C. $z^2+18z+130=0$.,"Áp dụng định lý Vi-ét: tổng hai số phức là $-18$, tích của chúng là $130$ $\Rightarrow$ hai số phức là nghiệm của phương trình $z^2+18z+130=0$.",Đạt,
587,Dạng 6 - Phương trình bậc hai có tham số,Nhân bản,36,Số nguyên,"Phương trình nào dưới đây nhận hai số phức $z=5+2i$ và $5-2i$ là nghiệm?

A. $z^2+10z-29=0$.
B. $z^2-10z-29=0$.
C. $z^2-10z+29=0$.
D. $z^2+10z+29=0$.",C. $z^2-10z+29=0$.,"Áp dụng định lý Vi-ét: tổng hai số phức là $10$, tích của chúng là $29$ $\Rightarrow$ hai số phức là nghiệm của phương trình $z^2-10z+29=0$.",Đạt,
588,Dạng 6 - Phương trình bậc hai có tham số,Nhân bản,36,Số nguyên,"Phương trình nào dưới đây nhận hai số phức $z=-7+3i$ và $-7-3i$ là nghiệm?

A. $z^2-14z-58=0$.
B. $z^2+14z-58=0$.
C. $z^2+14z+58=0$.
D. $z^2-14z+58=0$.",C. $z^2+14z+58=0$.,"Áp dụng định lý Vi-ét: tổng hai số phức là $-14$, tích của chúng là $58$ $\Rightarrow$ hai số phức là nghiệm của phương trình $z^2+14z+58=0$.",Đạt,
589,Dạng 6 - Phương trình bậc hai có tham số,Nhân bản,36,Số hữu tỉ,"Phương trình nào dưới đây nhận hai số phức $z=- \dfrac{2}{3}-\dfrac{11}{5}i$ và $- \dfrac{2}{3}+\dfrac{11}{5}i$ là nghiệm?

A. $z^2-\dfrac{4}{3}z-\dfrac{1189}{225}=0$.
B. $z^2+\dfrac{4}{3}z-\dfrac{1189}{225}=0$.
C. $z^2+\dfrac{4}{3}z+\dfrac{1189}{225}=0$.
D. $z^2-\dfrac{4}{3}z+\dfrac{1189}{225}=0$.",C. $z^2+\dfrac{4}{3}z+\dfrac{1189}{225}=0$.,"Áp dụng định lý Vi-ét: tổng hai số phức là $- \dfrac{4}{3}$, tích của chúng là $\dfrac{1189}{225}$ $\Rightarrow$ hai số phức là nghiệm của phương trình $z^2+\dfrac{4}{3}z+\dfrac{1189}{225}=0$.",Đạt,
590,Dạng 6 - Phương trình bậc hai có tham số,Nhân bản,36,Số hữu tỉ,"Phương trình nào dưới đây nhận hai số phức $z=- \dfrac{7}{4}-\dfrac{7}{3}i$ và $- \dfrac{7}{4}+\dfrac{7}{3}i$ là nghiệm?

A. $z^2-\dfrac{7}{2}z-\dfrac{1225}{144}=0$.
B. $z^2+\dfrac{7}{2}z-\dfrac{1225}{144}=0$.
C. $z^2+\dfrac{7}{2}z+\dfrac{1225}{144}=0$.
D. $z^2-\dfrac{7}{2}z+\dfrac{1225}{144}=0$.",C. $z^2+\dfrac{7}{2}z+\dfrac{1225}{144}=0$.,"Áp dụng định lý Vi-ét: tổng hai số phức là $- \dfrac{7}{2}$, tích của chúng là $\dfrac{1225}{144}$ $\Rightarrow$ hai số phức là nghiệm của phương trình $z^2+\dfrac{7}{2}z+\dfrac{1225}{144}=0$.",Đạt,
591,Dạng 6 - Phương trình bậc hai có tham số,Nhân bản,36,Số hữu tỉ,"Phương trình nào dưới đây nhận hai số phức $z=- \dfrac{1}{2}+\dfrac{5}{2}i$ và $- \dfrac{1}{2}-\dfrac{5}{2}i$ là nghiệm?

A. $z^2-1z-\dfrac{13}{2}=0$.
B. $z^2+1z-\dfrac{13}{2}=0$.
C. $z^2+1z+\dfrac{13}{2}=0$.
D. $z^2-1z+\dfrac{13}{2}=0$.",C. $z^2+1z+\dfrac{13}{2}=0$.,"Áp dụng định lý Vi-ét: tổng hai số phức là $-1$, tích của chúng là $\dfrac{13}{2}$ $\Rightarrow$ hai số phức là nghiệm của phương trình $z^2+1z+\dfrac{13}{2}=0$.",Đạt,
592,Dạng 6 - Phương trình bậc hai có tham số,Nhân bản,36,Số hữu tỉ,"Phương trình nào dưới đây nhận hai số phức $z=\dfrac{3}{5}-\dfrac{3}{5}i$ và $\dfrac{3}{5}+\dfrac{3}{5}i$ là nghiệm?

A. $z^2+\dfrac{6}{5}z-\dfrac{18}{25}=0$.
B. $z^2-\dfrac{6}{5}z-\dfrac{18}{25}=0$.
C. $z^2-\dfrac{6}{5}z+\dfrac{18}{25}=0$.
D. $z^2+\dfrac{6}{5}z+\dfrac{18}{25}=0$.",C. $z^2-\dfrac{6}{5}z+\dfrac{18}{25}=0$.,"Áp dụng định lý Vi-ét: tổng hai số phức là $\dfrac{6}{5}$, tích của chúng là $\dfrac{18}{25}$ $\Rightarrow$ hai số phức là nghiệm của phương trình $z^2-\dfrac{6}{5}z+\dfrac{18}{25}=0$.",Đạt,
593,Dạng 6 - Phương trình bậc hai có tham số,Nhân bản,36,Số hữu tỉ,"Phương trình nào dưới đây nhận hai số phức $z=\dfrac{7}{4}+\dfrac{1}{3}i$ và $\dfrac{7}{4}-\dfrac{1}{3}i$ là nghiệm?

A. $z^2+\dfrac{7}{2}z-\dfrac{457}{144}=0$.
B. $z^2-\dfrac{7}{2}z-\dfrac{457}{144}=0$.
C. $z^2-\dfrac{7}{2}z+\dfrac{457}{144}=0$.
D. $z^2+\dfrac{7}{2}z+\dfrac{457}{144}=0$.",C. $z^2-\dfrac{7}{2}z+\dfrac{457}{144}=0$.,"Áp dụng định lý Vi-ét: tổng hai số phức là $\dfrac{7}{2}$, tích của chúng là $\dfrac{457}{144}$ $\Rightarrow$ hai số phức là nghiệm của phương trình $z^2-\dfrac{7}{2}z+\dfrac{457}{144}=0$.",Đạt,
594,Dạng 6 - Phương trình bậc hai có tham số,Nhân bản,36,Số hữu tỉ,"Phương trình nào dưới đây nhận hai số phức $z=- \dfrac{1}{3}+\dfrac{7}{5}i$ và $- \dfrac{1}{3}-\dfrac{7}{5}i$ là nghiệm?

A. $z^2-\dfrac{2}{3}z-\dfrac{466}{225}=0$.
B. $z^2+\dfrac{2}{3}z-\dfrac{466}{225}=0$.
C. $z^2+\dfrac{2}{3}z+\dfrac{466}{225}=0$.
D. $z^2-\dfrac{2}{3}z+\dfrac{466}{225}=0$.",C. $z^2+\dfrac{2}{3}z+\dfrac{466}{225}=0$.,"Áp dụng định lý Vi-ét: tổng hai số phức là $- \dfrac{2}{3}$, tích của chúng là $\dfrac{466}{225}$ $\Rightarrow$ hai số phức là nghiệm của phương trình $z^2+\dfrac{2}{3}z+\dfrac{466}{225}=0$.",Đạt,
595,Dạng 6 - Phương trình bậc hai có tham số,Nhân bản,36,Số vô tỉ,"Phương trình nào dưới đây nhận hai số phức $z=4-4 \sqrt{11}i$ và $4+4 \sqrt{11}i$ là nghiệm?

A. $z^2+8z-192=0$.
B. $z^2-8z-192=0$.
C. $z^2-8z+192=0$.
D. $z^2+8z+192=0$.",C. $z^2-8z+192=0$.,"Áp dụng định lý Vi-ét: tổng hai số phức là $8$, tích của chúng là $192$ $\Rightarrow$ hai số phức là nghiệm của phương trình $z^2-8z+192=0$.",Đạt,
596,Dạng 6 - Phương trình bậc hai có tham số,Nhân bản,36,Số vô tỉ,"Phương trình nào dưới đây nhận hai số phức $z=- 2 \sqrt{6}+2 \sqrt{6}i$ và $- 2 \sqrt{6}-2 \sqrt{6}i$ là nghiệm?

A. $z^2-4 \sqrt{6}z-48=0$.
B. $z^2+4 \sqrt{6}z-48=0$.
C. $z^2+4 \sqrt{6}z+48=0$.
D. $z^2-4 \sqrt{6}z+48=0$.",C. $z^2+4 \sqrt{6}z+48=0$.,"Áp dụng định lý Vi-ét: tổng hai số phức là $- 4 \sqrt{6}$, tích của chúng là $48$ $\Rightarrow$ hai số phức là nghiệm của phương trình $z^2+4 \sqrt{6}z+48=0$.",Đạt,
597,Dạng 6 - Phương trình bậc hai có tham số,Nhân bản,36,Số vô tỉ,"Phương trình nào dưới đây nhận hai số phức $z=-4+4 \sqrt{11}i$ và $-4-4 \sqrt{11}i$ là nghiệm?

A. $z^2-8z-192=0$.
B. $z^2+8z-192=0$.
C. $z^2+8z+192=0$.
D. $z^2-8z+192=0$.",C. $z^2+8z+192=0$.,"Áp dụng định lý Vi-ét: tổng hai số phức là $-8$, tích của chúng là $192$ $\Rightarrow$ hai số phức là nghiệm của phương trình $z^2+8z+192=0$.",Đạt,
598,Dạng 6 - Phương trình bậc hai có tham số,Nhân bản,36,Số vô tỉ,"Phương trình nào dưới đây nhận hai số phức $z=- 4 \sqrt{7}+7i$ và $- 4 \sqrt{7}-7i$ là nghiệm?

A. $z^2-8 \sqrt{7}z-161=0$.
B. $z^2+8 \sqrt{7}z-161=0$.
C. $z^2+8 \sqrt{7}z+161=0$.
D. $z^2-8 \sqrt{7}z+161=0$.",C. $z^2+8 \sqrt{7}z+161=0$.,"Áp dụng định lý Vi-ét: tổng hai số phức là $- 8 \sqrt{7}$, tích của chúng là $161$ $\Rightarrow$ hai số phức là nghiệm của phương trình $z^2+8 \sqrt{7}z+161=0$.",Đạt,
599,Dạng 6 - Phương trình bậc hai có tham số,Nhân bản,36,Số vô tỉ,"Phương trình nào dưới đây nhận hai số phức $z=2-3 \sqrt{10}i$ và $2+3 \sqrt{10}i$ là nghiệm?

A. $z^2+4z-94=0$.
B. $z^2-4z-94=0$.
C. $z^2-4z+94=0$.
D. $z^2+4z+94=0$.",C. $z^2-4z+94=0$.,"Áp dụng định lý Vi-ét: tổng hai số phức là $4$, tích của chúng là $94$ $\Rightarrow$ hai số phức là nghiệm của phương trình $z^2-4z+94=0$.",Đạt,
600,Dạng 6 - Phương trình bậc hai có tham số,Nhân bản,36,Số vô tỉ,"Phương trình nào dưới đây nhận hai số phức $z=-6+2 \sqrt{3}i$ và $-6-2 \sqrt{3}i$ là nghiệm?

A. $z^2-12z-48=0$.
B. $z^2+12z-48=0$.
C. $z^2+12z+48=0$.
D. $z^2-12z+48=0$.",C. $z^2+12z+48=0$.,"Áp dụng định lý Vi-ét: tổng hai số phức là $-12$, tích của chúng là $48$ $\Rightarrow$ hai số phức là nghiệm của phương trình $z^2+12z+48=0$.",Đạt,
601,Dạng 6 - Phương trình bậc hai có tham số,Nhân bản,26,Số nguyên,"Trên tập hợp các số phức, xét phương trình $z^2-2mz-5m-9=0$ ($m$ là tham số thực). Có bao nhiêu giá trị nguyên của $m$ để phương trình đó có hai nghiệm phân biệt $z_1, z_2$ thỏa mãn $|z_1| = |z_2|$?

A. $0$.
B. $1$.
C. $2$.
D. $3$.",B. $1$.,"Ta có $\Delta' = m^2+5m+9$.

Nếu $\Delta'>0$ thì phương trình có hai nghiệm thực. Khi đó $|z_1|=|z_2| \Leftrightarrow z_1=-z_2 \Leftrightarrow z_1+z_2=0 \Leftrightarrow m=0$ (nhận nếu thỏa $\Delta'(0)>0$).

Nếu $\Delta'<0$ thì phương trình có hai nghiệm phức liên hợp nên luôn có $|z_1|=|z_2|$.

Đếm trực tiếp các giá trị nguyên $m$ thỏa mãn hai trường hợp trên, ta được 1 giá trị.",Đạt,
602,Dạng 6 - Phương trình bậc hai có tham số,Nhân bản,26,Số nguyên,"Trên tập hợp các số phức, xét phương trình $z^2-2mz+3m-9=0$ ($m$ là tham số thực). Có bao nhiêu giá trị nguyên của $m$ để phương trình đó có hai nghiệm phân biệt $z_1, z_2$ thỏa mãn $|z_1| = |z_2|$?

A. $0$.
B. $1$.
C. $2$.
D. $3$.",B. $1$.,"Ta có $\Delta' = m^2-3m+9$.

Nếu $\Delta'>0$ thì phương trình có hai nghiệm thực. Khi đó $|z_1|=|z_2| \Leftrightarrow z_1=-z_2 \Leftrightarrow z_1+z_2=0 \Leftrightarrow m=0$ (nhận nếu thỏa $\Delta'(0)>0$).

Nếu $\Delta'<0$ thì phương trình có hai nghiệm phức liên hợp nên luôn có $|z_1|=|z_2|$.

Đếm trực tiếp các giá trị nguyên $m$ thỏa mãn hai trường hợp trên, ta được 1 giá trị.",Đạt,
603,Dạng 6 - Phương trình bậc hai có tham số,Nhân bản,26,Số nguyên,"Trên tập hợp các số phức, xét phương trình $z^2-2mz+4m-3=0$ ($m$ là tham số thực). Có bao nhiêu giá trị nguyên của $m$ để phương trình đó có hai nghiệm phân biệt $z_1, z_2$ thỏa mãn $|z_1| = |z_2|$?

A. $1$.
B. $2$.
C. $3$.
D. $4$.",B. $2$.,"Ta có $\Delta' = m^2-4m+3$.

Nếu $\Delta'>0$ thì phương trình có hai nghiệm thực. Khi đó $|z_1|=|z_2| \Leftrightarrow z_1=-z_2 \Leftrightarrow z_1+z_2=0 \Leftrightarrow m=0$ (nhận nếu thỏa $\Delta'(0)>0$).

Nếu $\Delta'<0$ thì phương trình có hai nghiệm phức liên hợp nên luôn có $|z_1|=|z_2|$.

Đếm trực tiếp các giá trị nguyên $m$ thỏa mãn hai trường hợp trên, ta được 2 giá trị.",Đạt,
604,Dạng 6 - Phương trình bậc hai có tham số,Nhân bản,26,Số nguyên,"Trên tập hợp các số phức, xét phương trình $z^2-2mz+3m-6=0$ ($m$ là tham số thực). Có bao nhiêu giá trị nguyên của $m$ để phương trình đó có hai nghiệm phân biệt $z_1, z_2$ thỏa mãn $|z_1| = |z_2|$?

A. $0$.
B. $1$.
C. $2$.
D. $3$.",B. $1$.,"Ta có $\Delta' = m^2-3m+6$.

Nếu $\Delta'>0$ thì phương trình có hai nghiệm thực. Khi đó $|z_1|=|z_2| \Leftrightarrow z_1=-z_2 \Leftrightarrow z_1+z_2=0 \Leftrightarrow m=0$ (nhận nếu thỏa $\Delta'(0)>0$).

Nếu $\Delta'<0$ thì phương trình có hai nghiệm phức liên hợp nên luôn có $|z_1|=|z_2|$.

Đếm trực tiếp các giá trị nguyên $m$ thỏa mãn hai trường hợp trên, ta được 1 giá trị.",Đạt,
605,Dạng 6 - Phương trình bậc hai có tham số,Nhân bản,26,Số nguyên,"Trên tập hợp các số phức, xét phương trình $z^2-2mz+8m-8=0$ ($m$ là tham số thực). Có bao nhiêu giá trị nguyên của $m$ để phương trình đó có hai nghiệm phân biệt $z_1, z_2$ thỏa mãn $|z_1| = |z_2|$?

A. $5$.
B. $6$.
C. $7$.
D. $8$.",B. $6$.,"Ta có $\Delta' = m^2-8m+8$.

Nếu $\Delta'>0$ thì phương trình có hai nghiệm thực. Khi đó $|z_1|=|z_2| \Leftrightarrow z_1=-z_2 \Leftrightarrow z_1+z_2=0 \Leftrightarrow m=0$ (nhận nếu thỏa $\Delta'(0)>0$).

Nếu $\Delta'<0$ thì phương trình có hai nghiệm phức liên hợp nên luôn có $|z_1|=|z_2|$.

Đếm trực tiếp các giá trị nguyên $m$ thỏa mãn hai trường hợp trên, ta được 6 giá trị.",Đạt,
606,Dạng 6 - Phương trình bậc hai có tham số,Nhân bản,26,Số nguyên,"Trên tập hợp các số phức, xét phương trình $z^2-2mz-3m-7=0$ ($m$ là tham số thực). Có bao nhiêu giá trị nguyên của $m$ để phương trình đó có hai nghiệm phân biệt $z_1, z_2$ thỏa mãn $|z_1| = |z_2|$?

A. $0$.
B. $1$.
C. $2$.
D. $3$.",B. $1$.,"Ta có $\Delta' = m^2+3m+7$.

Nếu $\Delta'>0$ thì phương trình có hai nghiệm thực. Khi đó $|z_1|=|z_2| \Leftrightarrow z_1=-z_2 \Leftrightarrow z_1+z_2=0 \Leftrightarrow m=0$ (nhận nếu thỏa $\Delta'(0)>0$).

Nếu $\Delta'<0$ thì phương trình có hai nghiệm phức liên hợp nên luôn có $|z_1|=|z_2|$.

Đếm trực tiếp các giá trị nguyên $m$ thỏa mãn hai trường hợp trên, ta được 1 giá trị.",Đạt,
607,Dạng 6 - Phương trình bậc hai có tham số,Nhân bản,26,Số hữu tỉ,"Trên tập hợp các số phức, xét phương trình $z^2-2mz-2m-\dfrac{9}{2}=0$ ($m$ là tham số thực). Có bao nhiêu giá trị nguyên của $m$ để phương trình đó có hai nghiệm phân biệt $z_1, z_2$ thỏa mãn $|z_1| = |z_2|$?

A. $0$.
B. $1$.
C. $2$.
D. $3$.",B. $1$.,"Ta có $\Delta' = m^2+2m+\dfrac{9}{2}$.

Nếu $\Delta'>0$ thì phương trình có hai nghiệm thực. Khi đó $|z_1|=|z_2| \Leftrightarrow z_1=-z_2 \Leftrightarrow z_1+z_2=0 \Leftrightarrow m=0$ (nhận nếu thỏa $\Delta'(0)>0$).

Nếu $\Delta'<0$ thì phương trình có hai nghiệm phức liên hợp nên luôn có $|z_1|=|z_2|$.

Đếm trực tiếp các giá trị nguyên $m$ thỏa mãn hai trường hợp trên, ta được 1 giá trị.",Đạt,
608,Dạng 6 - Phương trình bậc hai có tham số,Nhân bản,26,Số hữu tỉ,"Trên tập hợp các số phức, xét phương trình $z^2-2mz+2m+\dfrac{1}{2}=0$ ($m$ là tham số thực). Có bao nhiêu giá trị nguyên của $m$ để phương trình đó có hai nghiệm phân biệt $z_1, z_2$ thỏa mãn $|z_1| = |z_2|$?

A. $2$.
B. $3$.
C. $4$.
D. $5$.",B. $3$.,"Ta có $\Delta' = m^2-2m-\dfrac{1}{2}$.

Nếu $\Delta'>0$ thì phương trình có hai nghiệm thực. Khi đó $|z_1|=|z_2| \Leftrightarrow z_1=-z_2 \Leftrightarrow z_1+z_2=0 \Leftrightarrow m=0$ (nhận nếu thỏa $\Delta'(0)>0$).

Nếu $\Delta'<0$ thì phương trình có hai nghiệm phức liên hợp nên luôn có $|z_1|=|z_2|$.

Đếm trực tiếp các giá trị nguyên $m$ thỏa mãn hai trường hợp trên, ta được 3 giá trị.",Đạt,
609,Dạng 6 - Phương trình bậc hai có tham số,Nhân bản,26,Số hữu tỉ,"Trên tập hợp các số phức, xét phương trình $z^2-2mz+1m+\dfrac{9}{2}=0$ ($m$ là tham số thực). Có bao nhiêu giá trị nguyên của $m$ để phương trình đó có hai nghiệm phân biệt $z_1, z_2$ thỏa mãn $|z_1| = |z_2|$?

A. $3$.
B. $4$.
C. $5$.
D. $6$.",B. $4$.,"Ta có $\Delta' = m^2-1m-\dfrac{9}{2}$.

Nếu $\Delta'>0$ thì phương trình có hai nghiệm thực. Khi đó $|z_1|=|z_2| \Leftrightarrow z_1=-z_2 \Leftrightarrow z_1+z_2=0 \Leftrightarrow m=0$ (nhận nếu thỏa $\Delta'(0)>0$).

Nếu $\Delta'<0$ thì phương trình có hai nghiệm phức liên hợp nên luôn có $|z_1|=|z_2|$.

Đếm trực tiếp các giá trị nguyên $m$ thỏa mãn hai trường hợp trên, ta được 4 giá trị.",Đạt,
610,Dạng 6 - Phương trình bậc hai có tham số,Nhân bản,26,Số hữu tỉ,"Trên tập hợp các số phức, xét phương trình $z^2-2mz-2m-\dfrac{5}{2}=0$ ($m$ là tham số thực). Có bao nhiêu giá trị nguyên của $m$ để phương trình đó có hai nghiệm phân biệt $z_1, z_2$ thỏa mãn $|z_1| = |z_2|$?

A. $0$.
B. $1$.
C. $2$.
D. $3$.",B. $1$.,"Ta có $\Delta' = m^2+2m+\dfrac{5}{2}$.

Nếu $\Delta'>0$ thì phương trình có hai nghiệm thực. Khi đó $|z_1|=|z_2| \Leftrightarrow z_1=-z_2 \Leftrightarrow z_1+z_2=0 \Leftrightarrow m=0$ (nhận nếu thỏa $\Delta'(0)>0$).

Nếu $\Delta'<0$ thì phương trình có hai nghiệm phức liên hợp nên luôn có $|z_1|=|z_2|$.

Đếm trực tiếp các giá trị nguyên $m$ thỏa mãn hai trường hợp trên, ta được 1 giá trị.",Đạt,
611,Dạng 6 - Phương trình bậc hai có tham số,Nhân bản,26,Số hữu tỉ,"Trên tập hợp các số phức, xét phương trình $z^2-2mz+\dfrac{5}{3}m-\dfrac{1}{2}=0$ ($m$ là tham số thực). Có bao nhiêu giá trị nguyên của $m$ để phương trình đó có hai nghiệm phân biệt $z_1, z_2$ thỏa mãn $|z_1| = |z_2|$?

A. $1$.
B. $2$.
C. $3$.
D. $4$.",B. $2$.,"Ta có $\Delta' = m^2-\dfrac{5}{3}m+\dfrac{1}{2}$.

Nếu $\Delta'>0$ thì phương trình có hai nghiệm thực. Khi đó $|z_1|=|z_2| \Leftrightarrow z_1=-z_2 \Leftrightarrow z_1+z_2=0 \Leftrightarrow m=0$ (nhận nếu thỏa $\Delta'(0)>0$).

Nếu $\Delta'<0$ thì phương trình có hai nghiệm phức liên hợp nên luôn có $|z_1|=|z_2|$.

Đếm trực tiếp các giá trị nguyên $m$ thỏa mãn hai trường hợp trên, ta được 2 giá trị.",Đạt,
612,Dạng 6 - Phương trình bậc hai có tham số,Nhân bản,26,Số hữu tỉ,"Trên tập hợp các số phức, xét phương trình $z^2-2mz+3m-\dfrac{4}{3}=0$ ($m$ là tham số thực). Có bao nhiêu giá trị nguyên của $m$ để phương trình đó có hai nghiệm phân biệt $z_1, z_2$ thỏa mãn $|z_1| = |z_2|$?

A. $2$.
B. $3$.
C. $4$.
D. $5$.",B. $3$.,"Ta có $\Delta' = m^2-3m+\dfrac{4}{3}$.

Nếu $\Delta'>0$ thì phương trình có hai nghiệm thực. Khi đó $|z_1|=|z_2| \Leftrightarrow z_1=-z_2 \Leftrightarrow z_1+z_2=0 \Leftrightarrow m=0$ (nhận nếu thỏa $\Delta'(0)>0$).

Nếu $\Delta'<0$ thì phương trình có hai nghiệm phức liên hợp nên luôn có $|z_1|=|z_2|$.

Đếm trực tiếp các giá trị nguyên $m$ thỏa mãn hai trường hợp trên, ta được 3 giá trị.",Đạt,
613,Dạng 6 - Phương trình bậc hai có tham số,Nhân bản,26,Số vô tỉ,"Trên tập hợp các số phức, xét phương trình $z^2-2mz+2 \sqrt{5}m+\sqrt{2}=0$ ($m$ là tham số thực). Có bao nhiêu giá trị nguyên của $m$ để phương trình đó có hai nghiệm phân biệt $z_1, z_2$ thỏa mãn $|z_1| = |z_2|$?

A. $4$.
B. $5$.
C. $6$.
D. $7$.",B. $5$.,"Ta có $\Delta' = m^2-2 \sqrt{5}m-\sqrt{2}$.

Nếu $\Delta'>0$ thì phương trình có hai nghiệm thực. Khi đó $|z_1|=|z_2| \Leftrightarrow z_1=-z_2 \Leftrightarrow z_1+z_2=0 \Leftrightarrow m=0$ (nhận nếu thỏa $\Delta'(0)>0$).

Nếu $\Delta'<0$ thì phương trình có hai nghiệm phức liên hợp nên luôn có $|z_1|=|z_2|$.

Đếm trực tiếp các giá trị nguyên $m$ thỏa mãn hai trường hợp trên, ta được 5 giá trị.",Đạt,
614,Dạng 6 - Phương trình bậc hai có tham số,Nhân bản,26,Số vô tỉ,"Trên tập hợp các số phức, xét phương trình $z^2-2mz+\sqrt{5}m-\sqrt{2}=0$ ($m$ là tham số thực). Có bao nhiêu giá trị nguyên của $m$ để phương trình đó có hai nghiệm phân biệt $z_1, z_2$ thỏa mãn $|z_1| = |z_2|$?

A. $0$.
B. $1$.
C. $2$.
D. $3$.",B. $1$.,"Ta có $\Delta' = m^2-\sqrt{5}m+\sqrt{2}$.

Nếu $\Delta'>0$ thì phương trình có hai nghiệm thực. Khi đó $|z_1|=|z_2| \Leftrightarrow z_1=-z_2 \Leftrightarrow z_1+z_2=0 \Leftrightarrow m=0$ (nhận nếu thỏa $\Delta'(0)>0$).

Nếu $\Delta'<0$ thì phương trình có hai nghiệm phức liên hợp nên luôn có $|z_1|=|z_2|$.

Đếm trực tiếp các giá trị nguyên $m$ thỏa mãn hai trường hợp trên, ta được 1 giá trị.",Đạt,
615,Dạng 6 - Phương trình bậc hai có tham số,Nhân bản,26,Số vô tỉ,"Trên tập hợp các số phức, xét phương trình $z^2-2mz-2 \sqrt{5}m-2 \sqrt{5}=0$ ($m$ là tham số thực). Có bao nhiêu giá trị nguyên của $m$ để phương trình đó có hai nghiệm phân biệt $z_1, z_2$ thỏa mãn $|z_1| = |z_2|$?

A. $1$.
B. $2$.
C. $3$.
D. $4$.",B. $2$.,"Ta có $\Delta' = m^2+2 \sqrt{5}m+2 \sqrt{5}$.

Nếu $\Delta'>0$ thì phương trình có hai nghiệm thực. Khi đó $|z_1|=|z_2| \Leftrightarrow z_1=-z_2 \Leftrightarrow z_1+z_2=0 \Leftrightarrow m=0$ (nhận nếu thỏa $\Delta'(0)>0$).

Nếu $\Delta'<0$ thì phương trình có hai nghiệm phức liên hợp nên luôn có $|z_1|=|z_2|$.

Đếm trực tiếp các giá trị nguyên $m$ thỏa mãn hai trường hợp trên, ta được 2 giá trị.",Đạt,
616,Dạng 6 - Phương trình bậc hai có tham số,Nhân bản,26,Số vô tỉ,"Trên tập hợp các số phức, xét phương trình $z^2-2mz+2 \sqrt{3}m+2 \sqrt{5}=0$ ($m$ là tham số thực). Có bao nhiêu giá trị nguyên của $m$ để phương trình đó có hai nghiệm phân biệt $z_1, z_2$ thỏa mãn $|z_1| = |z_2|$?

A. $5$.
B. $6$.
C. $7$.
D. $8$.",B. $6$.,"Ta có $\Delta' = m^2-2 \sqrt{3}m-2 \sqrt{5}$.

Nếu $\Delta'>0$ thì phương trình có hai nghiệm thực. Khi đó $|z_1|=|z_2| \Leftrightarrow z_1=-z_2 \Leftrightarrow z_1+z_2=0 \Leftrightarrow m=0$ (nhận nếu thỏa $\Delta'(0)>0$).

Nếu $\Delta'<0$ thì phương trình có hai nghiệm phức liên hợp nên luôn có $|z_1|=|z_2|$.

Đếm trực tiếp các giá trị nguyên $m$ thỏa mãn hai trường hợp trên, ta được 6 giá trị.",Đạt,
617,Dạng 6 - Phương trình bậc hai có tham số,Nhân bản,26,Số vô tỉ,"Trên tập hợp các số phức, xét phương trình $z^2-2mz-\sqrt{5}m+\sqrt{5}=0$ ($m$ là tham số thực). Có bao nhiêu giá trị nguyên của $m$ để phương trình đó có hai nghiệm phân biệt $z_1, z_2$ thỏa mãn $|z_1| = |z_2|$?

A. $2$.
B. $3$.
C. $4$.
D. $5$.",B. $3$.,"Ta có $\Delta' = m^2+\sqrt{5}m-\sqrt{5}$.

Nếu $\Delta'>0$ thì phương trình có hai nghiệm thực. Khi đó $|z_1|=|z_2| \Leftrightarrow z_1=-z_2 \Leftrightarrow z_1+z_2=0 \Leftrightarrow m=0$ (nhận nếu thỏa $\Delta'(0)>0$).

Nếu $\Delta'<0$ thì phương trình có hai nghiệm phức liên hợp nên luôn có $|z_1|=|z_2|$.

Đếm trực tiếp các giá trị nguyên $m$ thỏa mãn hai trường hợp trên, ta được 3 giá trị.",Đạt,
618,Dạng 6 - Phương trình bậc hai có tham số,Nhân bản,26,Số vô tỉ,"Trên tập hợp các số phức, xét phương trình $z^2-2mz-\sqrt{5}m-\sqrt{2}=0$ ($m$ là tham số thực). Có bao nhiêu giá trị nguyên của $m$ để phương trình đó có hai nghiệm phân biệt $z_1, z_2$ thỏa mãn $|z_1| = |z_2|$?

A. $0$.
B. $1$.
C. $2$.
D. $3$.",B. $1$.,"Ta có $\Delta' = m^2+\sqrt{5}m+\sqrt{2}$.

Nếu $\Delta'>0$ thì phương trình có hai nghiệm thực. Khi đó $|z_1|=|z_2| \Leftrightarrow z_1=-z_2 \Leftrightarrow z_1+z_2=0 \Leftrightarrow m=0$ (nhận nếu thỏa $\Delta'(0)>0$).

Nếu $\Delta'<0$ thì phương trình có hai nghiệm phức liên hợp nên luôn có $|z_1|=|z_2|$.

Đếm trực tiếp các giá trị nguyên $m$ thỏa mãn hai trường hợp trên, ta được 1 giá trị.",Đạt,
619,Dạng 6 - Phương trình bậc hai có tham số,Nhân bản,33,Số nguyên,"Trên tập hợp số phức, xét phương trình $z^2-2(m+2)z+m^2=0$ ($m$ là tham số thực). Có bao nhiêu giá trị của $m$ để phương trình đó có hai nghiệm phân biệt $z_1, z_2$ thỏa mãn $|z_1|+|z_2|=4$?

A. $1$.
B. $2$.
C. $3$.
D. $4$.",B. $2$.,"Ta có $\Delta'=(m+2)^2-m^2$.

TH1: $\Delta'<0$. Khi đó $z_1=\overline{z_2}$, suy ra $2|z_1|=|z_1|+|z_2|=4 \Rightarrow |z_1|=2 \Rightarrow m^2=z_1z_2=|z_1|^2 \Rightarrow m=\pm2$, kết hợp điều kiện $\Delta'<0$ để chọn nghiệm phù hợp.

TH2: $\Delta'\ge0$. Khi đó $z_1+z_2=2(m+2)$, $z_1z_2=m^2$, nên $(|z_1|+|z_2|)^2=(z_1+z_2)^2-2z_1z_2+2|z_1z_2|=4(m+2)^2$, suy ra $|m+2|=2 \Rightarrow m=-(2)\pm2$, kết hợp điều kiện $\Delta'\ge0$ để chọn nghiệm phù hợp.

Tổng hợp cả hai trường hợp (loại nghiệm trùng nếu có), ta được 2 giá trị $m$ thỏa mãn.",Đạt,
620,Dạng 6 - Phương trình bậc hai có tham số,Nhân bản,33,Số nguyên,"Trên tập hợp số phức, xét phương trình $z^2-2(m-3)z+m^2=0$ ($m$ là tham số thực). Có bao nhiêu giá trị của $m$ để phương trình đó có hai nghiệm phân biệt $z_1, z_2$ thỏa mãn $|z_1|+|z_2|=6$?

A. $1$.
B. $2$.
C. $3$.
D. $4$.",B. $2$.,"Ta có $\Delta'=(m-3)^2-m^2$.

TH1: $\Delta'<0$. Khi đó $z_1=\overline{z_2}$, suy ra $2|z_1|=|z_1|+|z_2|=6 \Rightarrow |z_1|=3 \Rightarrow m^2=z_1z_2=|z_1|^2 \Rightarrow m=\pm3$, kết hợp điều kiện $\Delta'<0$ để chọn nghiệm phù hợp.

TH2: $\Delta'\ge0$. Khi đó $z_1+z_2=2(m-3)$, $z_1z_2=m^2$, nên $(|z_1|+|z_2|)^2=(z_1+z_2)^2-2z_1z_2+2|z_1z_2|=4(m-3)^2$, suy ra $|m-3|=3 \Rightarrow m=-(-3)\pm3$, kết hợp điều kiện $\Delta'\ge0$ để chọn nghiệm phù hợp.

Tổng hợp cả hai trường hợp (loại nghiệm trùng nếu có), ta được 2 giá trị $m$ thỏa mãn.",Đạt,
621,Dạng 6 - Phương trình bậc hai có tham số,Nhân bản,33,Số nguyên,"Trên tập hợp số phức, xét phương trình $z^2-2(m-4)z+m^2=0$ ($m$ là tham số thực). Có bao nhiêu giá trị của $m$ để phương trình đó có hai nghiệm phân biệt $z_1, z_2$ thỏa mãn $|z_1|+|z_2|=8$?

A. $1$.
B. $2$.
C. $3$.
D. $4$.",B. $2$.,"Ta có $\Delta'=(m-4)^2-m^2$.

TH1: $\Delta'<0$. Khi đó $z_1=\overline{z_2}$, suy ra $2|z_1|=|z_1|+|z_2|=8 \Rightarrow |z_1|=4 \Rightarrow m^2=z_1z_2=|z_1|^2 \Rightarrow m=\pm4$, kết hợp điều kiện $\Delta'<0$ để chọn nghiệm phù hợp.

TH2: $\Delta'\ge0$. Khi đó $z_1+z_2=2(m-4)$, $z_1z_2=m^2$, nên $(|z_1|+|z_2|)^2=(z_1+z_2)^2-2z_1z_2+2|z_1z_2|=4(m-4)^2$, suy ra $|m-4|=4 \Rightarrow m=-(-4)\pm4$, kết hợp điều kiện $\Delta'\ge0$ để chọn nghiệm phù hợp.

Tổng hợp cả hai trường hợp (loại nghiệm trùng nếu có), ta được 2 giá trị $m$ thỏa mãn.",Đạt,
622,Dạng 6 - Phương trình bậc hai có tham số,Nhân bản,33,Số nguyên,"Trên tập hợp số phức, xét phương trình $z^2-2(m+4)z+m^2=0$ ($m$ là tham số thực). Có bao nhiêu giá trị của $m$ để phương trình đó có hai nghiệm phân biệt $z_1, z_2$ thỏa mãn $|z_1|+|z_2|=6$?

A. $1$.
B. $2$.
C. $3$.
D. $4$.",B. $2$.,"Ta có $\Delta'=(m+4)^2-m^2$.

TH1: $\Delta'<0$. Khi đó $z_1=\overline{z_2}$, suy ra $2|z_1|=|z_1|+|z_2|=6 \Rightarrow |z_1|=3 \Rightarrow m^2=z_1z_2=|z_1|^2 \Rightarrow m=\pm3$, kết hợp điều kiện $\Delta'<0$ để chọn nghiệm phù hợp.

TH2: $\Delta'\ge0$. Khi đó $z_1+z_2=2(m+4)$, $z_1z_2=m^2$, nên $(|z_1|+|z_2|)^2=(z_1+z_2)^2-2z_1z_2+2|z_1z_2|=4(m+4)^2$, suy ra $|m+4|=3 \Rightarrow m=-(4)\pm3$, kết hợp điều kiện $\Delta'\ge0$ để chọn nghiệm phù hợp.

Tổng hợp cả hai trường hợp (loại nghiệm trùng nếu có), ta được 2 giá trị $m$ thỏa mãn.",Đạt,
623,Dạng 6 - Phương trình bậc hai có tham số,Nhân bản,33,Số nguyên,"Trên tập hợp số phức, xét phương trình $z^2-2(m+1)z+m^2=0$ ($m$ là tham số thực). Có bao nhiêu giá trị của $m$ để phương trình đó có hai nghiệm phân biệt $z_1, z_2$ thỏa mãn $|z_1|+|z_2|=8$?

A. $1$.
B. $2$.
C. $3$.
D. $4$.",B. $2$.,"Ta có $\Delta'=(m+1)^2-m^2$.

TH1: $\Delta'<0$. Khi đó $z_1=\overline{z_2}$, suy ra $2|z_1|=|z_1|+|z_2|=8 \Rightarrow |z_1|=4 \Rightarrow m^2=z_1z_2=|z_1|^2 \Rightarrow m=\pm4$, kết hợp điều kiện $\Delta'<0$ để chọn nghiệm phù hợp.

TH2: $\Delta'\ge0$. Khi đó $z_1+z_2=2(m+1)$, $z_1z_2=m^2$, nên $(|z_1|+|z_2|)^2=(z_1+z_2)^2-2z_1z_2+2|z_1z_2|=4(m+1)^2$, suy ra $|m+1|=4 \Rightarrow m=-(1)\pm4$, kết hợp điều kiện $\Delta'\ge0$ để chọn nghiệm phù hợp.

Tổng hợp cả hai trường hợp (loại nghiệm trùng nếu có), ta được 2 giá trị $m$ thỏa mãn.",Đạt,
624,Dạng 6 - Phương trình bậc hai có tham số,Nhân bản,33,Số nguyên,"Trên tập hợp số phức, xét phương trình $z^2-2(m+3)z+m^2=0$ ($m$ là tham số thực). Có bao nhiêu giá trị của $m$ để phương trình đó có hai nghiệm phân biệt $z_1, z_2$ thỏa mãn $|z_1|+|z_2|=8$?

A. $1$.
B. $2$.
C. $3$.
D. $4$.",B. $2$.,"Ta có $\Delta'=(m+3)^2-m^2$.

TH1: $\Delta'<0$. Khi đó $z_1=\overline{z_2}$, suy ra $2|z_1|=|z_1|+|z_2|=8 \Rightarrow |z_1|=4 \Rightarrow m^2=z_1z_2=|z_1|^2 \Rightarrow m=\pm4$, kết hợp điều kiện $\Delta'<0$ để chọn nghiệm phù hợp.

TH2: $\Delta'\ge0$. Khi đó $z_1+z_2=2(m+3)$, $z_1z_2=m^2$, nên $(|z_1|+|z_2|)^2=(z_1+z_2)^2-2z_1z_2+2|z_1z_2|=4(m+3)^2$, suy ra $|m+3|=4 \Rightarrow m=-(3)\pm4$, kết hợp điều kiện $\Delta'\ge0$ để chọn nghiệm phù hợp.

Tổng hợp cả hai trường hợp (loại nghiệm trùng nếu có), ta được 2 giá trị $m$ thỏa mãn.",Đạt,
625,Dạng 6 - Phương trình bậc hai có tham số,Nhân bản,33,Số hữu tỉ,"Trên tập hợp số phức, xét phương trình $z^2-2(m+1)z+m^2=0$ ($m$ là tham số thực). Có bao nhiêu giá trị của $m$ để phương trình đó có hai nghiệm phân biệt $z_1, z_2$ thỏa mãn $|z_1|+|z_2|=\dfrac{7}{3}$?

A. $1$.
B. $2$.
C. $3$.
D. $4$.",B. $2$.,"Ta có $\Delta'=(m+1)^2-m^2$.

TH1: $\Delta'<0$. Khi đó $z_1=\overline{z_2}$, suy ra $2|z_1|=|z_1|+|z_2|=\dfrac{7}{3} \Rightarrow |z_1|=\dfrac{7}{6} \Rightarrow m^2=z_1z_2=|z_1|^2 \Rightarrow m=\pm\dfrac{7}{6}$, kết hợp điều kiện $\Delta'<0$ để chọn nghiệm phù hợp.

TH2: $\Delta'\ge0$. Khi đó $z_1+z_2=2(m+1)$, $z_1z_2=m^2$, nên $(|z_1|+|z_2|)^2=(z_1+z_2)^2-2z_1z_2+2|z_1z_2|=4(m+1)^2$, suy ra $|m+1|=\dfrac{7}{6} \Rightarrow m=-(1)\pm\dfrac{7}{6}$, kết hợp điều kiện $\Delta'\ge0$ để chọn nghiệm phù hợp.

Tổng hợp cả hai trường hợp (loại nghiệm trùng nếu có), ta được 2 giá trị $m$ thỏa mãn.",Đạt,
626,Dạng 6 - Phương trình bậc hai có tham số,Nhân bản,33,Số hữu tỉ,"Trên tập hợp số phức, xét phương trình $z^2-2(m-1)z+m^2=0$ ($m$ là tham số thực). Có bao nhiêu giá trị của $m$ để phương trình đó có hai nghiệm phân biệt $z_1, z_2$ thỏa mãn $|z_1|+|z_2|=\dfrac{5}{2}$?

A. $1$.
B. $2$.
C. $3$.
D. $4$.",B. $2$.,"Ta có $\Delta'=(m-1)^2-m^2$.

TH1: $\Delta'<0$. Khi đó $z_1=\overline{z_2}$, suy ra $2|z_1|=|z_1|+|z_2|=\dfrac{5}{2} \Rightarrow |z_1|=\dfrac{5}{4} \Rightarrow m^2=z_1z_2=|z_1|^2 \Rightarrow m=\pm\dfrac{5}{4}$, kết hợp điều kiện $\Delta'<0$ để chọn nghiệm phù hợp.

TH2: $\Delta'\ge0$. Khi đó $z_1+z_2=2(m-1)$, $z_1z_2=m^2$, nên $(|z_1|+|z_2|)^2=(z_1+z_2)^2-2z_1z_2+2|z_1z_2|=4(m-1)^2$, suy ra $|m-1|=\dfrac{5}{4} \Rightarrow m=-(-1)\pm\dfrac{5}{4}$, kết hợp điều kiện $\Delta'\ge0$ để chọn nghiệm phù hợp.

Tổng hợp cả hai trường hợp (loại nghiệm trùng nếu có), ta được 2 giá trị $m$ thỏa mãn.",Đạt,
627,Dạng 6 - Phương trình bậc hai có tham số,Nhân bản,33,Số hữu tỉ,"Trên tập hợp số phức, xét phương trình $z^2-2(m+2)z+m^2=0$ ($m$ là tham số thực). Có bao nhiêu giá trị của $m$ để phương trình đó có hai nghiệm phân biệt $z_1, z_2$ thỏa mãn $|z_1|+|z_2|=\dfrac{5}{2}$?

A. $1$.
B. $2$.
C. $3$.
D. $4$.",B. $2$.,"Ta có $\Delta'=(m+2)^2-m^2$.

TH1: $\Delta'<0$. Khi đó $z_1=\overline{z_2}$, suy ra $2|z_1|=|z_1|+|z_2|=\dfrac{5}{2} \Rightarrow |z_1|=\dfrac{5}{4} \Rightarrow m^2=z_1z_2=|z_1|^2 \Rightarrow m=\pm\dfrac{5}{4}$, kết hợp điều kiện $\Delta'<0$ để chọn nghiệm phù hợp.

TH2: $\Delta'\ge0$. Khi đó $z_1+z_2=2(m+2)$, $z_1z_2=m^2$, nên $(|z_1|+|z_2|)^2=(z_1+z_2)^2-2z_1z_2+2|z_1z_2|=4(m+2)^2$, suy ra $|m+2|=\dfrac{5}{4} \Rightarrow m=-(2)\pm\dfrac{5}{4}$, kết hợp điều kiện $\Delta'\ge0$ để chọn nghiệm phù hợp.

Tổng hợp cả hai trường hợp (loại nghiệm trùng nếu có), ta được 2 giá trị $m$ thỏa mãn.",Đạt,
628,Dạng 6 - Phương trình bậc hai có tham số,Nhân bản,33,Số hữu tỉ,"Trên tập hợp số phức, xét phương trình $z^2-2(m-4)z+m^2=0$ ($m$ là tham số thực). Có bao nhiêu giá trị của $m$ để phương trình đó có hai nghiệm phân biệt $z_1, z_2$ thỏa mãn $|z_1|+|z_2|=\dfrac{9}{2}$?

A. $1$.
B. $2$.
C. $3$.
D. $4$.",B. $2$.,"Ta có $\Delta'=(m-4)^2-m^2$.

TH1: $\Delta'<0$. Khi đó $z_1=\overline{z_2}$, suy ra $2|z_1|=|z_1|+|z_2|=\dfrac{9}{2} \Rightarrow |z_1|=\dfrac{9}{4} \Rightarrow m^2=z_1z_2=|z_1|^2 \Rightarrow m=\pm\dfrac{9}{4}$, kết hợp điều kiện $\Delta'<0$ để chọn nghiệm phù hợp.

TH2: $\Delta'\ge0$. Khi đó $z_1+z_2=2(m-4)$, $z_1z_2=m^2$, nên $(|z_1|+|z_2|)^2=(z_1+z_2)^2-2z_1z_2+2|z_1z_2|=4(m-4)^2$, suy ra $|m-4|=\dfrac{9}{4} \Rightarrow m=-(-4)\pm\dfrac{9}{4}$, kết hợp điều kiện $\Delta'\ge0$ để chọn nghiệm phù hợp.

Tổng hợp cả hai trường hợp (loại nghiệm trùng nếu có), ta được 2 giá trị $m$ thỏa mãn.",Đạt,
629,Dạng 6 - Phương trình bậc hai có tham số,Nhân bản,33,Số hữu tỉ,"Trên tập hợp số phức, xét phương trình $z^2-2(m-2)z+m^2=0$ ($m$ là tham số thực). Có bao nhiêu giá trị của $m$ để phương trình đó có hai nghiệm phân biệt $z_1, z_2$ thỏa mãn $|z_1|+|z_2|=\dfrac{9}{2}$?

A. $1$.
B. $2$.
C. $3$.
D. $4$.",B. $2$.,"Ta có $\Delta'=(m-2)^2-m^2$.

TH1: $\Delta'<0$. Khi đó $z_1=\overline{z_2}$, suy ra $2|z_1|=|z_1|+|z_2|=\dfrac{9}{2} \Rightarrow |z_1|=\dfrac{9}{4} \Rightarrow m^2=z_1z_2=|z_1|^2 \Rightarrow m=\pm\dfrac{9}{4}$, kết hợp điều kiện $\Delta'<0$ để chọn nghiệm phù hợp.

TH2: $\Delta'\ge0$. Khi đó $z_1+z_2=2(m-2)$, $z_1z_2=m^2$, nên $(|z_1|+|z_2|)^2=(z_1+z_2)^2-2z_1z_2+2|z_1z_2|=4(m-2)^2$, suy ra $|m-2|=\dfrac{9}{4} \Rightarrow m=-(-2)\pm\dfrac{9}{4}$, kết hợp điều kiện $\Delta'\ge0$ để chọn nghiệm phù hợp.

Tổng hợp cả hai trường hợp (loại nghiệm trùng nếu có), ta được 2 giá trị $m$ thỏa mãn.",Đạt,
630,Dạng 6 - Phương trình bậc hai có tham số,Nhân bản,33,Số hữu tỉ,"Trên tập hợp số phức, xét phương trình $z^2-2(m+1)z+m^2=0$ ($m$ là tham số thực). Có bao nhiêu giá trị của $m$ để phương trình đó có hai nghiệm phân biệt $z_1, z_2$ thỏa mãn $|z_1|+|z_2|=\dfrac{5}{2}$?

A. $1$.
B. $2$.
C. $3$.
D. $4$.",B. $2$.,"Ta có $\Delta'=(m+1)^2-m^2$.

TH1: $\Delta'<0$. Khi đó $z_1=\overline{z_2}$, suy ra $2|z_1|=|z_1|+|z_2|=\dfrac{5}{2} \Rightarrow |z_1|=\dfrac{5}{4} \Rightarrow m^2=z_1z_2=|z_1|^2 \Rightarrow m=\pm\dfrac{5}{4}$, kết hợp điều kiện $\Delta'<0$ để chọn nghiệm phù hợp.

TH2: $\Delta'\ge0$. Khi đó $z_1+z_2=2(m+1)$, $z_1z_2=m^2$, nên $(|z_1|+|z_2|)^2=(z_1+z_2)^2-2z_1z_2+2|z_1z_2|=4(m+1)^2$, suy ra $|m+1|=\dfrac{5}{4} \Rightarrow m=-(1)\pm\dfrac{5}{4}$, kết hợp điều kiện $\Delta'\ge0$ để chọn nghiệm phù hợp.

Tổng hợp cả hai trường hợp (loại nghiệm trùng nếu có), ta được 2 giá trị $m$ thỏa mãn.",Đạt,
631,Dạng 6 - Phương trình bậc hai có tham số,Nhân bản,33,Số vô tỉ,"Trên tập hợp số phức, xét phương trình $z^2-2(m+1)z+m^2=0$ ($m$ là tham số thực). Có bao nhiêu giá trị của $m$ để phương trình đó có hai nghiệm phân biệt $z_1, z_2$ thỏa mãn $|z_1|+|z_2|=2 \sqrt{5}$?

A. $1$.
B. $2$.
C. $3$.
D. $4$.",B. $2$.,"Ta có $\Delta'=(m+1)^2-m^2$.

TH1: $\Delta'<0$. Khi đó $z_1=\overline{z_2}$, suy ra $2|z_1|=|z_1|+|z_2|=2 \sqrt{5} \Rightarrow |z_1|=\sqrt{5} \Rightarrow m^2=z_1z_2=|z_1|^2 \Rightarrow m=\pm\sqrt{5}$, kết hợp điều kiện $\Delta'<0$ để chọn nghiệm phù hợp.

TH2: $\Delta'\ge0$. Khi đó $z_1+z_2=2(m+1)$, $z_1z_2=m^2$, nên $(|z_1|+|z_2|)^2=(z_1+z_2)^2-2z_1z_2+2|z_1z_2|=4(m+1)^2$, suy ra $|m+1|=\sqrt{5} \Rightarrow m=-(1)\pm\sqrt{5}$, kết hợp điều kiện $\Delta'\ge0$ để chọn nghiệm phù hợp.

Tổng hợp cả hai trường hợp (loại nghiệm trùng nếu có), ta được 2 giá trị $m$ thỏa mãn.",Đạt,
632,Dạng 6 - Phương trình bậc hai có tham số,Nhân bản,33,Số vô tỉ,"Trên tập hợp số phức, xét phương trình $z^2-2(m-3)z+m^2=0$ ($m$ là tham số thực). Có bao nhiêu giá trị của $m$ để phương trình đó có hai nghiệm phân biệt $z_1, z_2$ thỏa mãn $|z_1|+|z_2|=2 \sqrt{3}$?

A. $1$.
B. $2$.
C. $3$.
D. $4$.",B. $2$.,"Ta có $\Delta'=(m-3)^2-m^2$.

TH1: $\Delta'<0$. Khi đó $z_1=\overline{z_2}$, suy ra $2|z_1|=|z_1|+|z_2|=2 \sqrt{3} \Rightarrow |z_1|=\sqrt{3} \Rightarrow m^2=z_1z_2=|z_1|^2 \Rightarrow m=\pm\sqrt{3}$, kết hợp điều kiện $\Delta'<0$ để chọn nghiệm phù hợp.

TH2: $\Delta'\ge0$. Khi đó $z_1+z_2=2(m-3)$, $z_1z_2=m^2$, nên $(|z_1|+|z_2|)^2=(z_1+z_2)^2-2z_1z_2+2|z_1z_2|=4(m-3)^2$, suy ra $|m-3|=\sqrt{3} \Rightarrow m=-(-3)\pm\sqrt{3}$, kết hợp điều kiện $\Delta'\ge0$ để chọn nghiệm phù hợp.

Tổng hợp cả hai trường hợp (loại nghiệm trùng nếu có), ta được 2 giá trị $m$ thỏa mãn.",Đạt,
633,Dạng 6 - Phương trình bậc hai có tham số,Nhân bản,33,Số vô tỉ,"Trên tập hợp số phức, xét phương trình $z^2-2(m+4)z+m^2=0$ ($m$ là tham số thực). Có bao nhiêu giá trị của $m$ để phương trình đó có hai nghiệm phân biệt $z_1, z_2$ thỏa mãn $|z_1|+|z_2|=2 \sqrt{5}$?

A. $1$.
B. $2$.
C. $3$.
D. $4$.",B. $2$.,"Ta có $\Delta'=(m+4)^2-m^2$.

TH1: $\Delta'<0$. Khi đó $z_1=\overline{z_2}$, suy ra $2|z_1|=|z_1|+|z_2|=2 \sqrt{5} \Rightarrow |z_1|=\sqrt{5} \Rightarrow m^2=z_1z_2=|z_1|^2 \Rightarrow m=\pm\sqrt{5}$, kết hợp điều kiện $\Delta'<0$ để chọn nghiệm phù hợp.

TH2: $\Delta'\ge0$. Khi đó $z_1+z_2=2(m+4)$, $z_1z_2=m^2$, nên $(|z_1|+|z_2|)^2=(z_1+z_2)^2-2z_1z_2+2|z_1z_2|=4(m+4)^2$, suy ra $|m+4|=\sqrt{5} \Rightarrow m=-(4)\pm\sqrt{5}$, kết hợp điều kiện $\Delta'\ge0$ để chọn nghiệm phù hợp.

Tổng hợp cả hai trường hợp (loại nghiệm trùng nếu có), ta được 2 giá trị $m$ thỏa mãn.",Đạt,
634,Dạng 6 - Phương trình bậc hai có tham số,Nhân bản,33,Số vô tỉ,"Trên tập hợp số phức, xét phương trình $z^2-2(m+3)z+m^2=0$ ($m$ là tham số thực). Có bao nhiêu giá trị của $m$ để phương trình đó có hai nghiệm phân biệt $z_1, z_2$ thỏa mãn $|z_1|+|z_2|=2 \sqrt{3}$?

A. $1$.
B. $2$.
C. $3$.
D. $4$.",B. $2$.,"Ta có $\Delta'=(m+3)^2-m^2$.

TH1: $\Delta'<0$. Khi đó $z_1=\overline{z_2}$, suy ra $2|z_1|=|z_1|+|z_2|=2 \sqrt{3} \Rightarrow |z_1|=\sqrt{3} \Rightarrow m^2=z_1z_2=|z_1|^2 \Rightarrow m=\pm\sqrt{3}$, kết hợp điều kiện $\Delta'<0$ để chọn nghiệm phù hợp.

TH2: $\Delta'\ge0$. Khi đó $z_1+z_2=2(m+3)$, $z_1z_2=m^2$, nên $(|z_1|+|z_2|)^2=(z_1+z_2)^2-2z_1z_2+2|z_1z_2|=4(m+3)^2$, suy ra $|m+3|=\sqrt{3} \Rightarrow m=-(3)\pm\sqrt{3}$, kết hợp điều kiện $\Delta'\ge0$ để chọn nghiệm phù hợp.

Tổng hợp cả hai trường hợp (loại nghiệm trùng nếu có), ta được 2 giá trị $m$ thỏa mãn.",Đạt,
635,Dạng 6 - Phương trình bậc hai có tham số,Nhân bản,33,Số vô tỉ,"Trên tập hợp số phức, xét phương trình $z^2-2(m+1)z+m^2=0$ ($m$ là tham số thực). Có bao nhiêu giá trị của $m$ để phương trình đó có hai nghiệm phân biệt $z_1, z_2$ thỏa mãn $|z_1|+|z_2|=\sqrt{3}$?

A. $1$.
B. $2$.
C. $3$.
D. $4$.",B. $2$.,"Ta có $\Delta'=(m+1)^2-m^2$.

TH1: $\Delta'<0$. Khi đó $z_1=\overline{z_2}$, suy ra $2|z_1|=|z_1|+|z_2|=\sqrt{3} \Rightarrow |z_1|=\dfrac{\sqrt{3}}{2} \Rightarrow m^2=z_1z_2=|z_1|^2 \Rightarrow m=\pm\dfrac{\sqrt{3}}{2}$, kết hợp điều kiện $\Delta'<0$ để chọn nghiệm phù hợp.

TH2: $\Delta'\ge0$. Khi đó $z_1+z_2=2(m+1)$, $z_1z_2=m^2$, nên $(|z_1|+|z_2|)^2=(z_1+z_2)^2-2z_1z_2+2|z_1z_2|=4(m+1)^2$, suy ra $|m+1|=\dfrac{\sqrt{3}}{2} \Rightarrow m=-(1)\pm\dfrac{\sqrt{3}}{2}$, kết hợp điều kiện $\Delta'\ge0$ để chọn nghiệm phù hợp.

Tổng hợp cả hai trường hợp (loại nghiệm trùng nếu có), ta được 2 giá trị $m$ thỏa mãn.",Đạt,
636,Dạng 6 - Phương trình bậc hai có tham số,Nhân bản,33,Số vô tỉ,"Trên tập hợp số phức, xét phương trình $z^2-2(m-1)z+m^2=0$ ($m$ là tham số thực). Có bao nhiêu giá trị của $m$ để phương trình đó có hai nghiệm phân biệt $z_1, z_2$ thỏa mãn $|z_1|+|z_2|=2 \sqrt{5}$?

A. $1$.
B. $2$.
C. $3$.
D. $4$.",B. $2$.,"Ta có $\Delta'=(m-1)^2-m^2$.

TH1: $\Delta'<0$. Khi đó $z_1=\overline{z_2}$, suy ra $2|z_1|=|z_1|+|z_2|=2 \sqrt{5} \Rightarrow |z_1|=\sqrt{5} \Rightarrow m^2=z_1z_2=|z_1|^2 \Rightarrow m=\pm\sqrt{5}$, kết hợp điều kiện $\Delta'<0$ để chọn nghiệm phù hợp.

TH2: $\Delta'\ge0$. Khi đó $z_1+z_2=2(m-1)$, $z_1z_2=m^2$, nên $(|z_1|+|z_2|)^2=(z_1+z_2)^2-2z_1z_2+2|z_1z_2|=4(m-1)^2$, suy ra $|m-1|=\sqrt{5} \Rightarrow m=-(-1)\pm\sqrt{5}$, kết hợp điều kiện $\Delta'\ge0$ để chọn nghiệm phù hợp.

Tổng hợp cả hai trường hợp (loại nghiệm trùng nếu có), ta được 2 giá trị $m$ thỏa mãn.",Đạt,
637,Dạng 6 - Phương trình bậc hai có tham số,Nhân bản,56,Số nguyên,"Trên tập hợp các số phức, xét phương trình $z^2-2(m-3)z+m^2=0$ ($m$ là tham số thực). Có bao nhiêu giá trị của $m$ để phương trình đó có nghiệm $z_0$ thỏa mãn $|z_0|=5$?

A. $2$.
B. $3$.
C. $4$.
D. $5$.",B. $3$.,"Ta có $\Delta'=(m-3)^2-m^2$.

TH1: $\Delta'=0$: nghiệm kép $z_0=m-3$, kiểm tra điều kiện $|z_0|=5$.

TH2: $\Delta'<0$: $z_0$ phức, $|z_0|=|m|=5 \Rightarrow m=\pm5$, kiểm tra lại $\Delta'<0$.

TH3: $\Delta'>0$: $z_0=\pm5$ là nghiệm thực, thế vào phương trình gốc để giải $m$, kiểm tra lại $\Delta'>0$.

Tổng hợp cả ba trường hợp (loại nghiệm trùng nếu có), ta được 3 giá trị $m$ thỏa mãn.",Đạt,
638,Dạng 6 - Phương trình bậc hai có tham số,Nhân bản,56,Số nguyên,"Trên tập hợp các số phức, xét phương trình $z^2-2(m-1)z+m^2=0$ ($m$ là tham số thực). Có bao nhiêu giá trị của $m$ để phương trình đó có nghiệm $z_0$ thỏa mãn $|z_0|=5$?

A. $2$.
B. $3$.
C. $4$.
D. $5$.",B. $3$.,"Ta có $\Delta'=(m-1)^2-m^2$.

TH1: $\Delta'=0$: nghiệm kép $z_0=m-1$, kiểm tra điều kiện $|z_0|=5$.

TH2: $\Delta'<0$: $z_0$ phức, $|z_0|=|m|=5 \Rightarrow m=\pm5$, kiểm tra lại $\Delta'<0$.

TH3: $\Delta'>0$: $z_0=\pm5$ là nghiệm thực, thế vào phương trình gốc để giải $m$, kiểm tra lại $\Delta'>0$.

Tổng hợp cả ba trường hợp (loại nghiệm trùng nếu có), ta được 3 giá trị $m$ thỏa mãn.",Đạt,
639,Dạng 6 - Phương trình bậc hai có tham số,Nhân bản,56,Số nguyên,"Trên tập hợp các số phức, xét phương trình $z^2-2(m+1)z+m^2=0$ ($m$ là tham số thực). Có bao nhiêu giá trị của $m$ để phương trình đó có nghiệm $z_0$ thỏa mãn $|z_0|=6$?

A. $2$.
B. $3$.
C. $4$.
D. $5$.",B. $3$.,"Ta có $\Delta'=(m+1)^2-m^2$.

TH1: $\Delta'=0$: nghiệm kép $z_0=m+1$, kiểm tra điều kiện $|z_0|=6$.

TH2: $\Delta'<0$: $z_0$ phức, $|z_0|=|m|=6 \Rightarrow m=\pm6$, kiểm tra lại $\Delta'<0$.

TH3: $\Delta'>0$: $z_0=\pm6$ là nghiệm thực, thế vào phương trình gốc để giải $m$, kiểm tra lại $\Delta'>0$.

Tổng hợp cả ba trường hợp (loại nghiệm trùng nếu có), ta được 3 giá trị $m$ thỏa mãn.",Đạt,
640,Dạng 6 - Phương trình bậc hai có tham số,Nhân bản,56,Số nguyên,"Trên tập hợp các số phức, xét phương trình $z^2-2(m+3)z+m^2=0$ ($m$ là tham số thực). Có bao nhiêu giá trị của $m$ để phương trình đó có nghiệm $z_0$ thỏa mãn $|z_0|=7$?

A. $2$.
B. $3$.
C. $4$.
D. $5$.",B. $3$.,"Ta có $\Delta'=(m+3)^2-m^2$.

TH1: $\Delta'=0$: nghiệm kép $z_0=m+3$, kiểm tra điều kiện $|z_0|=7$.

TH2: $\Delta'<0$: $z_0$ phức, $|z_0|=|m|=7 \Rightarrow m=\pm7$, kiểm tra lại $\Delta'<0$.

TH3: $\Delta'>0$: $z_0=\pm7$ là nghiệm thực, thế vào phương trình gốc để giải $m$, kiểm tra lại $\Delta'>0$.

Tổng hợp cả ba trường hợp (loại nghiệm trùng nếu có), ta được 3 giá trị $m$ thỏa mãn.",Đạt,
641,Dạng 6 - Phương trình bậc hai có tham số,Nhân bản,56,Số nguyên,"Trên tập hợp các số phức, xét phương trình $z^2-2(m+4)z+m^2=0$ ($m$ là tham số thực). Có bao nhiêu giá trị của $m$ để phương trình đó có nghiệm $z_0$ thỏa mãn $|z_0|=7$?

A. $2$.
B. $3$.
C. $4$.
D. $5$.",B. $3$.,"Ta có $\Delta'=(m+4)^2-m^2$.

TH1: $\Delta'=0$: nghiệm kép $z_0=m+4$, kiểm tra điều kiện $|z_0|=7$.

TH2: $\Delta'<0$: $z_0$ phức, $|z_0|=|m|=7 \Rightarrow m=\pm7$, kiểm tra lại $\Delta'<0$.

TH3: $\Delta'>0$: $z_0=\pm7$ là nghiệm thực, thế vào phương trình gốc để giải $m$, kiểm tra lại $\Delta'>0$.

Tổng hợp cả ba trường hợp (loại nghiệm trùng nếu có), ta được 3 giá trị $m$ thỏa mãn.",Đạt,
642,Dạng 6 - Phương trình bậc hai có tham số,Nhân bản,56,Số nguyên,"Trên tập hợp các số phức, xét phương trình $z^2-2(m-3)z+m^2=0$ ($m$ là tham số thực). Có bao nhiêu giá trị của $m$ để phương trình đó có nghiệm $z_0$ thỏa mãn $|z_0|=5$?

A. $2$.
B. $3$.
C. $4$.
D. $5$.",B. $3$.,"Ta có $\Delta'=(m-3)^2-m^2$.

TH1: $\Delta'=0$: nghiệm kép $z_0=m-3$, kiểm tra điều kiện $|z_0|=5$.

TH2: $\Delta'<0$: $z_0$ phức, $|z_0|=|m|=5 \Rightarrow m=\pm5$, kiểm tra lại $\Delta'<0$.

TH3: $\Delta'>0$: $z_0=\pm5$ là nghiệm thực, thế vào phương trình gốc để giải $m$, kiểm tra lại $\Delta'>0$.

Tổng hợp cả ba trường hợp (loại nghiệm trùng nếu có), ta được 3 giá trị $m$ thỏa mãn.",Đạt,
643,Dạng 6 - Phương trình bậc hai có tham số,Nhân bản,56,Số hữu tỉ,"Trên tập hợp các số phức, xét phương trình $z^2-2(m+1)z+m^2=0$ ($m$ là tham số thực). Có bao nhiêu giá trị của $m$ để phương trình đó có nghiệm $z_0$ thỏa mãn $|z_0|=\dfrac{9}{2}$?

A. $2$.
B. $3$.
C. $4$.
D. $5$.",B. $3$.,"Ta có $\Delta'=(m+1)^2-m^2$.

TH1: $\Delta'=0$: nghiệm kép $z_0=m+1$, kiểm tra điều kiện $|z_0|=\dfrac{9}{2}$.

TH2: $\Delta'<0$: $z_0$ phức, $|z_0|=|m|=\dfrac{9}{2} \Rightarrow m=\pm\dfrac{9}{2}$, kiểm tra lại $\Delta'<0$.

TH3: $\Delta'>0$: $z_0=\pm\dfrac{9}{2}$ là nghiệm thực, thế vào phương trình gốc để giải $m$, kiểm tra lại $\Delta'>0$.

Tổng hợp cả ba trường hợp (loại nghiệm trùng nếu có), ta được 3 giá trị $m$ thỏa mãn.",Đạt,
644,Dạng 6 - Phương trình bậc hai có tham số,Nhân bản,56,Số hữu tỉ,"Trên tập hợp các số phức, xét phương trình $z^2-2(m-4)z+m^2=0$ ($m$ là tham số thực). Có bao nhiêu giá trị của $m$ để phương trình đó có nghiệm $z_0$ thỏa mãn $|z_0|=\dfrac{9}{2}$?

A. $2$.
B. $3$.
C. $4$.
D. $5$.",B. $3$.,"Ta có $\Delta'=(m-4)^2-m^2$.

TH1: $\Delta'=0$: nghiệm kép $z_0=m-4$, kiểm tra điều kiện $|z_0|=\dfrac{9}{2}$.

TH2: $\Delta'<0$: $z_0$ phức, $|z_0|=|m|=\dfrac{9}{2} \Rightarrow m=\pm\dfrac{9}{2}$, kiểm tra lại $\Delta'<0$.

TH3: $\Delta'>0$: $z_0=\pm\dfrac{9}{2}$ là nghiệm thực, thế vào phương trình gốc để giải $m$, kiểm tra lại $\Delta'>0$.

Tổng hợp cả ba trường hợp (loại nghiệm trùng nếu có), ta được 3 giá trị $m$ thỏa mãn.",Đạt,
645,Dạng 6 - Phương trình bậc hai có tham số,Nhân bản,56,Số hữu tỉ,"Trên tập hợp các số phức, xét phương trình $z^2-2(m-4)z+m^2=0$ ($m$ là tham số thực). Có bao nhiêu giá trị của $m$ để phương trình đó có nghiệm $z_0$ thỏa mãn $|z_0|=\dfrac{11}{3}$?

A. $2$.
B. $3$.
C. $4$.
D. $5$.",B. $3$.,"Ta có $\Delta'=(m-4)^2-m^2$.

TH1: $\Delta'=0$: nghiệm kép $z_0=m-4$, kiểm tra điều kiện $|z_0|=\dfrac{11}{3}$.

TH2: $\Delta'<0$: $z_0$ phức, $|z_0|=|m|=\dfrac{11}{3} \Rightarrow m=\pm\dfrac{11}{3}$, kiểm tra lại $\Delta'<0$.

TH3: $\Delta'>0$: $z_0=\pm\dfrac{11}{3}$ là nghiệm thực, thế vào phương trình gốc để giải $m$, kiểm tra lại $\Delta'>0$.

Tổng hợp cả ba trường hợp (loại nghiệm trùng nếu có), ta được 3 giá trị $m$ thỏa mãn.",Đạt,
646,Dạng 6 - Phương trình bậc hai có tham số,Nhân bản,56,Số hữu tỉ,"Trên tập hợp các số phức, xét phương trình $z^2-2(m+3)z+m^2=0$ ($m$ là tham số thực). Có bao nhiêu giá trị của $m$ để phương trình đó có nghiệm $z_0$ thỏa mãn $|z_0|=\dfrac{5}{2}$?

A. $2$.
B. $3$.
C. $4$.
D. $5$.",B. $3$.,"Ta có $\Delta'=(m+3)^2-m^2$.

TH1: $\Delta'=0$: nghiệm kép $z_0=m+3$, kiểm tra điều kiện $|z_0|=\dfrac{5}{2}$.

TH2: $\Delta'<0$: $z_0$ phức, $|z_0|=|m|=\dfrac{5}{2} \Rightarrow m=\pm\dfrac{5}{2}$, kiểm tra lại $\Delta'<0$.

TH3: $\Delta'>0$: $z_0=\pm\dfrac{5}{2}$ là nghiệm thực, thế vào phương trình gốc để giải $m$, kiểm tra lại $\Delta'>0$.

Tổng hợp cả ba trường hợp (loại nghiệm trùng nếu có), ta được 3 giá trị $m$ thỏa mãn.",Đạt,
647,Dạng 6 - Phương trình bậc hai có tham số,Nhân bản,56,Số hữu tỉ,"Trên tập hợp các số phức, xét phương trình $z^2-2(m-3)z+m^2=0$ ($m$ là tham số thực). Có bao nhiêu giá trị của $m$ để phương trình đó có nghiệm $z_0$ thỏa mãn $|z_0|=\dfrac{11}{2}$?

A. $2$.
B. $3$.
C. $4$.
D. $5$.",B. $3$.,"Ta có $\Delta'=(m-3)^2-m^2$.

TH1: $\Delta'=0$: nghiệm kép $z_0=m-3$, kiểm tra điều kiện $|z_0|=\dfrac{11}{2}$.

TH2: $\Delta'<0$: $z_0$ phức, $|z_0|=|m|=\dfrac{11}{2} \Rightarrow m=\pm\dfrac{11}{2}$, kiểm tra lại $\Delta'<0$.

TH3: $\Delta'>0$: $z_0=\pm\dfrac{11}{2}$ là nghiệm thực, thế vào phương trình gốc để giải $m$, kiểm tra lại $\Delta'>0$.

Tổng hợp cả ba trường hợp (loại nghiệm trùng nếu có), ta được 3 giá trị $m$ thỏa mãn.",Đạt,
648,Dạng 6 - Phương trình bậc hai có tham số,Nhân bản,56,Số hữu tỉ,"Trên tập hợp các số phức, xét phương trình $z^2-2(m+2)z+m^2=0$ ($m$ là tham số thực). Có bao nhiêu giá trị của $m$ để phương trình đó có nghiệm $z_0$ thỏa mãn $|z_0|=\dfrac{5}{3}$?

A. $2$.
B. $3$.
C. $4$.
D. $5$.",B. $3$.,"Ta có $\Delta'=(m+2)^2-m^2$.

TH1: $\Delta'=0$: nghiệm kép $z_0=m+2$, kiểm tra điều kiện $|z_0|=\dfrac{5}{3}$.

TH2: $\Delta'<0$: $z_0$ phức, $|z_0|=|m|=\dfrac{5}{3} \Rightarrow m=\pm\dfrac{5}{3}$, kiểm tra lại $\Delta'<0$.

TH3: $\Delta'>0$: $z_0=\pm\dfrac{5}{3}$ là nghiệm thực, thế vào phương trình gốc để giải $m$, kiểm tra lại $\Delta'>0$.

Tổng hợp cả ba trường hợp (loại nghiệm trùng nếu có), ta được 3 giá trị $m$ thỏa mãn.",Đạt,
649,Dạng 6 - Phương trình bậc hai có tham số,Nhân bản,56,Số vô tỉ,"Trên tập hợp các số phức, xét phương trình $z^2-2(m-4)z+m^2=0$ ($m$ là tham số thực). Có bao nhiêu giá trị của $m$ để phương trình đó có nghiệm $z_0$ thỏa mãn $|z_0|=2 \sqrt{3}$?

A. $2$.
B. $3$.
C. $4$.
D. $5$.",B. $3$.,"Ta có $\Delta'=(m-4)^2-m^2$.

TH1: $\Delta'=0$: nghiệm kép $z_0=m-4$, kiểm tra điều kiện $|z_0|=2 \sqrt{3}$.

TH2: $\Delta'<0$: $z_0$ phức, $|z_0|=|m|=2 \sqrt{3} \Rightarrow m=\pm2 \sqrt{3}$, kiểm tra lại $\Delta'<0$.

TH3: $\Delta'>0$: $z_0=\pm2 \sqrt{3}$ là nghiệm thực, thế vào phương trình gốc để giải $m$, kiểm tra lại $\Delta'>0$.

Tổng hợp cả ba trường hợp (loại nghiệm trùng nếu có), ta được 3 giá trị $m$ thỏa mãn.",Đạt,
650,Dạng 6 - Phương trình bậc hai có tham số,Nhân bản,56,Số vô tỉ,"Trên tập hợp các số phức, xét phương trình $z^2-2(m+2)z+m^2=0$ ($m$ là tham số thực). Có bao nhiêu giá trị của $m$ để phương trình đó có nghiệm $z_0$ thỏa mãn $|z_0|=3 \sqrt{3}$?

A. $2$.
B. $3$.
C. $4$.
D. $5$.",B. $3$.,"Ta có $\Delta'=(m+2)^2-m^2$.

TH1: $\Delta'=0$: nghiệm kép $z_0=m+2$, kiểm tra điều kiện $|z_0|=3 \sqrt{3}$.

TH2: $\Delta'<0$: $z_0$ phức, $|z_0|=|m|=3 \sqrt{3} \Rightarrow m=\pm3 \sqrt{3}$, kiểm tra lại $\Delta'<0$.

TH3: $\Delta'>0$: $z_0=\pm3 \sqrt{3}$ là nghiệm thực, thế vào phương trình gốc để giải $m$, kiểm tra lại $\Delta'>0$.

Tổng hợp cả ba trường hợp (loại nghiệm trùng nếu có), ta được 3 giá trị $m$ thỏa mãn.",Đạt,
651,Dạng 6 - Phương trình bậc hai có tham số,Nhân bản,56,Số vô tỉ,"Trên tập hợp các số phức, xét phương trình $z^2-2(m+4)z+m^2=0$ ($m$ là tham số thực). Có bao nhiêu giá trị của $m$ để phương trình đó có nghiệm $z_0$ thỏa mãn $|z_0|=3 \sqrt{2}$?

A. $2$.
B. $3$.
C. $4$.
D. $5$.",B. $3$.,"Ta có $\Delta'=(m+4)^2-m^2$.

TH1: $\Delta'=0$: nghiệm kép $z_0=m+4$, kiểm tra điều kiện $|z_0|=3 \sqrt{2}$.

TH2: $\Delta'<0$: $z_0$ phức, $|z_0|=|m|=3 \sqrt{2} \Rightarrow m=\pm3 \sqrt{2}$, kiểm tra lại $\Delta'<0$.

TH3: $\Delta'>0$: $z_0=\pm3 \sqrt{2}$ là nghiệm thực, thế vào phương trình gốc để giải $m$, kiểm tra lại $\Delta'>0$.

Tổng hợp cả ba trường hợp (loại nghiệm trùng nếu có), ta được 3 giá trị $m$ thỏa mãn.",Đạt,
652,Dạng 6 - Phương trình bậc hai có tham số,Nhân bản,56,Số vô tỉ,"Trên tập hợp các số phức, xét phương trình $z^2-2(m+1)z+m^2=0$ ($m$ là tham số thực). Có bao nhiêu giá trị của $m$ để phương trình đó có nghiệm $z_0$ thỏa mãn $|z_0|=\sqrt{2}$?

A. $2$.
B. $3$.
C. $4$.
D. $5$.",B. $3$.,"Ta có $\Delta'=(m+1)^2-m^2$.

TH1: $\Delta'=0$: nghiệm kép $z_0=m+1$, kiểm tra điều kiện $|z_0|=\sqrt{2}$.

TH2: $\Delta'<0$: $z_0$ phức, $|z_0|=|m|=\sqrt{2} \Rightarrow m=\pm\sqrt{2}$, kiểm tra lại $\Delta'<0$.

TH3: $\Delta'>0$: $z_0=\pm\sqrt{2}$ là nghiệm thực, thế vào phương trình gốc để giải $m$, kiểm tra lại $\Delta'>0$.

Tổng hợp cả ba trường hợp (loại nghiệm trùng nếu có), ta được 3 giá trị $m$ thỏa mãn.",Đạt,
653,Dạng 6 - Phương trình bậc hai có tham số,Nhân bản,56,Số vô tỉ,"Trên tập hợp các số phức, xét phương trình $z^2-2(m-4)z+m^2=0$ ($m$ là tham số thực). Có bao nhiêu giá trị của $m$ để phương trình đó có nghiệm $z_0$ thỏa mãn $|z_0|=3 \sqrt{5}$?

A. $2$.
B. $3$.
C. $4$.
D. $5$.",B. $3$.,"Ta có $\Delta'=(m-4)^2-m^2$.

TH1: $\Delta'=0$: nghiệm kép $z_0=m-4$, kiểm tra điều kiện $|z_0|=3 \sqrt{5}$.

TH2: $\Delta'<0$: $z_0$ phức, $|z_0|=|m|=3 \sqrt{5} \Rightarrow m=\pm3 \sqrt{5}$, kiểm tra lại $\Delta'<0$.

TH3: $\Delta'>0$: $z_0=\pm3 \sqrt{5}$ là nghiệm thực, thế vào phương trình gốc để giải $m$, kiểm tra lại $\Delta'>0$.

Tổng hợp cả ba trường hợp (loại nghiệm trùng nếu có), ta được 3 giá trị $m$ thỏa mãn.",Đạt,
654,Dạng 6 - Phương trình bậc hai có tham số,Nhân bản,56,Số vô tỉ,"Trên tập hợp các số phức, xét phương trình $z^2-2(m-2)z+m^2=0$ ($m$ là tham số thực). Có bao nhiêu giá trị của $m$ để phương trình đó có nghiệm $z_0$ thỏa mãn $|z_0|=\sqrt{5}$?

A. $2$.
B. $3$.
C. $4$.
D. $5$.",B. $3$.,"Ta có $\Delta'=(m-2)^2-m^2$.

TH1: $\Delta'=0$: nghiệm kép $z_0=m-2$, kiểm tra điều kiện $|z_0|=\sqrt{5}$.

TH2: $\Delta'<0$: $z_0$ phức, $|z_0|=|m|=\sqrt{5} \Rightarrow m=\pm\sqrt{5}$, kiểm tra lại $\Delta'<0$.

TH3: $\Delta'>0$: $z_0=\pm\sqrt{5}$ là nghiệm thực, thế vào phương trình gốc để giải $m$, kiểm tra lại $\Delta'>0$.

Tổng hợp cả ba trường hợp (loại nghiệm trùng nếu có), ta được 3 giá trị $m$ thỏa mãn.",Đạt,
655,Dạng 6 - Phương trình bậc hai có tham số,Nhân bản,61,Số nguyên,"Trên tập hợp các số phức, xét phương trình $z^2+4az+b^2+2=0$ ($a, b$ là các tham số thực). Có bao nhiêu cặp số thực $(a;b)$ sao cho phương trình đó có hai nghiệm $z_1, z_2$ thỏa mãn $z_1+2iz_2=3-6i$?

A. $1$.
B. $2$.
C. $3$.
D. $4$.",B. $2$.,"TH1: $z_1,z_2$ là hai nghiệm thực. Từ $z_1+2iz_2=3-6i$ suy ra $z_1=3$, $z_2=-3$. Theo Vi-ét, $-4a=z_1+z_2$ và $b^2+2=z_1z_2$, giải ra $(a;b)$ nếu tồn tại.

TH2: $z_1,z_2$ là hai nghiệm phức liên hợp, đặt $z_1=x+yi$, $z_2=x-yi$. Từ $z_1+2iz_2=3-6i$, cân bằng phần thực/ảo ta được hệ phương trình bậc nhất theo $x,y$, giải ra $x,y$ rồi suy ra $(a;b)$ qua Vi-ét (nếu $y\ne0$ và $b^2\ge0$).

Tổng hợp cả hai trường hợp, ta được 2 cặp $(a;b)$ thỏa mãn.",Đạt,
656,Dạng 6 - Phương trình bậc hai có tham số,Nhân bản,61,Số nguyên,"Trên tập hợp các số phức, xét phương trình $z^2+4az+b^2+2=0$ ($a, b$ là các tham số thực). Có bao nhiêu cặp số thực $(a;b)$ sao cho phương trình đó có hai nghiệm $z_1, z_2$ thỏa mãn $z_1+2iz_2=-2+9i$?

A. $1$.
B. $2$.
C. $3$.
D. $4$.",B. $2$.,"TH1: $z_1,z_2$ là hai nghiệm thực. Từ $z_1+2iz_2=-2+9i$ suy ra $z_1=-2$, $z_2=\dfrac{9}{2}$. Theo Vi-ét, $-4a=z_1+z_2$ và $b^2+2=z_1z_2$, giải ra $(a;b)$ nếu tồn tại.

TH2: $z_1,z_2$ là hai nghiệm phức liên hợp, đặt $z_1=x+yi$, $z_2=x-yi$. Từ $z_1+2iz_2=-2+9i$, cân bằng phần thực/ảo ta được hệ phương trình bậc nhất theo $x,y$, giải ra $x,y$ rồi suy ra $(a;b)$ qua Vi-ét (nếu $y\ne0$ và $b^2\ge0$).

Tổng hợp cả hai trường hợp, ta được 2 cặp $(a;b)$ thỏa mãn.",Đạt,
657,Dạng 6 - Phương trình bậc hai có tham số,Nhân bản,61,Số nguyên,"Trên tập hợp các số phức, xét phương trình $z^2+4az+b^2+2=0$ ($a, b$ là các tham số thực). Có bao nhiêu cặp số thực $(a;b)$ sao cho phương trình đó có hai nghiệm $z_1, z_2$ thỏa mãn $z_1+2iz_2=7+7i$?

A. $3$.
B. $4$.
C. $5$.
D. $6$.",B. $4$.,"TH1: $z_1,z_2$ là hai nghiệm thực. Từ $z_1+2iz_2=7+7i$ suy ra $z_1=7$, $z_2=\dfrac{7}{2}$. Theo Vi-ét, $-4a=z_1+z_2$ và $b^2+2=z_1z_2$, giải ra $(a;b)$ nếu tồn tại.

TH2: $z_1,z_2$ là hai nghiệm phức liên hợp, đặt $z_1=x+yi$, $z_2=x-yi$. Từ $z_1+2iz_2=7+7i$, cân bằng phần thực/ảo ta được hệ phương trình bậc nhất theo $x,y$, giải ra $x,y$ rồi suy ra $(a;b)$ qua Vi-ét (nếu $y\ne0$ và $b^2\ge0$).

Tổng hợp cả hai trường hợp, ta được 4 cặp $(a;b)$ thỏa mãn.",Đạt,
658,Dạng 6 - Phương trình bậc hai có tham số,Nhân bản,61,Số nguyên,"Trên tập hợp các số phức, xét phương trình $z^2+4az+b^2+2=0$ ($a, b$ là các tham số thực). Có bao nhiêu cặp số thực $(a;b)$ sao cho phương trình đó có hai nghiệm $z_1, z_2$ thỏa mãn $z_1+2iz_2=-2-6i$?

A. $3$.
B. $4$.
C. $5$.
D. $6$.",B. $4$.,"TH1: $z_1,z_2$ là hai nghiệm thực. Từ $z_1+2iz_2=-2-6i$ suy ra $z_1=-2$, $z_2=-3$. Theo Vi-ét, $-4a=z_1+z_2$ và $b^2+2=z_1z_2$, giải ra $(a;b)$ nếu tồn tại.

TH2: $z_1,z_2$ là hai nghiệm phức liên hợp, đặt $z_1=x+yi$, $z_2=x-yi$. Từ $z_1+2iz_2=-2-6i$, cân bằng phần thực/ảo ta được hệ phương trình bậc nhất theo $x,y$, giải ra $x,y$ rồi suy ra $(a;b)$ qua Vi-ét (nếu $y\ne0$ và $b^2\ge0$).

Tổng hợp cả hai trường hợp, ta được 4 cặp $(a;b)$ thỏa mãn.",Đạt,
659,Dạng 6 - Phương trình bậc hai có tham số,Nhân bản,61,Số nguyên,"Trên tập hợp các số phức, xét phương trình $z^2+4az+b^2+2=0$ ($a, b$ là các tham số thực). Có bao nhiêu cặp số thực $(a;b)$ sao cho phương trình đó có hai nghiệm $z_1, z_2$ thỏa mãn $z_1+2iz_2=-6+7i$?

A. $1$.
B. $2$.
C. $3$.
D. $4$.",B. $2$.,"TH1: $z_1,z_2$ là hai nghiệm thực. Từ $z_1+2iz_2=-6+7i$ suy ra $z_1=-6$, $z_2=\dfrac{7}{2}$. Theo Vi-ét, $-4a=z_1+z_2$ và $b^2+2=z_1z_2$, giải ra $(a;b)$ nếu tồn tại.

TH2: $z_1,z_2$ là hai nghiệm phức liên hợp, đặt $z_1=x+yi$, $z_2=x-yi$. Từ $z_1+2iz_2=-6+7i$, cân bằng phần thực/ảo ta được hệ phương trình bậc nhất theo $x,y$, giải ra $x,y$ rồi suy ra $(a;b)$ qua Vi-ét (nếu $y\ne0$ và $b^2\ge0$).

Tổng hợp cả hai trường hợp, ta được 2 cặp $(a;b)$ thỏa mãn.",Đạt,
660,Dạng 6 - Phương trình bậc hai có tham số,Nhân bản,61,Số nguyên,"Trên tập hợp các số phức, xét phương trình $z^2+4az+b^2+2=0$ ($a, b$ là các tham số thực). Có bao nhiêu cặp số thực $(a;b)$ sao cho phương trình đó có hai nghiệm $z_1, z_2$ thỏa mãn $z_1+2iz_2=7+4i$?

A. $3$.
B. $4$.
C. $5$.
D. $6$.",B. $4$.,"TH1: $z_1,z_2$ là hai nghiệm thực. Từ $z_1+2iz_2=7+4i$ suy ra $z_1=7$, $z_2=2$. Theo Vi-ét, $-4a=z_1+z_2$ và $b^2+2=z_1z_2$, giải ra $(a;b)$ nếu tồn tại.

TH2: $z_1,z_2$ là hai nghiệm phức liên hợp, đặt $z_1=x+yi$, $z_2=x-yi$. Từ $z_1+2iz_2=7+4i$, cân bằng phần thực/ảo ta được hệ phương trình bậc nhất theo $x,y$, giải ra $x,y$ rồi suy ra $(a;b)$ qua Vi-ét (nếu $y\ne0$ và $b^2\ge0$).

Tổng hợp cả hai trường hợp, ta được 4 cặp $(a;b)$ thỏa mãn.",Đạt,
661,Dạng 6 - Phương trình bậc hai có tham số,Nhân bản,61,Số hữu tỉ,"Trên tập hợp các số phức, xét phương trình $z^2+4az+b^2+2=0$ ($a, b$ là các tham số thực). Có bao nhiêu cặp số thực $(a;b)$ sao cho phương trình đó có hai nghiệm $z_1, z_2$ thỏa mãn $z_1+2iz_2=- \dfrac{10}{3}+\dfrac{1}{2}i$?

A. $1$.
B. $2$.
C. $3$.
D. $4$.",B. $2$.,"TH1: $z_1,z_2$ là hai nghiệm thực. Từ $z_1+2iz_2=- \dfrac{10}{3}+\dfrac{1}{2}i$ suy ra $z_1=- \dfrac{10}{3}$, $z_2=\dfrac{1}{4}$. Theo Vi-ét, $-4a=z_1+z_2$ và $b^2+2=z_1z_2$, giải ra $(a;b)$ nếu tồn tại.

TH2: $z_1,z_2$ là hai nghiệm phức liên hợp, đặt $z_1=x+yi$, $z_2=x-yi$. Từ $z_1+2iz_2=- \dfrac{10}{3}+\dfrac{1}{2}i$, cân bằng phần thực/ảo ta được hệ phương trình bậc nhất theo $x,y$, giải ra $x,y$ rồi suy ra $(a;b)$ qua Vi-ét (nếu $y\ne0$ và $b^2\ge0$).

Tổng hợp cả hai trường hợp, ta được 2 cặp $(a;b)$ thỏa mãn.",Đạt,
662,Dạng 6 - Phương trình bậc hai có tham số,Nhân bản,61,Số hữu tỉ,"Trên tập hợp các số phức, xét phương trình $z^2+4az+b^2+2=0$ ($a, b$ là các tham số thực). Có bao nhiêu cặp số thực $(a;b)$ sao cho phương trình đó có hai nghiệm $z_1, z_2$ thỏa mãn $z_1+2iz_2=\dfrac{11}{2}+\dfrac{4}{3}i$?

A. $3$.
B. $4$.
C. $5$.
D. $6$.",B. $4$.,"TH1: $z_1,z_2$ là hai nghiệm thực. Từ $z_1+2iz_2=\dfrac{11}{2}+\dfrac{4}{3}i$ suy ra $z_1=\dfrac{11}{2}$, $z_2=\dfrac{2}{3}$. Theo Vi-ét, $-4a=z_1+z_2$ và $b^2+2=z_1z_2$, giải ra $(a;b)$ nếu tồn tại.

TH2: $z_1,z_2$ là hai nghiệm phức liên hợp, đặt $z_1=x+yi$, $z_2=x-yi$. Từ $z_1+2iz_2=\dfrac{11}{2}+\dfrac{4}{3}i$, cân bằng phần thực/ảo ta được hệ phương trình bậc nhất theo $x,y$, giải ra $x,y$ rồi suy ra $(a;b)$ qua Vi-ét (nếu $y\ne0$ và $b^2\ge0$).

Tổng hợp cả hai trường hợp, ta được 4 cặp $(a;b)$ thỏa mãn.",Đạt,
663,Dạng 6 - Phương trình bậc hai có tham số,Nhân bản,61,Số hữu tỉ,"Trên tập hợp các số phức, xét phương trình $z^2+4az+b^2+2=0$ ($a, b$ là các tham số thực). Có bao nhiêu cặp số thực $(a;b)$ sao cho phương trình đó có hai nghiệm $z_1, z_2$ thỏa mãn $z_1+2iz_2=\dfrac{5}{3}+\dfrac{7}{2}i$?

A. $3$.
B. $4$.
C. $5$.
D. $6$.",B. $4$.,"TH1: $z_1,z_2$ là hai nghiệm thực. Từ $z_1+2iz_2=\dfrac{5}{3}+\dfrac{7}{2}i$ suy ra $z_1=\dfrac{5}{3}$, $z_2=\dfrac{7}{4}$. Theo Vi-ét, $-4a=z_1+z_2$ và $b^2+2=z_1z_2$, giải ra $(a;b)$ nếu tồn tại.

TH2: $z_1,z_2$ là hai nghiệm phức liên hợp, đặt $z_1=x+yi$, $z_2=x-yi$. Từ $z_1+2iz_2=\dfrac{5}{3}+\dfrac{7}{2}i$, cân bằng phần thực/ảo ta được hệ phương trình bậc nhất theo $x,y$, giải ra $x,y$ rồi suy ra $(a;b)$ qua Vi-ét (nếu $y\ne0$ và $b^2\ge0$).

Tổng hợp cả hai trường hợp, ta được 4 cặp $(a;b)$ thỏa mãn.",Đạt,
664,Dạng 6 - Phương trình bậc hai có tham số,Nhân bản,61,Số hữu tỉ,"Trên tập hợp các số phức, xét phương trình $z^2+4az+b^2+2=0$ ($a, b$ là các tham số thực). Có bao nhiêu cặp số thực $(a;b)$ sao cho phương trình đó có hai nghiệm $z_1, z_2$ thỏa mãn $z_1+2iz_2=- \dfrac{11}{4}-\dfrac{7}{3}i$?

A. $1$.
B. $2$.
C. $3$.
D. $4$.",B. $2$.,"TH1: $z_1,z_2$ là hai nghiệm thực. Từ $z_1+2iz_2=- \dfrac{11}{4}-\dfrac{7}{3}i$ suy ra $z_1=- \dfrac{11}{4}$, $z_2=- \dfrac{7}{6}$. Theo Vi-ét, $-4a=z_1+z_2$ và $b^2+2=z_1z_2$, giải ra $(a;b)$ nếu tồn tại.

TH2: $z_1,z_2$ là hai nghiệm phức liên hợp, đặt $z_1=x+yi$, $z_2=x-yi$. Từ $z_1+2iz_2=- \dfrac{11}{4}-\dfrac{7}{3}i$, cân bằng phần thực/ảo ta được hệ phương trình bậc nhất theo $x,y$, giải ra $x,y$ rồi suy ra $(a;b)$ qua Vi-ét (nếu $y\ne0$ và $b^2\ge0$).

Tổng hợp cả hai trường hợp, ta được 2 cặp $(a;b)$ thỏa mãn.",Đạt,
665,Dạng 6 - Phương trình bậc hai có tham số,Nhân bản,61,Số hữu tỉ,"Trên tập hợp các số phức, xét phương trình $z^2+4az+b^2+2=0$ ($a, b$ là các tham số thực). Có bao nhiêu cặp số thực $(a;b)$ sao cho phương trình đó có hai nghiệm $z_1, z_2$ thỏa mãn $z_1+2iz_2=\dfrac{11}{2}+\dfrac{8}{3}i$?

A. $3$.
B. $4$.
C. $5$.
D. $6$.",B. $4$.,"TH1: $z_1,z_2$ là hai nghiệm thực. Từ $z_1+2iz_2=\dfrac{11}{2}+\dfrac{8}{3}i$ suy ra $z_1=\dfrac{11}{2}$, $z_2=\dfrac{4}{3}$. Theo Vi-ét, $-4a=z_1+z_2$ và $b^2+2=z_1z_2$, giải ra $(a;b)$ nếu tồn tại.

TH2: $z_1,z_2$ là hai nghiệm phức liên hợp, đặt $z_1=x+yi$, $z_2=x-yi$. Từ $z_1+2iz_2=\dfrac{11}{2}+\dfrac{8}{3}i$, cân bằng phần thực/ảo ta được hệ phương trình bậc nhất theo $x,y$, giải ra $x,y$ rồi suy ra $(a;b)$ qua Vi-ét (nếu $y\ne0$ và $b^2\ge0$).

Tổng hợp cả hai trường hợp, ta được 4 cặp $(a;b)$ thỏa mãn.",Đạt,
666,Dạng 6 - Phương trình bậc hai có tham số,Nhân bản,61,Số hữu tỉ,"Trên tập hợp các số phức, xét phương trình $z^2+4az+b^2+2=0$ ($a, b$ là các tham số thực). Có bao nhiêu cặp số thực $(a;b)$ sao cho phương trình đó có hai nghiệm $z_1, z_2$ thỏa mãn $z_1+2iz_2=- \dfrac{3}{4}+\dfrac{9}{4}i$?

A. $1$.
B. $2$.
C. $3$.
D. $4$.",B. $2$.,"TH1: $z_1,z_2$ là hai nghiệm thực. Từ $z_1+2iz_2=- \dfrac{3}{4}+\dfrac{9}{4}i$ suy ra $z_1=- \dfrac{3}{4}$, $z_2=\dfrac{9}{8}$. Theo Vi-ét, $-4a=z_1+z_2$ và $b^2+2=z_1z_2$, giải ra $(a;b)$ nếu tồn tại.

TH2: $z_1,z_2$ là hai nghiệm phức liên hợp, đặt $z_1=x+yi$, $z_2=x-yi$. Từ $z_1+2iz_2=- \dfrac{3}{4}+\dfrac{9}{4}i$, cân bằng phần thực/ảo ta được hệ phương trình bậc nhất theo $x,y$, giải ra $x,y$ rồi suy ra $(a;b)$ qua Vi-ét (nếu $y\ne0$ và $b^2\ge0$).

Tổng hợp cả hai trường hợp, ta được 2 cặp $(a;b)$ thỏa mãn.",Đạt,
667,Dạng 6 - Phương trình bậc hai có tham số,Nhân bản,61,Số vô tỉ,"Trên tập hợp các số phức, xét phương trình $z^2+4az+b^2+2=0$ ($a, b$ là các tham số thực). Có bao nhiêu cặp số thực $(a;b)$ sao cho phương trình đó có hai nghiệm $z_1, z_2$ thỏa mãn $z_1+2iz_2=2 \sqrt{7}-2i$?

A. $1$.
B. $2$.
C. $3$.
D. $4$.",B. $2$.,"TH1: $z_1,z_2$ là hai nghiệm thực. Từ $z_1+2iz_2=2 \sqrt{7}-2i$ suy ra $z_1=2 \sqrt{7}$, $z_2=-1$. Theo Vi-ét, $-4a=z_1+z_2$ và $b^2+2=z_1z_2$, giải ra $(a;b)$ nếu tồn tại.

TH2: $z_1,z_2$ là hai nghiệm phức liên hợp, đặt $z_1=x+yi$, $z_2=x-yi$. Từ $z_1+2iz_2=2 \sqrt{7}-2i$, cân bằng phần thực/ảo ta được hệ phương trình bậc nhất theo $x,y$, giải ra $x,y$ rồi suy ra $(a;b)$ qua Vi-ét (nếu $y\ne0$ và $b^2\ge0$).

Tổng hợp cả hai trường hợp, ta được 2 cặp $(a;b)$ thỏa mãn.",Đạt,
668,Dạng 6 - Phương trình bậc hai có tham số,Nhân bản,61,Số vô tỉ,"Trên tập hợp các số phức, xét phương trình $z^2+4az+b^2+2=0$ ($a, b$ là các tham số thực). Có bao nhiêu cặp số thực $(a;b)$ sao cho phương trình đó có hai nghiệm $z_1, z_2$ thỏa mãn $z_1+2iz_2=1-4 \sqrt{2}i$?

A. $1$.
B. $2$.
C. $3$.
D. $4$.",B. $2$.,"TH1: $z_1,z_2$ là hai nghiệm thực. Từ $z_1+2iz_2=1-4 \sqrt{2}i$ suy ra $z_1=1$, $z_2=- 2 \sqrt{2}$. Theo Vi-ét, $-4a=z_1+z_2$ và $b^2+2=z_1z_2$, giải ra $(a;b)$ nếu tồn tại.

TH2: $z_1,z_2$ là hai nghiệm phức liên hợp, đặt $z_1=x+yi$, $z_2=x-yi$. Từ $z_1+2iz_2=1-4 \sqrt{2}i$, cân bằng phần thực/ảo ta được hệ phương trình bậc nhất theo $x,y$, giải ra $x,y$ rồi suy ra $(a;b)$ qua Vi-ét (nếu $y\ne0$ và $b^2\ge0$).

Tổng hợp cả hai trường hợp, ta được 2 cặp $(a;b)$ thỏa mãn.",Đạt,
669,Dạng 6 - Phương trình bậc hai có tham số,Nhân bản,61,Số vô tỉ,"Trên tập hợp các số phức, xét phương trình $z^2+4az+b^2+2=0$ ($a, b$ là các tham số thực). Có bao nhiêu cặp số thực $(a;b)$ sao cho phương trình đó có hai nghiệm $z_1, z_2$ thỏa mãn $z_1+2iz_2=-4-3 \sqrt{11}i$?

A. $3$.
B. $4$.
C. $5$.
D. $6$.",B. $4$.,"TH1: $z_1,z_2$ là hai nghiệm thực. Từ $z_1+2iz_2=-4-3 \sqrt{11}i$ suy ra $z_1=-4$, $z_2=- \dfrac{3 \sqrt{11}}{2}$. Theo Vi-ét, $-4a=z_1+z_2$ và $b^2+2=z_1z_2$, giải ra $(a;b)$ nếu tồn tại.

TH2: $z_1,z_2$ là hai nghiệm phức liên hợp, đặt $z_1=x+yi$, $z_2=x-yi$. Từ $z_1+2iz_2=-4-3 \sqrt{11}i$, cân bằng phần thực/ảo ta được hệ phương trình bậc nhất theo $x,y$, giải ra $x,y$ rồi suy ra $(a;b)$ qua Vi-ét (nếu $y\ne0$ và $b^2\ge0$).

Tổng hợp cả hai trường hợp, ta được 4 cặp $(a;b)$ thỏa mãn.",Đạt,
670,Dạng 6 - Phương trình bậc hai có tham số,Nhân bản,61,Số vô tỉ,"Trên tập hợp các số phức, xét phương trình $z^2+4az+b^2+2=0$ ($a, b$ là các tham số thực). Có bao nhiêu cặp số thực $(a;b)$ sao cho phương trình đó có hai nghiệm $z_1, z_2$ thỏa mãn $z_1+2iz_2=4+\sqrt{5}i$?

A. $3$.
B. $4$.
C. $5$.
D. $6$.",B. $4$.,"TH1: $z_1,z_2$ là hai nghiệm thực. Từ $z_1+2iz_2=4+\sqrt{5}i$ suy ra $z_1=4$, $z_2=\dfrac{\sqrt{5}}{2}$. Theo Vi-ét, $-4a=z_1+z_2$ và $b^2+2=z_1z_2$, giải ra $(a;b)$ nếu tồn tại.

TH2: $z_1,z_2$ là hai nghiệm phức liên hợp, đặt $z_1=x+yi$, $z_2=x-yi$. Từ $z_1+2iz_2=4+\sqrt{5}i$, cân bằng phần thực/ảo ta được hệ phương trình bậc nhất theo $x,y$, giải ra $x,y$ rồi suy ra $(a;b)$ qua Vi-ét (nếu $y\ne0$ và $b^2\ge0$).

Tổng hợp cả hai trường hợp, ta được 4 cặp $(a;b)$ thỏa mãn.",Đạt,
671,Dạng 6 - Phương trình bậc hai có tham số,Nhân bản,61,Số vô tỉ,"Trên tập hợp các số phức, xét phương trình $z^2+4az+b^2+2=0$ ($a, b$ là các tham số thực). Có bao nhiêu cặp số thực $(a;b)$ sao cho phương trình đó có hai nghiệm $z_1, z_2$ thỏa mãn $z_1+2iz_2=-1-4 \sqrt{7}i$?

A. $3$.
B. $4$.
C. $5$.
D. $6$.",B. $4$.,"TH1: $z_1,z_2$ là hai nghiệm thực. Từ $z_1+2iz_2=-1-4 \sqrt{7}i$ suy ra $z_1=-1$, $z_2=- 2 \sqrt{7}$. Theo Vi-ét, $-4a=z_1+z_2$ và $b^2+2=z_1z_2$, giải ra $(a;b)$ nếu tồn tại.

TH2: $z_1,z_2$ là hai nghiệm phức liên hợp, đặt $z_1=x+yi$, $z_2=x-yi$. Từ $z_1+2iz_2=-1-4 \sqrt{7}i$, cân bằng phần thực/ảo ta được hệ phương trình bậc nhất theo $x,y$, giải ra $x,y$ rồi suy ra $(a;b)$ qua Vi-ét (nếu $y\ne0$ và $b^2\ge0$).

Tổng hợp cả hai trường hợp, ta được 4 cặp $(a;b)$ thỏa mãn.",Đạt,
672,Dạng 6 - Phương trình bậc hai có tham số,Nhân bản,61,Số vô tỉ,"Trên tập hợp các số phức, xét phương trình $z^2+4az+b^2+2=0$ ($a, b$ là các tham số thực). Có bao nhiêu cặp số thực $(a;b)$ sao cho phương trình đó có hai nghiệm $z_1, z_2$ thỏa mãn $z_1+2iz_2=-1+2 \sqrt{5}i$?

A. $1$.
B. $2$.
C. $3$.
D. $4$.",B. $2$.,"TH1: $z_1,z_2$ là hai nghiệm thực. Từ $z_1+2iz_2=-1+2 \sqrt{5}i$ suy ra $z_1=-1$, $z_2=\sqrt{5}$. Theo Vi-ét, $-4a=z_1+z_2$ và $b^2+2=z_1z_2$, giải ra $(a;b)$ nếu tồn tại.

TH2: $z_1,z_2$ là hai nghiệm phức liên hợp, đặt $z_1=x+yi$, $z_2=x-yi$. Từ $z_1+2iz_2=-1+2 \sqrt{5}i$, cân bằng phần thực/ảo ta được hệ phương trình bậc nhất theo $x,y$, giải ra $x,y$ rồi suy ra $(a;b)$ qua Vi-ét (nếu $y\ne0$ và $b^2\ge0$).

Tổng hợp cả hai trường hợp, ta được 2 cặp $(a;b)$ thỏa mãn.",Đạt,
673,Dạng 7 - Cực trị & vận dụng cao,Nhân bản,12,Số nguyên,"Xét các số phức $z$ thỏa mãn $|z+1+7i|+|z-3-i| = 4 \sqrt{5}$. Gọi $m, M$ lần lượt là giá trị nhỏ nhất, giá trị lớn nhất của $|z+1-8i|$. Tính $P=m+M$.

A. $P=\sqrt{65} + 15$.
B. $P=15 - \sqrt{65}$.
C. $P=15 \sqrt{65}$.
D. $P=30$.",A. $P=\sqrt{65} + 15$.,"Gọi $M_0(x;y)$ là điểm biểu diễn của $z$, $A(-1;-7)$, $B(3;1)$, $C(-1;8)$. Ta có $AB=4 \sqrt{5}$ nên $M_0A+M_0B=AB \Rightarrow M_0$ thuộc đoạn $AB$. Tham số hóa theo $x\in[-1;3]$, biểu diễn $|z+1-8i|^2$ thành hàm bậc hai theo $x$, khảo sát trên đoạn để tìm min $=m^2=65$, max $=M^2=225$. Suy ra $P=m+M=\sqrt{65} + 15$.",Đạt,
674,Dạng 7 - Cực trị & vận dụng cao,Nhân bản,12,Số nguyên,"Xét các số phức $z$ thỏa mãn $|z+1-8i|+|z-4-2i| = \sqrt{61}$. Gọi $m, M$ lần lượt là giá trị nhỏ nhất, giá trị lớn nhất của $|z-4-3i|$. Tính $P=m+M$.

A. $P=\dfrac{5 \sqrt{61}}{61} + 5 \sqrt{2}$.
B. $P=- \dfrac{5 \sqrt{61}}{61} + 5 \sqrt{2}$.
C. $P=\dfrac{25 \sqrt{122}}{61}$.
D. $P=10 \sqrt{2}$.",A. $P=\dfrac{5 \sqrt{61}}{61} + 5 \sqrt{2}$.,"Gọi $M_0(x;y)$ là điểm biểu diễn của $z$, $A(-1;8)$, $B(4;2)$, $C(4;3)$. Ta có $AB=\sqrt{61}$ nên $M_0A+M_0B=AB \Rightarrow M_0$ thuộc đoạn $AB$. Tham số hóa theo $x\in[-1;4]$, biểu diễn $|z-4-3i|^2$ thành hàm bậc hai theo $x$, khảo sát trên đoạn để tìm min $=m^2=\dfrac{25}{61}$, max $=M^2=50$. Suy ra $P=m+M=\dfrac{5 \sqrt{61}}{61} + 5 \sqrt{2}$.",Đạt,
675,Dạng 7 - Cực trị & vận dụng cao,Nhân bản,12,Số nguyên,"Xét các số phức $z$ thỏa mãn $|z-1+9i|+|z+9-5i| = 2 \sqrt{74}$. Gọi $m, M$ lần lượt là giá trị nhỏ nhất, giá trị lớn nhất của $|z+9-4i|$. Tính $P=m+M$.

A. $P=\dfrac{5 \sqrt{74}}{74} + \sqrt{269}$.
B. $P=- \dfrac{5 \sqrt{74}}{74} + \sqrt{269}$.
C. $P=\dfrac{5 \sqrt{19906}}{74}$.
D. $P=2 \sqrt{269}$.",A. $P=\dfrac{5 \sqrt{74}}{74} + \sqrt{269}$.,"Gọi $M_0(x;y)$ là điểm biểu diễn của $z$, $A(1;-9)$, $B(-9;5)$, $C(-9;4)$. Ta có $AB=2 \sqrt{74}$ nên $M_0A+M_0B=AB \Rightarrow M_0$ thuộc đoạn $AB$. Tham số hóa theo $x\in[-9;1]$, biểu diễn $|z+9-4i|^2$ thành hàm bậc hai theo $x$, khảo sát trên đoạn để tìm min $=m^2=\dfrac{25}{74}$, max $=M^2=269$. Suy ra $P=m+M=\dfrac{5 \sqrt{74}}{74} + \sqrt{269}$.",Đạt,
676,Dạng 7 - Cực trị & vận dụng cao,Nhân bản,12,Số nguyên,"Xét các số phức $z$ thỏa mãn $|z-4+4i|+|z+6+9i| = 5 \sqrt{5}$. Gọi $m, M$ lần lượt là giá trị nhỏ nhất, giá trị lớn nhất của $|z+1+6i|$. Tính $P=m+M$.

A. $P=\dfrac{\sqrt{5}}{5} + \sqrt{34}$.
B. $P=- \dfrac{\sqrt{5}}{5} + \sqrt{34}$.
C. $P=\dfrac{\sqrt{170}}{5}$.
D. $P=2 \sqrt{34}$.",A. $P=\dfrac{\sqrt{5}}{5} + \sqrt{34}$.,"Gọi $M_0(x;y)$ là điểm biểu diễn của $z$, $A(4;-4)$, $B(-6;-9)$, $C(-1;-6)$. Ta có $AB=5 \sqrt{5}$ nên $M_0A+M_0B=AB \Rightarrow M_0$ thuộc đoạn $AB$. Tham số hóa theo $x\in[-6;4]$, biểu diễn $|z+1+6i|^2$ thành hàm bậc hai theo $x$, khảo sát trên đoạn để tìm min $=m^2=\dfrac{1}{5}$, max $=M^2=34$. Suy ra $P=m+M=\dfrac{\sqrt{5}}{5} + \sqrt{34}$.",Đạt,
677,Dạng 7 - Cực trị & vận dụng cao,Nhân bản,12,Số nguyên,"Xét các số phức $z$ thỏa mãn $|z+3+2i|+|z-2-i| = \sqrt{34}$. Gọi $m, M$ lần lượt là giá trị nhỏ nhất, giá trị lớn nhất của $|z-6+6i|$. Tính $P=m+M$.

A. $P=\dfrac{47 \sqrt{34}}{34} + \sqrt{97}$.
B. $P=- \dfrac{47 \sqrt{34}}{34} + \sqrt{97}$.
C. $P=\dfrac{47 \sqrt{3298}}{34}$.
D. $P=2 \sqrt{97}$.",A. $P=\dfrac{47 \sqrt{34}}{34} + \sqrt{97}$.,"Gọi $M_0(x;y)$ là điểm biểu diễn của $z$, $A(-3;-2)$, $B(2;1)$, $C(6;-6)$. Ta có $AB=\sqrt{34}$ nên $M_0A+M_0B=AB \Rightarrow M_0$ thuộc đoạn $AB$. Tham số hóa theo $x\in[-3;2]$, biểu diễn $|z-6+6i|^2$ thành hàm bậc hai theo $x$, khảo sát trên đoạn để tìm min $=m^2=\dfrac{2209}{34}$, max $=M^2=97$. Suy ra $P=m+M=\dfrac{47 \sqrt{34}}{34} + \sqrt{97}$.",Đạt,
678,Dạng 7 - Cực trị & vận dụng cao,Nhân bản,12,Số hữu tỉ,"Xét các số phức $z$ thỏa mãn $|z+\dfrac{7}{3}+\dfrac{7}{4}i|+|z+\dfrac{11}{3}-\dfrac{8}{5}i| = \dfrac{\sqrt{46801}}{60}$. Gọi $m, M$ lần lượt là giá trị nhỏ nhất, giá trị lớn nhất của $|z-\dfrac{8}{5}-\dfrac{7}{2}i|$. Tính $P=m+M$.

A. $P=\dfrac{6053 \sqrt{46801}}{234005} + \dfrac{\sqrt{154921}}{60}$.
B. $P=- \dfrac{6053 \sqrt{46801}}{234005} + \dfrac{\sqrt{154921}}{60}$.
C. $P=\dfrac{6053 \sqrt{25088089}}{825900}$.
D. $P=\dfrac{\sqrt{154921}}{30}$.",A. $P=\dfrac{6053 \sqrt{46801}}{234005} + \dfrac{\sqrt{154921}}{60}$.,"Gọi $M_0(x;y)$ là điểm biểu diễn của $z$, $A(- \dfrac{7}{3};- \dfrac{7}{4})$, $B(- \dfrac{11}{3};\dfrac{8}{5})$, $C(\dfrac{8}{5};\dfrac{7}{2})$. Ta có $AB=\dfrac{\sqrt{46801}}{60}$ nên $M_0A+M_0B=AB \Rightarrow M_0$ thuộc đoạn $AB$. Tham số hóa theo $x\in[- \dfrac{11}{3};- \dfrac{7}{3}]$, biểu diễn $|z-\dfrac{8}{5}-\dfrac{7}{2}i|^2$ thành hàm bậc hai theo $x$, khảo sát trên đoạn để tìm min $=m^2=\dfrac{36638809}{1170025}$, max $=M^2=\dfrac{154921}{3600}$. Suy ra $P=m+M=\dfrac{6053 \sqrt{46801}}{234005} + \dfrac{\sqrt{154921}}{60}$.",Đạt,
679,Dạng 7 - Cực trị & vận dụng cao,Nhân bản,12,Số hữu tỉ,"Xét các số phức $z$ thỏa mãn $|z-\dfrac{4}{3}-\dfrac{4}{5}i|+|z-\dfrac{7}{3}-\dfrac{2}{5}i| = \dfrac{\sqrt{29}}{5}$. Gọi $m, M$ lần lượt là giá trị nhỏ nhất, giá trị lớn nhất của $|z-\dfrac{5}{2}-\dfrac{7}{5}i|$. Tính $P=m+M$.

A. $P=\dfrac{16 \sqrt{29}}{87} + \dfrac{\sqrt{1549}}{30}$.
B. $P=- \dfrac{16 \sqrt{29}}{87} + \dfrac{\sqrt{1549}}{30}$.
C. $P=\dfrac{8 \sqrt{44921}}{1305}$.
D. $P=\dfrac{\sqrt{1549}}{15}$.",A. $P=\dfrac{16 \sqrt{29}}{87} + \dfrac{\sqrt{1549}}{30}$.,"Gọi $M_0(x;y)$ là điểm biểu diễn của $z$, $A(\dfrac{4}{3};\dfrac{4}{5})$, $B(\dfrac{7}{3};\dfrac{2}{5})$, $C(\dfrac{5}{2};\dfrac{7}{5})$. Ta có $AB=\dfrac{\sqrt{29}}{5}$ nên $M_0A+M_0B=AB \Rightarrow M_0$ thuộc đoạn $AB$. Tham số hóa theo $x\in[\dfrac{4}{3};\dfrac{7}{3}]$, biểu diễn $|z-\dfrac{5}{2}-\dfrac{7}{5}i|^2$ thành hàm bậc hai theo $x$, khảo sát trên đoạn để tìm min $=m^2=\dfrac{256}{261}$, max $=M^2=\dfrac{1549}{900}$. Suy ra $P=m+M=\dfrac{16 \sqrt{29}}{87} + \dfrac{\sqrt{1549}}{30}$.",Đạt,
680,Dạng 7 - Cực trị & vận dụng cao,Nhân bản,12,Số hữu tỉ,"Xét các số phức $z$ thỏa mãn $|z+\dfrac{1}{3}-\dfrac{7}{2}i|+|z+\dfrac{5}{4}+\dfrac{7}{4}i| = \dfrac{\sqrt{4090}}{12}$. Gọi $m, M$ lần lượt là giá trị nhỏ nhất, giá trị lớn nhất của $|z+\dfrac{5}{2}+\dfrac{5}{2}i|$. Tính $P=m+M$.

A. $P=\dfrac{\sqrt{34}}{4} + \dfrac{\sqrt{1465}}{6}$.
B. $P=- \dfrac{\sqrt{34}}{4} + \dfrac{\sqrt{1465}}{6}$.
C. $P=\dfrac{\sqrt{49810}}{24}$.
D. $P=\dfrac{\sqrt{1465}}{3}$.",A. $P=\dfrac{\sqrt{34}}{4} + \dfrac{\sqrt{1465}}{6}$.,"Gọi $M_0(x;y)$ là điểm biểu diễn của $z$, $A(- \dfrac{1}{3};\dfrac{7}{2})$, $B(- \dfrac{5}{4};- \dfrac{7}{4})$, $C(- \dfrac{5}{2};- \dfrac{5}{2})$. Ta có $AB=\dfrac{\sqrt{4090}}{12}$ nên $M_0A+M_0B=AB \Rightarrow M_0$ thuộc đoạn $AB$. Tham số hóa theo $x\in[- \dfrac{5}{4};- \dfrac{1}{3}]$, biểu diễn $|z+\dfrac{5}{2}+\dfrac{5}{2}i|^2$ thành hàm bậc hai theo $x$, khảo sát trên đoạn để tìm min $=m^2=\dfrac{17}{8}$, max $=M^2=\dfrac{1465}{36}$. Suy ra $P=m+M=\dfrac{\sqrt{34}}{4} + \dfrac{\sqrt{1465}}{6}$.",Đạt,
681,Dạng 7 - Cực trị & vận dụng cao,Nhân bản,12,Số hữu tỉ,"Xét các số phức $z$ thỏa mãn $|z+\dfrac{4}{5}-\dfrac{7}{2}i|+|z-\dfrac{10}{3}+\dfrac{1}{2}i| = \dfrac{2 \sqrt{1861}}{15}$. Gọi $m, M$ lần lượt là giá trị nhỏ nhất, giá trị lớn nhất của $|z+\dfrac{3}{2}-\dfrac{4}{3}i|$. Tính $P=m+M$.

A. $P=\dfrac{529 \sqrt{1861}}{11166} + \dfrac{\sqrt{962}}{6}$.
B. $P=- \dfrac{529 \sqrt{1861}}{11166} + \dfrac{\sqrt{962}}{6}$.
C. $P=\dfrac{529 \sqrt{1790282}}{66996}$.
D. $P=\dfrac{\sqrt{962}}{3}$.",A. $P=\dfrac{529 \sqrt{1861}}{11166} + \dfrac{\sqrt{962}}{6}$.,"Gọi $M_0(x;y)$ là điểm biểu diễn của $z$, $A(- \dfrac{4}{5};\dfrac{7}{2})$, $B(\dfrac{10}{3};- \dfrac{1}{2})$, $C(- \dfrac{3}{2};\dfrac{4}{3})$. Ta có $AB=\dfrac{2 \sqrt{1861}}{15}$ nên $M_0A+M_0B=AB \Rightarrow M_0$ thuộc đoạn $AB$. Tham số hóa theo $x\in[- \dfrac{4}{5};\dfrac{10}{3}]$, biểu diễn $|z+\dfrac{3}{2}-\dfrac{4}{3}i|^2$ thành hàm bậc hai theo $x$, khảo sát trên đoạn để tìm min $=m^2=\dfrac{279841}{66996}$, max $=M^2=\dfrac{481}{18}$. Suy ra $P=m+M=\dfrac{529 \sqrt{1861}}{11166} + \dfrac{\sqrt{962}}{6}$.",Đạt,
682,Dạng 7 - Cực trị & vận dụng cao,Nhân bản,12,Số hữu tỉ,"Xét các số phức $z$ thỏa mãn $|z-\dfrac{11}{4}+\dfrac{11}{4}i|+|z+\dfrac{7}{3}+\dfrac{1}{5}i| = \dfrac{\sqrt{116434}}{60}$. Gọi $m, M$ lần lượt là giá trị nhỏ nhất, giá trị lớn nhất của $|z+\dfrac{6}{5}-\dfrac{2}{5}i|$. Tính $P=m+M$.

A. $P=\dfrac{891 \sqrt{116434}}{291085} + \dfrac{\sqrt{10210}}{20}$.
B. $P=- \dfrac{891 \sqrt{116434}}{291085} + \dfrac{\sqrt{10210}}{20}$.
C. $P=\dfrac{891 \sqrt{297197785}}{2910850}$.
D. $P=\dfrac{\sqrt{10210}}{10}$.",A. $P=\dfrac{891 \sqrt{116434}}{291085} + \dfrac{\sqrt{10210}}{20}$.,"Gọi $M_0(x;y)$ là điểm biểu diễn của $z$, $A(\dfrac{11}{4};- \dfrac{11}{4})$, $B(- \dfrac{7}{3};- \dfrac{1}{5})$, $C(- \dfrac{6}{5};\dfrac{2}{5})$. Ta có $AB=\dfrac{\sqrt{116434}}{60}$ nên $M_0A+M_0B=AB \Rightarrow M_0$ thuộc đoạn $AB$. Tham số hóa theo $x\in[- \dfrac{7}{3};\dfrac{11}{4}]$, biểu diễn $|z+\dfrac{6}{5}-\dfrac{2}{5}i|^2$ thành hàm bậc hai theo $x$, khảo sát trên đoạn để tìm min $=m^2=\dfrac{1587762}{1455425}$, max $=M^2=\dfrac{1021}{40}$. Suy ra $P=m+M=\dfrac{891 \sqrt{116434}}{291085} + \dfrac{\sqrt{10210}}{20}$.",Đạt,
683,Dạng 7 - Cực trị & vận dụng cao,Nhân bản,12,Số vô tỉ,"Xét các số phức $z$ thỏa mãn $|z-3 \sqrt{5}+5i|+|z+6+3 \sqrt{3}i| = \sqrt{\left(5 - 3 \sqrt{3}\right)^{2} + \left(- 3 \sqrt{5} - 6\right)^{2}}$. Gọi $m, M$ lần lượt là giá trị nhỏ nhất, giá trị lớn nhất của $|z+7-3 \sqrt{2}i|$. Tính $P=m+M$.

A. $P=\sqrt{18 \sqrt{6} + 46} + \sqrt{30 \sqrt{2} + 42 \sqrt{5} + 137}$.
B. $P=- \sqrt{18 \sqrt{6} + 46} + \sqrt{30 \sqrt{2} + 42 \sqrt{5} + 137}$.
C. $P=\sqrt{2} \sqrt{9 \sqrt{6} + 23} \sqrt{30 \sqrt{2} + 42 \sqrt{5} + 137}$.
D. $P=2 \sqrt{30 \sqrt{2} + 42 \sqrt{5} + 137}$.",A. $P=\sqrt{18 \sqrt{6} + 46} + \sqrt{30 \sqrt{2} + 42 \sqrt{5} + 137}$.,"Gọi $M_0(x;y)$ là điểm biểu diễn của $z$, $A(3 \sqrt{5};-5)$, $B(-6;- 3 \sqrt{3})$, $C(-7;3 \sqrt{2})$. Ta có $AB=\sqrt{\left(5 - 3 \sqrt{3}\right)^{2} + \left(- 3 \sqrt{5} - 6\right)^{2}}$ nên $M_0A+M_0B=AB \Rightarrow M_0$ thuộc đoạn $AB$. Tham số hóa theo $x\in[-6;3 \sqrt{5}]$, biểu diễn $|z+7-3 \sqrt{2}i|^2$ thành hàm bậc hai theo $x$, khảo sát trên đoạn để tìm min $=m^2=18 \sqrt{6} + 46$, max $=M^2=30 \sqrt{2} + 42 \sqrt{5} + 137$. Suy ra $P=m+M=\sqrt{18 \sqrt{6} + 46} + \sqrt{30 \sqrt{2} + 42 \sqrt{5} + 137}$.",Đạt,
684,Dạng 7 - Cực trị & vận dụng cao,Nhân bản,12,Số vô tỉ,"Xét các số phức $z$ thỏa mãn $|z+4 \sqrt{6}+\sqrt{6}i|+|z+2 \sqrt{11}-2 \sqrt{10}i| = \sqrt{\left(- 2 \sqrt{11} + 4 \sqrt{6}\right)^{2} + \left(\sqrt{6} + 2 \sqrt{10}\right)^{2}}$. Gọi $m, M$ lần lượt là giá trị nhỏ nhất, giá trị lớn nhất của $|z+6-3 \sqrt{10}i|$. Tính $P=m+M$.

A. $P=- 2 \sqrt{6} + \sqrt{66} + 2 \sqrt{- 12 \sqrt{6} + 3 \sqrt{15} + 57}$.
B. $P=- \sqrt{66} + 2 \sqrt{6} + 2 \sqrt{- 12 \sqrt{6} + 3 \sqrt{15} + 57}$.
C. $P=6 \left(- 2 \sqrt{2} + \sqrt{22}\right) \sqrt{- 4 \sqrt{6} + \sqrt{15} + 19}$.
D. $P=4 \sqrt{- 12 \sqrt{6} + 3 \sqrt{15} + 57}$.",A. $P=- 2 \sqrt{6} + \sqrt{66} + 2 \sqrt{- 12 \sqrt{6} + 3 \sqrt{15} + 57}$.,"Gọi $M_0(x;y)$ là điểm biểu diễn của $z$, $A(- 4 \sqrt{6};- \sqrt{6})$, $B(- 2 \sqrt{11};2 \sqrt{10})$, $C(-6;3 \sqrt{10})$. Ta có $AB=\sqrt{\left(- 2 \sqrt{11} + 4 \sqrt{6}\right)^{2} + \left(\sqrt{6} + 2 \sqrt{10}\right)^{2}}$ nên $M_0A+M_0B=AB \Rightarrow M_0$ thuộc đoạn $AB$. Tham số hóa theo $x\in[- 4 \sqrt{6};- 2 \sqrt{11}]$, biểu diễn $|z+6-3 \sqrt{10}i|^2$ thành hàm bậc hai theo $x$, khảo sát trên đoạn để tìm min $=m^2=90 - 24 \sqrt{11}$, max $=M^2=- 48 \sqrt{6} + 12 \sqrt{15} + 228$. Suy ra $P=m+M=- 2 \sqrt{6} + \sqrt{66} + 2 \sqrt{- 12 \sqrt{6} + 3 \sqrt{15} + 57}$.",Đạt,
685,Dạng 7 - Cực trị & vận dụng cao,Nhân bản,12,Số vô tỉ,"Xét các số phức $z$ thỏa mãn $|z+\sqrt{6}+\sqrt{2}i|+|z-\sqrt{10}+5i| = \sqrt{\left(-5 + \sqrt{2}\right)^{2} + \left(\sqrt{6} + \sqrt{10}\right)^{2}}$. Gọi $m, M$ lần lượt là giá trị nhỏ nhất, giá trị lớn nhất của $|z+\sqrt{10}-2 \sqrt{6}i|$. Tính $P=m+M$.

A. $P=\sqrt{- 4 \sqrt{15} + 8 \sqrt{3} + 42} + \sqrt{20 \sqrt{6} + 89}$.
B. $P=- \sqrt{- 4 \sqrt{15} + 8 \sqrt{3} + 42} + \sqrt{20 \sqrt{6} + 89}$.
C. $P=\sqrt{2} \sqrt{20 \sqrt{6} + 89} \sqrt{- 2 \sqrt{15} + 4 \sqrt{3} + 21}$.
D. $P=2 \sqrt{20 \sqrt{6} + 89}$.",A. $P=\sqrt{- 4 \sqrt{15} + 8 \sqrt{3} + 42} + \sqrt{20 \sqrt{6} + 89}$.,"Gọi $M_0(x;y)$ là điểm biểu diễn của $z$, $A(- \sqrt{6};- \sqrt{2})$, $B(\sqrt{10};-5)$, $C(- \sqrt{10};2 \sqrt{6})$. Ta có $AB=\sqrt{\left(-5 + \sqrt{2}\right)^{2} + \left(\sqrt{6} + \sqrt{10}\right)^{2}}$ nên $M_0A+M_0B=AB \Rightarrow M_0$ thuộc đoạn $AB$. Tham số hóa theo $x\in[- \sqrt{6};\sqrt{10}]$, biểu diễn $|z+\sqrt{10}-2 \sqrt{6}i|^2$ thành hàm bậc hai theo $x$, khảo sát trên đoạn để tìm min $=m^2=- 4 \sqrt{15} + 8 \sqrt{3} + 42$, max $=M^2=20 \sqrt{6} + 89$. Suy ra $P=m+M=\sqrt{- 4 \sqrt{15} + 8 \sqrt{3} + 42} + \sqrt{20 \sqrt{6} + 89}$.",Đạt,
686,Dạng 7 - Cực trị & vận dụng cao,Nhân bản,12,Số vô tỉ,"Xét các số phức $z$ thỏa mãn $|z-\sqrt{6}-6i|+|z+\sqrt{5}+3 \sqrt{5}i| = \sqrt{\left(- \sqrt{6} - \sqrt{5}\right)^{2} + \left(- 3 \sqrt{5} - 6\right)^{2}}$. Gọi $m, M$ lần lượt là giá trị nhỏ nhất, giá trị lớn nhất của $|z+1-3 \sqrt{7}i|$. Tính $P=m+M$.

A. $P=\sqrt{2} \left(\sqrt{- 18 \sqrt{7} + \sqrt{6} + 53} + \sqrt{- \sqrt{5} + 9 \sqrt{35} + 57}\right)$.
B. $P=\sqrt{2} \left(- \sqrt{- 18 \sqrt{7} + \sqrt{6} + 53} + \sqrt{- \sqrt{5} + 9 \sqrt{35} + 57}\right)$.
C. $P=2 \sqrt{- 1026 \sqrt{7} - 1187 \sqrt{5} - \sqrt{30} + 9 \sqrt{210} + 57 \sqrt{6} + 495 \sqrt{35} + 3021}$.
D. $P=2 \sqrt{- 2 \sqrt{5} + 18 \sqrt{35} + 114}$.",A. $P=\sqrt{2} \left(\sqrt{- 18 \sqrt{7} + \sqrt{6} + 53} + \sqrt{- \sqrt{5} + 9 \sqrt{35} + 57}\right)$.,"Gọi $M_0(x;y)$ là điểm biểu diễn của $z$, $A(\sqrt{6};6)$, $B(- \sqrt{5};- 3 \sqrt{5})$, $C(-1;3 \sqrt{7})$. Ta có $AB=\sqrt{\left(- \sqrt{6} - \sqrt{5}\right)^{2} + \left(- 3 \sqrt{5} - 6\right)^{2}}$ nên $M_0A+M_0B=AB \Rightarrow M_0$ thuộc đoạn $AB$. Tham số hóa theo $x\in[- \sqrt{5};\sqrt{6}]$, biểu diễn $|z+1-3 \sqrt{7}i|^2$ thành hàm bậc hai theo $x$, khảo sát trên đoạn để tìm min $=m^2=- 36 \sqrt{7} + 2 \sqrt{6} + 106$, max $=M^2=- 2 \sqrt{5} + 18 \sqrt{35} + 114$. Suy ra $P=m+M=\sqrt{2} \left(\sqrt{- 18 \sqrt{7} + \sqrt{6} + 53} + \sqrt{- \sqrt{5} + 9 \sqrt{35} + 57}\right)$.",Đạt,
687,Dạng 7 - Cực trị & vận dụng cao,Nhân bản,12,Số vô tỉ,"Xét các số phức $z$ thỏa mãn $|z-7-2 \sqrt{2}i|+|z-4 \sqrt{6}+4 \sqrt{7}i| = \sqrt{\left(-7 + 4 \sqrt{6}\right)^{2} + \left(- 4 \sqrt{7} - 2 \sqrt{2}\right)^{2}}$. Gọi $m, M$ lần lượt là giá trị nhỏ nhất, giá trị lớn nhất của $|z-1-4 \sqrt{11}i|$. Tính $P=m+M$.

A. $P=2 \sqrt{55 - 4 \sqrt{22}} + \sqrt{- 8 \sqrt{6} + 32 \sqrt{77} + 385}$.
B. $P=- 2 \sqrt{55 - 4 \sqrt{22}} + \sqrt{- 8 \sqrt{6} + 32 \sqrt{77} + 385}$.
C. $P=2 \sqrt{55 - 4 \sqrt{22}} \sqrt{- 8 \sqrt{6} + 32 \sqrt{77} + 385}$.
D. $P=2 \sqrt{- 8 \sqrt{6} + 32 \sqrt{77} + 385}$.",A. $P=2 \sqrt{55 - 4 \sqrt{22}} + \sqrt{- 8 \sqrt{6} + 32 \sqrt{77} + 385}$.,"Gọi $M_0(x;y)$ là điểm biểu diễn của $z$, $A(7;2 \sqrt{2})$, $B(4 \sqrt{6};- 4 \sqrt{7})$, $C(1;4 \sqrt{11})$. Ta có $AB=\sqrt{\left(-7 + 4 \sqrt{6}\right)^{2} + \left(- 4 \sqrt{7} - 2 \sqrt{2}\right)^{2}}$ nên $M_0A+M_0B=AB \Rightarrow M_0$ thuộc đoạn $AB$. Tham số hóa theo $x\in[7;4 \sqrt{6}]$, biểu diễn $|z-1-4 \sqrt{11}i|^2$ thành hàm bậc hai theo $x$, khảo sát trên đoạn để tìm min $=m^2=220 - 16 \sqrt{22}$, max $=M^2=- 8 \sqrt{6} + 32 \sqrt{77} + 385$. Suy ra $P=m+M=2 \sqrt{55 - 4 \sqrt{22}} + \sqrt{- 8 \sqrt{6} + 32 \sqrt{77} + 385}$.",Đạt,
688,Dạng 7 - Cực trị & vận dụng cao,Nhân bản,27,Số nguyên,"Gọi $S$ là tập hợp tất cả các số phức $z$ sao cho số phức $w=\dfrac{1}{|z|-z}$ có phần thực bằng $\dfrac{1}{12}$. Xét các số phức $z_1, z_2 \in S$ thỏa mãn $|z_1-z_2|=2$, giá trị lớn nhất của $P=|z_1+4i|^2-|z_2+4i|^2$ bằng

A. $-8$.
B. $-16$.
C. $-32$.
D. $-24$.",B. $-16$.,"Gọi $z=x+yi$, biến đổi phần thực của $w$ bằng $\dfrac{1}{12}$ ta được $\sqrt{x^2+y^2}=6$, nên tập hợp điểm biểu diễn $z$ là đường tròn $(O;6)$. Gọi $A,B$ biểu diễn $z_1,z_2$, $I(0;-4)$, $AB=2$. Khi đó $P=AI^2-BI^2=2\overrightarrow{OI}\cdot\overrightarrow{AB}\le 2\cdot OI\cdot AB = -16$.",Đạt,
689,Dạng 7 - Cực trị & vận dụng cao,Nhân bản,27,Số nguyên,"Gọi $S$ là tập hợp tất cả các số phức $z$ sao cho số phức $w=\dfrac{1}{|z|-z}$ có phần thực bằng $\dfrac{1}{6}$. Xét các số phức $z_1, z_2 \in S$ thỏa mãn $|z_1-z_2|=\dfrac{3}{2}$, giá trị lớn nhất của $P=|z_1+9i|^2-|z_2+9i|^2$ bằng

A. $- \dfrac{27}{2}$.
B. $-27$.
C. $-54$.
D. $-26$.",B. $-27$.,"Gọi $z=x+yi$, biến đổi phần thực của $w$ bằng $\dfrac{1}{6}$ ta được $\sqrt{x^2+y^2}=3$, nên tập hợp điểm biểu diễn $z$ là đường tròn $(O;3)$. Gọi $A,B$ biểu diễn $z_1,z_2$, $I(0;-9)$, $AB=\dfrac{3}{2}$. Khi đó $P=AI^2-BI^2=2\overrightarrow{OI}\cdot\overrightarrow{AB}\le 2\cdot OI\cdot AB = -27$.",Đạt,
690,Dạng 7 - Cực trị & vận dụng cao,Nhân bản,27,Số nguyên,"Gọi $S$ là tập hợp tất cả các số phức $z$ sao cho số phức $w=\dfrac{1}{|z|-z}$ có phần thực bằng $\dfrac{1}{12}$. Xét các số phức $z_1, z_2 \in S$ thỏa mãn $|z_1-z_2|=3$, giá trị lớn nhất của $P=|z_1+9i|^2-|z_2+9i|^2$ bằng

A. $-27$.
B. $-54$.
C. $-108$.
D. $-53$.",B. $-54$.,"Gọi $z=x+yi$, biến đổi phần thực của $w$ bằng $\dfrac{1}{12}$ ta được $\sqrt{x^2+y^2}=6$, nên tập hợp điểm biểu diễn $z$ là đường tròn $(O;6)$. Gọi $A,B$ biểu diễn $z_1,z_2$, $I(0;-9)$, $AB=3$. Khi đó $P=AI^2-BI^2=2\overrightarrow{OI}\cdot\overrightarrow{AB}\le 2\cdot OI\cdot AB = -54$.",Đạt,
691,Dạng 7 - Cực trị & vận dụng cao,Nhân bản,27,Số nguyên,"Gọi $S$ là tập hợp tất cả các số phức $z$ sao cho số phức $w=\dfrac{1}{|z|-z}$ có phần thực bằng $\dfrac{1}{10}$. Xét các số phức $z_1, z_2 \in S$ thỏa mãn $|z_1-z_2|=\dfrac{5}{2}$, giá trị lớn nhất của $P=|z_1-9i|^2-|z_2-9i|^2$ bằng

A. $\dfrac{45}{2}$.
B. $45$.
C. $90$.
D. $46$.",B. $45$.,"Gọi $z=x+yi$, biến đổi phần thực của $w$ bằng $\dfrac{1}{10}$ ta được $\sqrt{x^2+y^2}=5$, nên tập hợp điểm biểu diễn $z$ là đường tròn $(O;5)$. Gọi $A,B$ biểu diễn $z_1,z_2$, $I(0;9)$, $AB=\dfrac{5}{2}$. Khi đó $P=AI^2-BI^2=2\overrightarrow{OI}\cdot\overrightarrow{AB}\le 2\cdot OI\cdot AB = 45$.",Đạt,
692,Dạng 7 - Cực trị & vận dụng cao,Nhân bản,27,Số nguyên,"Gọi $S$ là tập hợp tất cả các số phức $z$ sao cho số phức $w=\dfrac{1}{|z|-z}$ có phần thực bằng $\dfrac{1}{10}$. Xét các số phức $z_1, z_2 \in S$ thỏa mãn $|z_1-z_2|=\dfrac{5}{4}$, giá trị lớn nhất của $P=|z_1-4i|^2-|z_2-4i|^2$ bằng

A. $5$.
B. $10$.
C. $20$.
D. $21$.",B. $10$.,"Gọi $z=x+yi$, biến đổi phần thực của $w$ bằng $\dfrac{1}{10}$ ta được $\sqrt{x^2+y^2}=5$, nên tập hợp điểm biểu diễn $z$ là đường tròn $(O;5)$. Gọi $A,B$ biểu diễn $z_1,z_2$, $I(0;4)$, $AB=\dfrac{5}{4}$. Khi đó $P=AI^2-BI^2=2\overrightarrow{OI}\cdot\overrightarrow{AB}\le 2\cdot OI\cdot AB = 10$.",Đạt,
693,Dạng 7 - Cực trị & vận dụng cao,Nhân bản,27,Số hữu tỉ,"Gọi $S$ là tập hợp tất cả các số phức $z$ sao cho số phức $w=\dfrac{1}{|z|-z}$ có phần thực bằng $\dfrac{1}{\dfrac{7}{2}}$. Xét các số phức $z_1, z_2 \in S$ thỏa mãn $|z_1-z_2|=\dfrac{7}{8}$, giá trị lớn nhất của $P=|z_1-\dfrac{7}{2}i|^2-|z_2-\dfrac{7}{2}i|^2$ bằng

A. $\dfrac{49}{16}$.
B. $\dfrac{49}{8}$.
C. $\dfrac{49}{4}$.
D. $\dfrac{57}{8}$.",B. $\dfrac{49}{8}$.,"Gọi $z=x+yi$, biến đổi phần thực của $w$ bằng $\dfrac{1}{\dfrac{7}{2}}$ ta được $\sqrt{x^2+y^2}=\dfrac{7}{4}$, nên tập hợp điểm biểu diễn $z$ là đường tròn $(O;\dfrac{7}{4})$. Gọi $A,B$ biểu diễn $z_1,z_2$, $I(0;\dfrac{7}{2})$, $AB=\dfrac{7}{8}$. Khi đó $P=AI^2-BI^2=2\overrightarrow{OI}\cdot\overrightarrow{AB}\le 2\cdot OI\cdot AB = \dfrac{49}{8}$.",Đạt,
694,Dạng 7 - Cực trị & vận dụng cao,Nhân bản,27,Số hữu tỉ,"Gọi $S$ là tập hợp tất cả các số phức $z$ sao cho số phức $w=\dfrac{1}{|z|-z}$ có phần thực bằng $\dfrac{1}{\dfrac{3}{2}}$. Xét các số phức $z_1, z_2 \in S$ thỏa mãn $|z_1-z_2|=\dfrac{1}{4}$, giá trị lớn nhất của $P=|z_1+\dfrac{1}{2}i|^2-|z_2+\dfrac{1}{2}i|^2$ bằng

A. $- \dfrac{1}{8}$.
B. $- \dfrac{1}{4}$.
C. $- \dfrac{1}{2}$.
D. $- \dfrac{3}{8}$.",B. $- \dfrac{1}{4}$.,"Gọi $z=x+yi$, biến đổi phần thực của $w$ bằng $\dfrac{1}{\dfrac{3}{2}}$ ta được $\sqrt{x^2+y^2}=\dfrac{3}{4}$, nên tập hợp điểm biểu diễn $z$ là đường tròn $(O;\dfrac{3}{4})$. Gọi $A,B$ biểu diễn $z_1,z_2$, $I(0;- \dfrac{1}{2})$, $AB=\dfrac{1}{4}$. Khi đó $P=AI^2-BI^2=2\overrightarrow{OI}\cdot\overrightarrow{AB}\le 2\cdot OI\cdot AB = - \dfrac{1}{4}$.",Đạt,
695,Dạng 7 - Cực trị & vận dụng cao,Nhân bản,27,Số hữu tỉ,"Gọi $S$ là tập hợp tất cả các số phức $z$ sao cho số phức $w=\dfrac{1}{|z|-z}$ có phần thực bằng $\dfrac{1}{\dfrac{9}{2}}$. Xét các số phức $z_1, z_2 \in S$ thỏa mãn $|z_1-z_2|=\dfrac{3}{4}$, giá trị lớn nhất của $P=|z_1-5i|^2-|z_2-5i|^2$ bằng

A. $\dfrac{15}{4}$.
B. $\dfrac{15}{2}$.
C. $15$.
D. $\dfrac{45}{4}$.",B. $\dfrac{15}{2}$.,"Gọi $z=x+yi$, biến đổi phần thực của $w$ bằng $\dfrac{1}{\dfrac{9}{2}}$ ta được $\sqrt{x^2+y^2}=\dfrac{9}{4}$, nên tập hợp điểm biểu diễn $z$ là đường tròn $(O;\dfrac{9}{4})$. Gọi $A,B$ biểu diễn $z_1,z_2$, $I(0;5)$, $AB=\dfrac{3}{4}$. Khi đó $P=AI^2-BI^2=2\overrightarrow{OI}\cdot\overrightarrow{AB}\le 2\cdot OI\cdot AB = \dfrac{15}{2}$.",Đạt,
696,Dạng 7 - Cực trị & vận dụng cao,Nhân bản,27,Số hữu tỉ,"Gọi $S$ là tập hợp tất cả các số phức $z$ sao cho số phức $w=\dfrac{1}{|z|-z}$ có phần thực bằng $\dfrac{1}{\dfrac{7}{3}}$. Xét các số phức $z_1, z_2 \in S$ thỏa mãn $|z_1-z_2|=\dfrac{7}{12}$, giá trị lớn nhất của $P=|z_1-\dfrac{7}{2}i|^2-|z_2-\dfrac{7}{2}i|^2$ bằng

A. $\dfrac{49}{24}$.
B. $\dfrac{49}{12}$.
C. $\dfrac{49}{6}$.
D. $\dfrac{61}{12}$.",B. $\dfrac{49}{12}$.,"Gọi $z=x+yi$, biến đổi phần thực của $w$ bằng $\dfrac{1}{\dfrac{7}{3}}$ ta được $\sqrt{x^2+y^2}=\dfrac{7}{6}$, nên tập hợp điểm biểu diễn $z$ là đường tròn $(O;\dfrac{7}{6})$. Gọi $A,B$ biểu diễn $z_1,z_2$, $I(0;\dfrac{7}{2})$, $AB=\dfrac{7}{12}$. Khi đó $P=AI^2-BI^2=2\overrightarrow{OI}\cdot\overrightarrow{AB}\le 2\cdot OI\cdot AB = \dfrac{49}{12}$.",Đạt,
697,Dạng 7 - Cực trị & vận dụng cao,Nhân bản,27,Số hữu tỉ,"Gọi $S$ là tập hợp tất cả các số phức $z$ sao cho số phức $w=\dfrac{1}{|z|-z}$ có phần thực bằng $\dfrac{1}{\dfrac{5}{3}}$. Xét các số phức $z_1, z_2 \in S$ thỏa mãn $|z_1-z_2|=\dfrac{5}{4}$, giá trị lớn nhất của $P=|z_1-\dfrac{7}{3}i|^2-|z_2-\dfrac{7}{3}i|^2$ bằng

A. $\dfrac{35}{12}$.
B. $\dfrac{35}{6}$.
C. $\dfrac{35}{3}$.
D. $\dfrac{35}{18}$.",B. $\dfrac{35}{6}$.,"Gọi $z=x+yi$, biến đổi phần thực của $w$ bằng $\dfrac{1}{\dfrac{5}{3}}$ ta được $\sqrt{x^2+y^2}=\dfrac{5}{6}$, nên tập hợp điểm biểu diễn $z$ là đường tròn $(O;\dfrac{5}{6})$. Gọi $A,B$ biểu diễn $z_1,z_2$, $I(0;\dfrac{7}{3})$, $AB=\dfrac{5}{4}$. Khi đó $P=AI^2-BI^2=2\overrightarrow{OI}\cdot\overrightarrow{AB}\le 2\cdot OI\cdot AB = \dfrac{35}{6}$.",Đạt,
698,Dạng 7 - Cực trị & vận dụng cao,Nhân bản,27,Số vô tỉ,"Gọi $S$ là tập hợp tất cả các số phức $z$ sao cho số phức $w=\dfrac{1}{|z|-z}$ có phần thực bằng $\dfrac{1}{4 \sqrt{5}}$. Xét các số phức $z_1, z_2 \in S$ thỏa mãn $|z_1-z_2|=\sqrt{5}$, giá trị lớn nhất của $P=|z_1-\sqrt{3}i|^2-|z_2-\sqrt{3}i|^2$ bằng

A. $\sqrt{15}$.
B. $2 \sqrt{15}$.
C. $4 \sqrt{15}$.
D. $1 + 2 \sqrt{15}$.",B. $2 \sqrt{15}$.,"Gọi $z=x+yi$, biến đổi phần thực của $w$ bằng $\dfrac{1}{4 \sqrt{5}}$ ta được $\sqrt{x^2+y^2}=2 \sqrt{5}$, nên tập hợp điểm biểu diễn $z$ là đường tròn $(O;2 \sqrt{5})$. Gọi $A,B$ biểu diễn $z_1,z_2$, $I(0;\sqrt{3})$, $AB=\sqrt{5}$. Khi đó $P=AI^2-BI^2=2\overrightarrow{OI}\cdot\overrightarrow{AB}\le 2\cdot OI\cdot AB = 2 \sqrt{15}$.",Đạt,
699,Dạng 7 - Cực trị & vận dụng cao,Nhân bản,27,Số vô tỉ,"Gọi $S$ là tập hợp tất cả các số phức $z$ sao cho số phức $w=\dfrac{1}{|z|-z}$ có phần thực bằng $\dfrac{1}{4 \sqrt{2}}$. Xét các số phức $z_1, z_2 \in S$ thỏa mãn $|z_1-z_2|=\dfrac{\sqrt{2}}{2}$, giá trị lớn nhất của $P=|z_1+2 \sqrt{2}i|^2-|z_2+2 \sqrt{2}i|^2$ bằng

A. $-2$.
B. $-4$.
C. $-8$.
D. $-7$.",B. $-4$.,"Gọi $z=x+yi$, biến đổi phần thực của $w$ bằng $\dfrac{1}{4 \sqrt{2}}$ ta được $\sqrt{x^2+y^2}=2 \sqrt{2}$, nên tập hợp điểm biểu diễn $z$ là đường tròn $(O;2 \sqrt{2})$. Gọi $A,B$ biểu diễn $z_1,z_2$, $I(0;- 2 \sqrt{2})$, $AB=\dfrac{\sqrt{2}}{2}$. Khi đó $P=AI^2-BI^2=2\overrightarrow{OI}\cdot\overrightarrow{AB}\le 2\cdot OI\cdot AB = -4$.",Đạt,
700,Dạng 7 - Cực trị & vận dụng cao,Nhân bản,27,Số vô tỉ,"Gọi $S$ là tập hợp tất cả các số phức $z$ sao cho số phức $w=\dfrac{1}{|z|-z}$ có phần thực bằng $\dfrac{1}{4 \sqrt{2}}$. Xét các số phức $z_1, z_2 \in S$ thỏa mãn $|z_1-z_2|=3 \sqrt{2}$, giá trị lớn nhất của $P=|z_1-2 \sqrt{2}i|^2-|z_2-2 \sqrt{2}i|^2$ bằng

A. $12$.
B. $24$.
C. $48$.
D. $8$.",B. $24$.,"Gọi $z=x+yi$, biến đổi phần thực của $w$ bằng $\dfrac{1}{4 \sqrt{2}}$ ta được $\sqrt{x^2+y^2}=2 \sqrt{2}$, nên tập hợp điểm biểu diễn $z$ là đường tròn $(O;2 \sqrt{2})$. Gọi $A,B$ biểu diễn $z_1,z_2$, $I(0;2 \sqrt{2})$, $AB=3 \sqrt{2}$. Khi đó $P=AI^2-BI^2=2\overrightarrow{OI}\cdot\overrightarrow{AB}\le 2\cdot OI\cdot AB = 24$.",Đạt,
701,Dạng 7 - Cực trị & vận dụng cao,Nhân bản,27,Số vô tỉ,"Gọi $S$ là tập hợp tất cả các số phức $z$ sao cho số phức $w=\dfrac{1}{|z|-z}$ có phần thực bằng $\dfrac{1}{2 \sqrt{3}}$. Xét các số phức $z_1, z_2 \in S$ thỏa mãn $|z_1-z_2|=\dfrac{\sqrt{3}}{4}$, giá trị lớn nhất của $P=|z_1+\sqrt{5}i|^2-|z_2+\sqrt{5}i|^2$ bằng

A. $- \dfrac{\sqrt{15}}{4}$.
B. $- \dfrac{\sqrt{15}}{2}$.
C. $- \sqrt{15}$.
D. $1 - \sqrt{15}$.",B. $- \dfrac{\sqrt{15}}{2}$.,"Gọi $z=x+yi$, biến đổi phần thực của $w$ bằng $\dfrac{1}{2 \sqrt{3}}$ ta được $\sqrt{x^2+y^2}=\sqrt{3}$, nên tập hợp điểm biểu diễn $z$ là đường tròn $(O;\sqrt{3})$. Gọi $A,B$ biểu diễn $z_1,z_2$, $I(0;- \sqrt{5})$, $AB=\dfrac{\sqrt{3}}{4}$. Khi đó $P=AI^2-BI^2=2\overrightarrow{OI}\cdot\overrightarrow{AB}\le 2\cdot OI\cdot AB = - \dfrac{\sqrt{15}}{2}$.",Đạt,
702,Dạng 7 - Cực trị & vận dụng cao,Nhân bản,27,Số vô tỉ,"Gọi $S$ là tập hợp tất cả các số phức $z$ sao cho số phức $w=\dfrac{1}{|z|-z}$ có phần thực bằng $\dfrac{1}{3 \sqrt{2}}$. Xét các số phức $z_1, z_2 \in S$ thỏa mãn $|z_1-z_2|=\sqrt{2}$, giá trị lớn nhất của $P=|z_1+\sqrt{2}i|^2-|z_2+\sqrt{2}i|^2$ bằng

A. $-2$.
B. $-4$.
C. $-8$.
D. $-3$.",B. $-4$.,"Gọi $z=x+yi$, biến đổi phần thực của $w$ bằng $\dfrac{1}{3 \sqrt{2}}$ ta được $\sqrt{x^2+y^2}=\dfrac{3 \sqrt{2}}{2}$, nên tập hợp điểm biểu diễn $z$ là đường tròn $(O;\dfrac{3 \sqrt{2}}{2})$. Gọi $A,B$ biểu diễn $z_1,z_2$, $I(0;- \sqrt{2})$, $AB=\sqrt{2}$. Khi đó $P=AI^2-BI^2=2\overrightarrow{OI}\cdot\overrightarrow{AB}\le 2\cdot OI\cdot AB = -4$.",Đạt,
703,Dạng 7 - Cực trị & vận dụng cao,Nhân bản,32,Số nguyên,"Xét các số phức $z$ thỏa mãn $|z^2+9+2i| = 2|z|$. Gọi $M$ và $m$ lần lượt là giá trị lớn nhất và giá trị nhỏ nhất của $|z|$. Giá trị của $M^2+m^2$ bằng

A. $4 + \sqrt{85}$.
B. $2 \sqrt{85}$.
C. $4 + 2 \sqrt{85}$.
D. $4 + 4 \sqrt{85}$.",C. $4 + 2 \sqrt{85}$.,"Đặt $C=-9+2i$, $|C|=\sqrt{85}$, $t=|z|^2$. Biến đổi $|z^2-C|=2|z|$ theo phần thực/ảo của $z$ và dùng bất đẳng thức B.C.S, ta được $t^2-2(\sqrt{85}+2)t+\sqrt{85}^2 \le 0$, hai nghiệm biên là $m^2, M^2$. Theo Vi-ét, $M^2+m^2 = 2(\sqrt{85}+2) = 4 + 2 \sqrt{85}$.",Đạt,
704,Dạng 7 - Cực trị & vận dụng cao,Nhân bản,32,Số nguyên,"Xét các số phức $z$ thỏa mãn $|z^2-6-7i| = 2|z|$. Gọi $M$ và $m$ lần lượt là giá trị lớn nhất và giá trị nhỏ nhất của $|z|$. Giá trị của $M^2+m^2$ bằng

A. $4 + \sqrt{85}$.
B. $2 \sqrt{85}$.
C. $4 + 2 \sqrt{85}$.
D. $4 + 4 \sqrt{85}$.",C. $4 + 2 \sqrt{85}$.,"Đặt $C=6-7i$, $|C|=\sqrt{85}$, $t=|z|^2$. Biến đổi $|z^2-C|=2|z|$ theo phần thực/ảo của $z$ và dùng bất đẳng thức B.C.S, ta được $t^2-2(\sqrt{85}+2)t+\sqrt{85}^2 \le 0$, hai nghiệm biên là $m^2, M^2$. Theo Vi-ét, $M^2+m^2 = 2(\sqrt{85}+2) = 4 + 2 \sqrt{85}$.",Đạt,
705,Dạng 7 - Cực trị & vận dụng cao,Nhân bản,32,Số nguyên,"Xét các số phức $z$ thỏa mãn $|z^2+2-i| = 2|z|$. Gọi $M$ và $m$ lần lượt là giá trị lớn nhất và giá trị nhỏ nhất của $|z|$. Giá trị của $M^2+m^2$ bằng

A. $\sqrt{5} + 4$.
B. $2 \sqrt{5}$.
C. $4 + 2 \sqrt{5}$.
D. $4 + 4 \sqrt{5}$.",C. $4 + 2 \sqrt{5}$.,"Đặt $C=-2-i$, $|C|=\sqrt{5}$, $t=|z|^2$. Biến đổi $|z^2-C|=2|z|$ theo phần thực/ảo của $z$ và dùng bất đẳng thức B.C.S, ta được $t^2-2(\sqrt{5}+2)t+\sqrt{5}^2 \le 0$, hai nghiệm biên là $m^2, M^2$. Theo Vi-ét, $M^2+m^2 = 2(\sqrt{5}+2) = 4 + 2 \sqrt{5}$.",Đạt,
706,Dạng 7 - Cực trị & vận dụng cao,Nhân bản,32,Số nguyên,"Xét các số phức $z$ thỏa mãn $|z^2-6-8i| = 2|z|$. Gọi $M$ và $m$ lần lượt là giá trị lớn nhất và giá trị nhỏ nhất của $|z|$. Giá trị của $M^2+m^2$ bằng

A. $14$.
B. $20$.
C. $24$.
D. $44$.",C. $24$.,"Đặt $C=6-8i$, $|C|=10$, $t=|z|^2$. Biến đổi $|z^2-C|=2|z|$ theo phần thực/ảo của $z$ và dùng bất đẳng thức B.C.S, ta được $t^2-2(10+2)t+10^2 \le 0$, hai nghiệm biên là $m^2, M^2$. Theo Vi-ét, $M^2+m^2 = 2(10+2) = 24$.",Đạt,
707,Dạng 7 - Cực trị & vận dụng cao,Nhân bản,32,Số nguyên,"Xét các số phức $z$ thỏa mãn $|z^2-6+7i| = 2|z|$. Gọi $M$ và $m$ lần lượt là giá trị lớn nhất và giá trị nhỏ nhất của $|z|$. Giá trị của $M^2+m^2$ bằng

A. $4 + \sqrt{85}$.
B. $2 \sqrt{85}$.
C. $4 + 2 \sqrt{85}$.
D. $4 + 4 \sqrt{85}$.",C. $4 + 2 \sqrt{85}$.,"Đặt $C=6+7i$, $|C|=\sqrt{85}$, $t=|z|^2$. Biến đổi $|z^2-C|=2|z|$ theo phần thực/ảo của $z$ và dùng bất đẳng thức B.C.S, ta được $t^2-2(\sqrt{85}+2)t+\sqrt{85}^2 \le 0$, hai nghiệm biên là $m^2, M^2$. Theo Vi-ét, $M^2+m^2 = 2(\sqrt{85}+2) = 4 + 2 \sqrt{85}$.",Đạt,
708,Dạng 7 - Cực trị & vận dụng cao,Nhân bản,32,Số hữu tỉ,"Xét các số phức $z$ thỏa mãn $|z^2+\dfrac{4}{3}-\dfrac{1}{5}i| = 2|z|$. Gọi $M$ và $m$ lần lượt là giá trị lớn nhất và giá trị nhỏ nhất của $|z|$. Giá trị của $M^2+m^2$ bằng

A. $\dfrac{\sqrt{409}}{15} + 4$.
B. $\dfrac{2 \sqrt{409}}{15}$.
C. $\dfrac{2 \sqrt{409}}{15} + 4$.
D. $4 + \dfrac{4 \sqrt{409}}{15}$.",C. $\dfrac{2 \sqrt{409}}{15} + 4$.,"Đặt $C=- \dfrac{4}{3}-\dfrac{1}{5}i$, $|C|=\dfrac{\sqrt{409}}{15}$, $t=|z|^2$. Biến đổi $|z^2-C|=2|z|$ theo phần thực/ảo của $z$ và dùng bất đẳng thức B.C.S, ta được $t^2-2(\dfrac{\sqrt{409}}{15}+2)t+\dfrac{\sqrt{409}}{15}^2 \le 0$, hai nghiệm biên là $m^2, M^2$. Theo Vi-ét, $M^2+m^2 = 2(\dfrac{\sqrt{409}}{15}+2) = \dfrac{2 \sqrt{409}}{15} + 4$.",Đạt,
709,Dạng 7 - Cực trị & vận dụng cao,Nhân bản,32,Số hữu tỉ,"Xét các số phức $z$ thỏa mãn $|z^2+\dfrac{4}{5}+\dfrac{1}{4}i| = 2|z|$. Gọi $M$ và $m$ lần lượt là giá trị lớn nhất và giá trị nhỏ nhất của $|z|$. Giá trị của $M^2+m^2$ bằng

A. $\dfrac{\sqrt{281}}{20} + 4$.
B. $\dfrac{\sqrt{281}}{10}$.
C. $\dfrac{\sqrt{281}}{10} + 4$.
D. $\dfrac{\sqrt{281}}{5} + 4$.",C. $\dfrac{\sqrt{281}}{10} + 4$.,"Đặt $C=- \dfrac{4}{5}+\dfrac{1}{4}i$, $|C|=\dfrac{\sqrt{281}}{20}$, $t=|z|^2$. Biến đổi $|z^2-C|=2|z|$ theo phần thực/ảo của $z$ và dùng bất đẳng thức B.C.S, ta được $t^2-2(\dfrac{\sqrt{281}}{20}+2)t+\dfrac{\sqrt{281}}{20}^2 \le 0$, hai nghiệm biên là $m^2, M^2$. Theo Vi-ét, $M^2+m^2 = 2(\dfrac{\sqrt{281}}{20}+2) = \dfrac{\sqrt{281}}{10} + 4$.",Đạt,
710,Dạng 7 - Cực trị & vận dụng cao,Nhân bản,32,Số hữu tỉ,"Xét các số phức $z$ thỏa mãn $|z^2-\dfrac{11}{3}+\dfrac{7}{5}i| = 2|z|$. Gọi $M$ và $m$ lần lượt là giá trị lớn nhất và giá trị nhỏ nhất của $|z|$. Giá trị của $M^2+m^2$ bằng

A. $\dfrac{\sqrt{3466}}{15} + 4$.
B. $\dfrac{2 \sqrt{3466}}{15}$.
C. $4 + \dfrac{2 \sqrt{3466}}{15}$.
D. $3 \cdot 2^{\dfrac{50}{219}} \cdot 3^{\dfrac{72}{73}} \cdot 5^{\dfrac{46}{219}} \cdot 7^{\dfrac{34}{219}}$.",C. $4 + \dfrac{2 \sqrt{3466}}{15}$.,"Đặt $C=\dfrac{11}{3}+\dfrac{7}{5}i$, $|C|=\dfrac{\sqrt{3466}}{15}$, $t=|z|^2$. Biến đổi $|z^2-C|=2|z|$ theo phần thực/ảo của $z$ và dùng bất đẳng thức B.C.S, ta được $t^2-2(\dfrac{\sqrt{3466}}{15}+2)t+\dfrac{\sqrt{3466}}{15}^2 \le 0$, hai nghiệm biên là $m^2, M^2$. Theo Vi-ét, $M^2+m^2 = 2(\dfrac{\sqrt{3466}}{15}+2) = 4 + \dfrac{2 \sqrt{3466}}{15}$.",Đạt,
711,Dạng 7 - Cực trị & vận dụng cao,Nhân bản,32,Số hữu tỉ,"Xét các số phức $z$ thỏa mãn $|z^2+\dfrac{1}{5}-\dfrac{11}{3}i| = 2|z|$. Gọi $M$ và $m$ lần lượt là giá trị lớn nhất và giá trị nhỏ nhất của $|z|$. Giá trị của $M^2+m^2$ bằng

A. $\dfrac{\sqrt{3034}}{15} + 4$.
B. $\dfrac{2 \sqrt{3034}}{15}$.
C. $4 + \dfrac{2 \sqrt{3034}}{15}$.
D. $4 + \dfrac{4 \sqrt{3034}}{15}$.",C. $4 + \dfrac{2 \sqrt{3034}}{15}$.,"Đặt $C=- \dfrac{1}{5}-\dfrac{11}{3}i$, $|C|=\dfrac{\sqrt{3034}}{15}$, $t=|z|^2$. Biến đổi $|z^2-C|=2|z|$ theo phần thực/ảo của $z$ và dùng bất đẳng thức B.C.S, ta được $t^2-2(\dfrac{\sqrt{3034}}{15}+2)t+\dfrac{\sqrt{3034}}{15}^2 \le 0$, hai nghiệm biên là $m^2, M^2$. Theo Vi-ét, $M^2+m^2 = 2(\dfrac{\sqrt{3034}}{15}+2) = 4 + \dfrac{2 \sqrt{3034}}{15}$.",Đạt,
712,Dạng 7 - Cực trị & vận dụng cao,Nhân bản,32,Số hữu tỉ,"Xét các số phức $z$ thỏa mãn $|z^2+\dfrac{2}{5}+\dfrac{2}{3}i| = 2|z|$. Gọi $M$ và $m$ lần lượt là giá trị lớn nhất và giá trị nhỏ nhất của $|z|$. Giá trị của $M^2+m^2$ bằng

A. $\dfrac{2 \sqrt{34}}{15} + 4$.
B. $\dfrac{4 \sqrt{34}}{15}$.
C. $\dfrac{4 \sqrt{34}}{15} + 4$.
D. $\dfrac{8 \sqrt{34}}{15} + 4$.",C. $\dfrac{4 \sqrt{34}}{15} + 4$.,"Đặt $C=- \dfrac{2}{5}+\dfrac{2}{3}i$, $|C|=\dfrac{2 \sqrt{34}}{15}$, $t=|z|^2$. Biến đổi $|z^2-C|=2|z|$ theo phần thực/ảo của $z$ và dùng bất đẳng thức B.C.S, ta được $t^2-2(\dfrac{2 \sqrt{34}}{15}+2)t+\dfrac{2 \sqrt{34}}{15}^2 \le 0$, hai nghiệm biên là $m^2, M^2$. Theo Vi-ét, $M^2+m^2 = 2(\dfrac{2 \sqrt{34}}{15}+2) = \dfrac{4 \sqrt{34}}{15} + 4$.",Đạt,
713,Dạng 7 - Cực trị & vận dụng cao,Nhân bản,32,Số vô tỉ,"Xét các số phức $z$ thỏa mãn $|z^2-\sqrt{11}+2i| = 2|z|$. Gọi $M$ và $m$ lần lượt là giá trị lớn nhất và giá trị nhỏ nhất của $|z|$. Giá trị của $M^2+m^2$ bằng

A. $\sqrt{15} + 4$.
B. $2 \sqrt{15}$.
C. $4 + 2 \sqrt{15}$.
D. $4 + 4 \sqrt{15}$.",C. $4 + 2 \sqrt{15}$.,"Đặt $C=\sqrt{11}+2i$, $|C|=\sqrt{15}$, $t=|z|^2$. Biến đổi $|z^2-C|=2|z|$ theo phần thực/ảo của $z$ và dùng bất đẳng thức B.C.S, ta được $t^2-2(\sqrt{15}+2)t+\sqrt{15}^2 \le 0$, hai nghiệm biên là $m^2, M^2$. Theo Vi-ét, $M^2+m^2 = 2(\sqrt{15}+2) = 4 + 2 \sqrt{15}$.",Đạt,
714,Dạng 7 - Cực trị & vận dụng cao,Nhân bản,32,Số vô tỉ,"Xét các số phức $z$ thỏa mãn $|z^2-4 \sqrt{11}-2 \sqrt{2}i| = 2|z|$. Gọi $M$ và $m$ lần lượt là giá trị lớn nhất và giá trị nhỏ nhất của $|z|$. Giá trị của $M^2+m^2$ bằng

A. $4 + 2 \sqrt{46}$.
B. $4 \sqrt{46}$.
C. $4 + 4 \sqrt{46}$.
D. $4 + 8 \sqrt{46}$.",C. $4 + 4 \sqrt{46}$.,"Đặt $C=4 \sqrt{11}-2 \sqrt{2}i$, $|C|=2 \sqrt{46}$, $t=|z|^2$. Biến đổi $|z^2-C|=2|z|$ theo phần thực/ảo của $z$ và dùng bất đẳng thức B.C.S, ta được $t^2-2(2 \sqrt{46}+2)t+2 \sqrt{46}^2 \le 0$, hai nghiệm biên là $m^2, M^2$. Theo Vi-ét, $M^2+m^2 = 2(2 \sqrt{46}+2) = 4 + 4 \sqrt{46}$.",Đạt,
715,Dạng 7 - Cực trị & vận dụng cao,Nhân bản,32,Số vô tỉ,"Xét các số phức $z$ thỏa mãn $|z^2-2 \sqrt{6}-9i| = 2|z|$. Gọi $M$ và $m$ lần lượt là giá trị lớn nhất và giá trị nhỏ nhất của $|z|$. Giá trị của $M^2+m^2$ bằng

A. $4 + \sqrt{105}$.
B. $2 \sqrt{105}$.
C. $4 + 2 \sqrt{105}$.
D. $4 + 4 \sqrt{105}$.",C. $4 + 2 \sqrt{105}$.,"Đặt $C=2 \sqrt{6}-9i$, $|C|=\sqrt{105}$, $t=|z|^2$. Biến đổi $|z^2-C|=2|z|$ theo phần thực/ảo của $z$ và dùng bất đẳng thức B.C.S, ta được $t^2-2(\sqrt{105}+2)t+\sqrt{105}^2 \le 0$, hai nghiệm biên là $m^2, M^2$. Theo Vi-ét, $M^2+m^2 = 2(\sqrt{105}+2) = 4 + 2 \sqrt{105}$.",Đạt,
716,Dạng 7 - Cực trị & vận dụng cao,Nhân bản,32,Số vô tỉ,"Xét các số phức $z$ thỏa mãn $|z^2-1+4 \sqrt{11}i| = 2|z|$. Gọi $M$ và $m$ lần lượt là giá trị lớn nhất và giá trị nhỏ nhất của $|z|$. Giá trị của $M^2+m^2$ bằng

A. $4 + \sqrt{177}$.
B. $2 \sqrt{177}$.
C. $4 + 2 \sqrt{177}$.
D. $4 + 4 \sqrt{177}$.",C. $4 + 2 \sqrt{177}$.,"Đặt $C=1+4 \sqrt{11}i$, $|C|=\sqrt{177}$, $t=|z|^2$. Biến đổi $|z^2-C|=2|z|$ theo phần thực/ảo của $z$ và dùng bất đẳng thức B.C.S, ta được $t^2-2(\sqrt{177}+2)t+\sqrt{177}^2 \le 0$, hai nghiệm biên là $m^2, M^2$. Theo Vi-ét, $M^2+m^2 = 2(\sqrt{177}+2) = 4 + 2 \sqrt{177}$.",Đạt,
717,Dạng 7 - Cực trị & vận dụng cao,Nhân bản,32,Số vô tỉ,"Xét các số phức $z$ thỏa mãn $|z^2-3+\sqrt{5}i| = 2|z|$. Gọi $M$ và $m$ lần lượt là giá trị lớn nhất và giá trị nhỏ nhất của $|z|$. Giá trị của $M^2+m^2$ bằng

A. $\sqrt{14} + 4$.
B. $2 \sqrt{14}$.
C. $4 + 2 \sqrt{14}$.
D. $4 + 4 \sqrt{14}$.",C. $4 + 2 \sqrt{14}$.,"Đặt $C=3+\sqrt{5}i$, $|C|=\sqrt{14}$, $t=|z|^2$. Biến đổi $|z^2-C|=2|z|$ theo phần thực/ảo của $z$ và dùng bất đẳng thức B.C.S, ta được $t^2-2(\sqrt{14}+2)t+\sqrt{14}^2 \le 0$, hai nghiệm biên là $m^2, M^2$. Theo Vi-ét, $M^2+m^2 = 2(\sqrt{14}+2) = 4 + 2 \sqrt{14}$.",Đạt,
718,Dạng 7 - Cực trị & vận dụng cao,Nhân bản,55,Số nguyên,"Xét các số phức $z, w$ thỏa mãn $|z|=1$ và $|w|=3$. Khi $|z+i\overline{w}+6+8i|$ đạt giá trị nhỏ nhất, $|z-w|$ bằng

A. $4$.
B. $\dfrac{2 \sqrt{106}}{5}$.
C. $6$.
D. $\dfrac{\sqrt{106}}{5}$.",D. $\dfrac{\sqrt{106}}{5}$.,"Ta có $|z+i\overline{w}+K| \ge |K|-|z|-|i\overline{w}| = 10-1-3$, với $K=6+8i$. Dấu bằng xảy ra khi $z=-\dfrac{K}{|K|}\cdot 1$ và $\overline{w}=\dfrac{K}{i|K|}\cdot 3$. Tính trực tiếp $z,w$ rồi suy ra $|z-w|=\dfrac{\sqrt{106}}{5}$.",Đạt,
719,Dạng 7 - Cực trị & vận dụng cao,Nhân bản,55,Số nguyên,"Xét các số phức $z, w$ thỏa mãn $|z|=1$ và $|w|=2$. Khi $|z+i\overline{w}+8+8i|$ đạt giá trị nhỏ nhất, $|z-w|$ bằng

A. $3$.
B. $2$.
C. $-3 + 8 \sqrt{2}$.
D. $1$.",D. $1$.,"Ta có $|z+i\overline{w}+K| \ge |K|-|z|-|i\overline{w}| = 8 \sqrt{2}-1-2$, với $K=8+8i$. Dấu bằng xảy ra khi $z=-\dfrac{K}{|K|}\cdot 1$ và $\overline{w}=\dfrac{K}{i|K|}\cdot 2$. Tính trực tiếp $z,w$ rồi suy ra $|z-w|=1$.",Đạt,
720,Dạng 7 - Cực trị & vận dụng cao,Nhân bản,55,Số nguyên,"Xét các số phức $z, w$ thỏa mãn $|z|=2$ và $|w|=3$. Khi $|z+i\overline{w}+6+6i|$ đạt giá trị nhỏ nhất, $|z-w|$ bằng

A. $5$.
B. $2$.
C. $-5 + 6 \sqrt{2}$.
D. $1$.",D. $1$.,"Ta có $|z+i\overline{w}+K| \ge |K|-|z|-|i\overline{w}| = 6 \sqrt{2}-2-3$, với $K=6+6i$. Dấu bằng xảy ra khi $z=-\dfrac{K}{|K|}\cdot 2$ và $\overline{w}=\dfrac{K}{i|K|}\cdot 3$. Tính trực tiếp $z,w$ rồi suy ra $|z-w|=1$.",Đạt,
721,Dạng 7 - Cực trị & vận dụng cao,Nhân bản,55,Số nguyên,"Xét các số phức $z, w$ thỏa mãn $|z|=1$ và $|w|=1$. Khi $|z+i\overline{w}+6+9i|$ đạt giá trị nhỏ nhất, $|z-w|$ bằng

A. $2$.
B. $\dfrac{2 \sqrt{26}}{13}$.
C. $-2 + 3 \sqrt{13}$.
D. $\dfrac{\sqrt{26}}{13}$.",D. $\dfrac{\sqrt{26}}{13}$.,"Ta có $|z+i\overline{w}+K| \ge |K|-|z|-|i\overline{w}| = 3 \sqrt{13}-1-1$, với $K=6+9i$. Dấu bằng xảy ra khi $z=-\dfrac{K}{|K|}\cdot 1$ và $\overline{w}=\dfrac{K}{i|K|}\cdot 1$. Tính trực tiếp $z,w$ rồi suy ra $|z-w|=\dfrac{\sqrt{26}}{13}$.",Đạt,
722,Dạng 7 - Cực trị & vận dụng cao,Nhân bản,55,Số nguyên,"Xét các số phức $z, w$ thỏa mãn $|z|=1$ và $|w|=1$. Khi $|z+i\overline{w}+10+9i|$ đạt giá trị nhỏ nhất, $|z-w|$ bằng

A. $2$.
B. $\dfrac{2 \sqrt{362}}{181}$.
C. $-2 + \sqrt{181}$.
D. $\dfrac{\sqrt{362}}{181}$.",D. $\dfrac{\sqrt{362}}{181}$.,"Ta có $|z+i\overline{w}+K| \ge |K|-|z|-|i\overline{w}| = \sqrt{181}-1-1$, với $K=10+9i$. Dấu bằng xảy ra khi $z=-\dfrac{K}{|K|}\cdot 1$ và $\overline{w}=\dfrac{K}{i|K|}\cdot 1$. Tính trực tiếp $z,w$ rồi suy ra $|z-w|=\dfrac{\sqrt{362}}{181}$.",Đạt,
723,Dạng 7 - Cực trị & vận dụng cao,Nhân bản,55,Số hữu tỉ,"Xét các số phức $z, w$ thỏa mãn $|z|=1$ và $|w|=3$. Khi $|z+i\overline{w}+\dfrac{17}{2}+\dfrac{15}{2}i|$ đạt giá trị nhỏ nhất, $|z-w|$ bằng

A. $4$.
B. $\dfrac{8 \sqrt{16705}}{257}$.
C. $-4 + \dfrac{\sqrt{514}}{2}$.
D. $\dfrac{4 \sqrt{16705}}{257}$.",D. $\dfrac{4 \sqrt{16705}}{257}$.,"Ta có $|z+i\overline{w}+K| \ge |K|-|z|-|i\overline{w}| = \dfrac{\sqrt{514}}{2}-1-3$, với $K=\dfrac{17}{2}+\dfrac{15}{2}i$. Dấu bằng xảy ra khi $z=-\dfrac{K}{|K|}\cdot 1$ và $\overline{w}=\dfrac{K}{i|K|}\cdot 3$. Tính trực tiếp $z,w$ rồi suy ra $|z-w|=\dfrac{4 \sqrt{16705}}{257}$.",Đạt,
724,Dạng 7 - Cực trị & vận dụng cao,Nhân bản,55,Số hữu tỉ,"Xét các số phức $z, w$ thỏa mãn $|z|=2$ và $|w|=2$. Khi $|z+i\overline{w}+\dfrac{15}{2}+\dfrac{17}{2}i|$ đạt giá trị nhỏ nhất, $|z-w|$ bằng

A. $4$.
B. $\dfrac{8 \sqrt{257}}{257}$.
C. $-4 + \dfrac{\sqrt{514}}{2}$.
D. $\dfrac{4 \sqrt{257}}{257}$.",D. $\dfrac{4 \sqrt{257}}{257}$.,"Ta có $|z+i\overline{w}+K| \ge |K|-|z|-|i\overline{w}| = \dfrac{\sqrt{514}}{2}-2-2$, với $K=\dfrac{15}{2}+\dfrac{17}{2}i$. Dấu bằng xảy ra khi $z=-\dfrac{K}{|K|}\cdot 2$ và $\overline{w}=\dfrac{K}{i|K|}\cdot 2$. Tính trực tiếp $z,w$ rồi suy ra $|z-w|=\dfrac{4 \sqrt{257}}{257}$.",Đạt,
725,Dạng 7 - Cực trị & vận dụng cao,Nhân bản,55,Số hữu tỉ,"Xét các số phức $z, w$ thỏa mãn $|z|=1$ và $|w|=1$. Khi $|z+i\overline{w}+\dfrac{15}{2}+\dfrac{15}{2}i|$ đạt giá trị nhỏ nhất, $|z-w|$ bằng

A. $2$.
B. $1$.
C. $-2 + \dfrac{15 \sqrt{2}}{2}$.
D. $0$.",D. $0$.,"Ta có $|z+i\overline{w}+K| \ge |K|-|z|-|i\overline{w}| = \dfrac{15 \sqrt{2}}{2}-1-1$, với $K=\dfrac{15}{2}+\dfrac{15}{2}i$. Dấu bằng xảy ra khi $z=-\dfrac{K}{|K|}\cdot 1$ và $\overline{w}=\dfrac{K}{i|K|}\cdot 1$. Tính trực tiếp $z,w$ rồi suy ra $|z-w|=0$.",Đạt,
726,Dạng 7 - Cực trị & vận dụng cao,Nhân bản,55,Số hữu tỉ,"Xét các số phức $z, w$ thỏa mãn $|z|=1$ và $|w|=1$. Khi $|z+i\overline{w}+\dfrac{17}{2}+\dfrac{17}{2}i|$ đạt giá trị nhỏ nhất, $|z-w|$ bằng

A. $2$.
B. $1$.
C. $-2 + \dfrac{17 \sqrt{2}}{2}$.
D. $0$.",D. $0$.,"Ta có $|z+i\overline{w}+K| \ge |K|-|z|-|i\overline{w}| = \dfrac{17 \sqrt{2}}{2}-1-1$, với $K=\dfrac{17}{2}+\dfrac{17}{2}i$. Dấu bằng xảy ra khi $z=-\dfrac{K}{|K|}\cdot 1$ và $\overline{w}=\dfrac{K}{i|K|}\cdot 1$. Tính trực tiếp $z,w$ rồi suy ra $|z-w|=0$.",Đạt,
727,Dạng 7 - Cực trị & vận dụng cao,Nhân bản,55,Số hữu tỉ,"Xét các số phức $z, w$ thỏa mãn $|z|=1$ và $|w|=3$. Khi $|z+i\overline{w}+\dfrac{19}{2}+\dfrac{15}{2}i|$ đạt giá trị nhỏ nhất, $|z-w|$ bằng

A. $4$.
B. $\dfrac{4 \sqrt{89365}}{293}$.
C. $-4 + \dfrac{\sqrt{586}}{2}$.
D. $\dfrac{2 \sqrt{89365}}{293}$.",D. $\dfrac{2 \sqrt{89365}}{293}$.,"Ta có $|z+i\overline{w}+K| \ge |K|-|z|-|i\overline{w}| = \dfrac{\sqrt{586}}{2}-1-3$, với $K=\dfrac{19}{2}+\dfrac{15}{2}i$. Dấu bằng xảy ra khi $z=-\dfrac{K}{|K|}\cdot 1$ và $\overline{w}=\dfrac{K}{i|K|}\cdot 3$. Tính trực tiếp $z,w$ rồi suy ra $|z-w|=\dfrac{2 \sqrt{89365}}{293}$.",Đạt,
728,Dạng 7 - Cực trị & vận dụng cao,Nhân bản,55,Số vô tỉ,"Xét các số phức $z, w$ thỏa mãn $|z|=1$ và $|w|=1$. Khi $|z+i\overline{w}+3 \sqrt{3}+5 \sqrt{2}i|$ đạt giá trị nhỏ nhất, $|z-w|$ bằng

A. $2$.
B. $2 \sqrt{2 - \dfrac{60 \sqrt{6}}{77}}$.
C. $-2 + \sqrt{77}$.
D. $\sqrt{2 - \dfrac{60 \sqrt{6}}{77}}$.",D. $\sqrt{2 - \dfrac{60 \sqrt{6}}{77}}$.,"Ta có $|z+i\overline{w}+K| \ge |K|-|z|-|i\overline{w}| = \sqrt{77}-1-1$, với $K=3 \sqrt{3}+5 \sqrt{2}i$. Dấu bằng xảy ra khi $z=-\dfrac{K}{|K|}\cdot 1$ và $\overline{w}=\dfrac{K}{i|K|}\cdot 1$. Tính trực tiếp $z,w$ rồi suy ra $|z-w|=\sqrt{2 - \dfrac{60 \sqrt{6}}{77}}$.",Đạt,
729,Dạng 7 - Cực trị & vận dụng cao,Nhân bản,55,Số vô tỉ,"Xét các số phức $z, w$ thỏa mãn $|z|=1$ và $|w|=3$. Khi $|z+i\overline{w}+4 \sqrt{3}+5 \sqrt{2}i|$ đạt giá trị nhỏ nhất, $|z-w|$ bằng

A. $4$.
B. $2 \sqrt{10 - \dfrac{120 \sqrt{6}}{49}}$.
C. $-4 + 7 \sqrt{2}$.
D. $\sqrt{10 - \dfrac{120 \sqrt{6}}{49}}$.",D. $\sqrt{10 - \dfrac{120 \sqrt{6}}{49}}$.,"Ta có $|z+i\overline{w}+K| \ge |K|-|z|-|i\overline{w}| = 7 \sqrt{2}-1-3$, với $K=4 \sqrt{3}+5 \sqrt{2}i$. Dấu bằng xảy ra khi $z=-\dfrac{K}{|K|}\cdot 1$ và $\overline{w}=\dfrac{K}{i|K|}\cdot 3$. Tính trực tiếp $z,w$ rồi suy ra $|z-w|=\sqrt{10 - \dfrac{120 \sqrt{6}}{49}}$.",Đạt,
730,Dạng 7 - Cực trị & vận dụng cao,Nhân bản,55,Số vô tỉ,"Xét các số phức $z, w$ thỏa mãn $|z|=2$ và $|w|=2$. Khi $|z+i\overline{w}+4 \sqrt{3}+5 \sqrt{5}i|$ đạt giá trị nhỏ nhất, $|z-w|$ bằng

A. $4$.
B. $2 \sqrt{8 - \dfrac{320 \sqrt{15}}{173}}$.
C. $-4 + \sqrt{173}$.
D. $\sqrt{8 - \dfrac{320 \sqrt{15}}{173}}$.",D. $\sqrt{8 - \dfrac{320 \sqrt{15}}{173}}$.,"Ta có $|z+i\overline{w}+K| \ge |K|-|z|-|i\overline{w}| = \sqrt{173}-2-2$, với $K=4 \sqrt{3}+5 \sqrt{5}i$. Dấu bằng xảy ra khi $z=-\dfrac{K}{|K|}\cdot 2$ và $\overline{w}=\dfrac{K}{i|K|}\cdot 2$. Tính trực tiếp $z,w$ rồi suy ra $|z-w|=\sqrt{8 - \dfrac{320 \sqrt{15}}{173}}$.",Đạt,
731,Dạng 7 - Cực trị & vận dụng cao,Nhân bản,55,Số vô tỉ,"Xét các số phức $z, w$ thỏa mãn $|z|=1$ và $|w|=1$. Khi $|z+i\overline{w}+5 \sqrt{3}+3 \sqrt{5}i|$ đạt giá trị nhỏ nhất, $|z-w|$ bằng

A. $2$.
B. $\sqrt{8 - 2 \sqrt{15}}$.
C. $-2 + 2 \sqrt{30}$.
D. $\sqrt{2 - \dfrac{\sqrt{15}}{2}}$.",D. $\sqrt{2 - \dfrac{\sqrt{15}}{2}}$.,"Ta có $|z+i\overline{w}+K| \ge |K|-|z|-|i\overline{w}| = 2 \sqrt{30}-1-1$, với $K=5 \sqrt{3}+3 \sqrt{5}i$. Dấu bằng xảy ra khi $z=-\dfrac{K}{|K|}\cdot 1$ và $\overline{w}=\dfrac{K}{i|K|}\cdot 1$. Tính trực tiếp $z,w$ rồi suy ra $|z-w|=\sqrt{2 - \dfrac{\sqrt{15}}{2}}$.",Đạt,
732,Dạng 7 - Cực trị & vận dụng cao,Nhân bản,55,Số vô tỉ,"Xét các số phức $z, w$ thỏa mãn $|z|=2$ và $|w|=1$. Khi $|z+i\overline{w}+3 \sqrt{2}+3 \sqrt{5}i|$ đạt giá trị nhỏ nhất, $|z-w|$ bằng

A. $3$.
B. $2 \sqrt{5 - \dfrac{8 \sqrt{10}}{7}}$.
C. $-3 + 3 \sqrt{7}$.
D. $\sqrt{5 - \dfrac{8 \sqrt{10}}{7}}$.",D. $\sqrt{5 - \dfrac{8 \sqrt{10}}{7}}$.,"Ta có $|z+i\overline{w}+K| \ge |K|-|z|-|i\overline{w}| = 3 \sqrt{7}-2-1$, với $K=3 \sqrt{2}+3 \sqrt{5}i$. Dấu bằng xảy ra khi $z=-\dfrac{K}{|K|}\cdot 2$ và $\overline{w}=\dfrac{K}{i|K|}\cdot 1$. Tính trực tiếp $z,w$ rồi suy ra $|z-w|=\sqrt{5 - \dfrac{8 \sqrt{10}}{7}}$.",Đạt,
733,Dạng 7 - Cực trị & vận dụng cao,Nhân bản,60,Số nguyên,"Xét các số phức $z$ và $w$ thay đổi thỏa mãn $|z|=|w|=4$ và $|z-w|=4 \sqrt{2}$. Giá trị nhỏ nhất của $P=|z+5-i|+|w-8+8i|$ bằng

A. $\sqrt{218}$.
B. $\dfrac{\sqrt{218}}{2}$.
C. $1 + 6 \sqrt{10}$.
D. $3 \sqrt{10}$.",D. $3 \sqrt{10}$.,"Đặt $\dfrac{z}{w}=x+yi$. Từ $|z|=|w|$ và $|z-w|=4 \sqrt{2}$ suy ra $x=0, y=\pm1$, tức $z=iw$ hoặc $z=-iw$. Xét từng trường hợp, dùng bất đẳng thức tam giác $|w-C_1|+|w-C_2|\ge|C_1-C_2|$, ta được hai giá trị chặn dưới $\sqrt{218}$ và $3 \sqrt{10}$; giá trị nhỏ nhất của $P$ là $3 \sqrt{10}$.",Đạt,
734,Dạng 7 - Cực trị & vận dụng cao,Nhân bản,60,Số nguyên,"Xét các số phức $z$ và $w$ thay đổi thỏa mãn $|z|=|w|=3$ và $|z-w|=3 \sqrt{2}$. Giá trị nhỏ nhất của $P=|z+1-3i|+|w-1-9i|$ bằng

A. $2 \sqrt{29}$.
B. $\sqrt{29}$.
C. $1 + 4 \sqrt{17}$.
D. $2 \sqrt{17}$.",D. $2 \sqrt{17}$.,"Đặt $\dfrac{z}{w}=x+yi$. Từ $|z|=|w|$ và $|z-w|=3 \sqrt{2}$ suy ra $x=0, y=\pm1$, tức $z=iw$ hoặc $z=-iw$. Xét từng trường hợp, dùng bất đẳng thức tam giác $|w-C_1|+|w-C_2|\ge|C_1-C_2|$, ta được hai giá trị chặn dưới $2 \sqrt{17}$ và $2 \sqrt{29}$; giá trị nhỏ nhất của $P$ là $2 \sqrt{17}$.",Đạt,
735,Dạng 7 - Cực trị & vận dụng cao,Nhân bản,60,Số nguyên,"Xét các số phức $z$ và $w$ thay đổi thỏa mãn $|z|=|w|=4$ và $|z-w|=4 \sqrt{2}$. Giá trị nhỏ nhất của $P=|z+4-9i|+|w-8+4i|$ bằng

A. $17$.
B. $\dfrac{17}{2}$.
C. $1 + 2 \sqrt{65}$.
D. $\sqrt{65}$.",D. $\sqrt{65}$.,"Đặt $\dfrac{z}{w}=x+yi$. Từ $|z|=|w|$ và $|z-w|=4 \sqrt{2}$ suy ra $x=0, y=\pm1$, tức $z=iw$ hoặc $z=-iw$. Xét từng trường hợp, dùng bất đẳng thức tam giác $|w-C_1|+|w-C_2|\ge|C_1-C_2|$, ta được hai giá trị chặn dưới $\sqrt{65}$ và $17$; giá trị nhỏ nhất của $P$ là $\sqrt{65}$.",Đạt,
736,Dạng 7 - Cực trị & vận dụng cao,Nhân bản,60,Số nguyên,"Xét các số phức $z$ và $w$ thay đổi thỏa mãn $|z|=|w|=5$ và $|z-w|=5 \sqrt{2}$. Giá trị nhỏ nhất của $P=|z+1+4i|+|w+4+6i|$ bằng

A. $\sqrt{89}$.
B. $\dfrac{\sqrt{89}}{2}$.
C. $15$.
D. $7$.",D. $7$.,"Đặt $\dfrac{z}{w}=x+yi$. Từ $|z|=|w|$ và $|z-w|=5 \sqrt{2}$ suy ra $x=0, y=\pm1$, tức $z=iw$ hoặc $z=-iw$. Xét từng trường hợp, dùng bất đẳng thức tam giác $|w-C_1|+|w-C_2|\ge|C_1-C_2|$, ta được hai giá trị chặn dưới $7$ và $\sqrt{89}$; giá trị nhỏ nhất của $P$ là $7$.",Đạt,
737,Dạng 7 - Cực trị & vận dụng cao,Nhân bản,60,Số nguyên,"Xét các số phức $z$ và $w$ thay đổi thỏa mãn $|z|=|w|=4$ và $|z-w|=4 \sqrt{2}$. Giá trị nhỏ nhất của $P=|z-7-3i|+|w+7-8i|$ bằng

A. $5 \sqrt{13}$.
B. $\dfrac{5 \sqrt{13}}{2}$.
C. $1 + 2 \sqrt{17}$.
D. $\sqrt{17}$.",D. $\sqrt{17}$.,"Đặt $\dfrac{z}{w}=x+yi$. Từ $|z|=|w|$ và $|z-w|=4 \sqrt{2}$ suy ra $x=0, y=\pm1$, tức $z=iw$ hoặc $z=-iw$. Xét từng trường hợp, dùng bất đẳng thức tam giác $|w-C_1|+|w-C_2|\ge|C_1-C_2|$, ta được hai giá trị chặn dưới $5 \sqrt{13}$ và $\sqrt{17}$; giá trị nhỏ nhất của $P$ là $\sqrt{17}$.",Đạt,
738,Dạng 7 - Cực trị & vận dụng cao,Nhân bản,60,Số hữu tỉ,"Xét các số phức $z$ và $w$ thay đổi thỏa mãn $|z|=|w|=\dfrac{7}{3}$ và $|z-w|=\dfrac{7 \sqrt{2}}{3}$. Giá trị nhỏ nhất của $P=|z-\dfrac{5}{4}-\dfrac{10}{3}i|+|w-\dfrac{11}{2}+\dfrac{1}{2}i|$ bằng

A. $\dfrac{\sqrt{11677}}{12}$.
B. $\dfrac{\sqrt{11677}}{24}$.
C. $1 + \dfrac{\sqrt{757}}{6}$.
D. $\dfrac{\sqrt{757}}{12}$.",D. $\dfrac{\sqrt{757}}{12}$.,"Đặt $\dfrac{z}{w}=x+yi$. Từ $|z|=|w|$ và $|z-w|=\dfrac{7 \sqrt{2}}{3}$ suy ra $x=0, y=\pm1$, tức $z=iw$ hoặc $z=-iw$. Xét từng trường hợp, dùng bất đẳng thức tam giác $|w-C_1|+|w-C_2|\ge|C_1-C_2|$, ta được hai giá trị chặn dưới $\dfrac{\sqrt{757}}{12}$ và $\dfrac{\sqrt{11677}}{12}$; giá trị nhỏ nhất của $P$ là $\dfrac{\sqrt{757}}{12}$.",Đạt,
739,Dạng 7 - Cực trị & vận dụng cao,Nhân bản,60,Số hữu tỉ,"Xét các số phức $z$ và $w$ thay đổi thỏa mãn $|z|=|w|=1$ và $|z-w|=\sqrt{2}$. Giá trị nhỏ nhất của $P=|z+\dfrac{4}{5}+\dfrac{7}{2}i|+|w+\dfrac{7}{3}-\dfrac{1}{3}i|$ bằng

A. $\dfrac{\sqrt{31781}}{30}$.
B. $\dfrac{\sqrt{31781}}{60}$.
C. $1 + \dfrac{7 \sqrt{29}}{15}$.
D. $\dfrac{7 \sqrt{29}}{30}$.",D. $\dfrac{7 \sqrt{29}}{30}$.,"Đặt $\dfrac{z}{w}=x+yi$. Từ $|z|=|w|$ và $|z-w|=\sqrt{2}$ suy ra $x=0, y=\pm1$, tức $z=iw$ hoặc $z=-iw$. Xét từng trường hợp, dùng bất đẳng thức tam giác $|w-C_1|+|w-C_2|\ge|C_1-C_2|$, ta được hai giá trị chặn dưới $\dfrac{7 \sqrt{29}}{30}$ và $\dfrac{\sqrt{31781}}{30}$; giá trị nhỏ nhất của $P$ là $\dfrac{7 \sqrt{29}}{30}$.",Đạt,
740,Dạng 7 - Cực trị & vận dụng cao,Nhân bản,60,Số hữu tỉ,"Xét các số phức $z$ và $w$ thay đổi thỏa mãn $|z|=|w|=\dfrac{7}{3}$ và $|z-w|=\dfrac{7 \sqrt{2}}{3}$. Giá trị nhỏ nhất của $P=|z+\dfrac{3}{5}+\dfrac{6}{5}i|+|w-\dfrac{4}{5}+\dfrac{7}{3}i|$ bằng

A. $\dfrac{2 \sqrt{709}}{15}$.
B. $\dfrac{\sqrt{709}}{15}$.
C. $1 + \dfrac{4 \sqrt{178}}{15}$.
D. $\dfrac{2 \sqrt{178}}{15}$.",D. $\dfrac{2 \sqrt{178}}{15}$.,"Đặt $\dfrac{z}{w}=x+yi$. Từ $|z|=|w|$ và $|z-w|=\dfrac{7 \sqrt{2}}{3}$ suy ra $x=0, y=\pm1$, tức $z=iw$ hoặc $z=-iw$. Xét từng trường hợp, dùng bất đẳng thức tam giác $|w-C_1|+|w-C_2|\ge|C_1-C_2|$, ta được hai giá trị chặn dưới $\dfrac{2 \sqrt{709}}{15}$ và $\dfrac{2 \sqrt{178}}{15}$; giá trị nhỏ nhất của $P$ là $\dfrac{2 \sqrt{178}}{15}$.",Đạt,
741,Dạng 7 - Cực trị & vận dụng cao,Nhân bản,60,Số hữu tỉ,"Xét các số phức $z$ và $w$ thay đổi thỏa mãn $|z|=|w|=1$ và $|z-w|=\sqrt{2}$. Giá trị nhỏ nhất của $P=|z+\dfrac{8}{5}-\dfrac{3}{5}i|+|w+\dfrac{1}{2}+\dfrac{7}{3}i|$ bằng

A. $\dfrac{\sqrt{15013}}{30}$.
B. $\dfrac{\sqrt{15013}}{60}$.
C. $1 + \dfrac{\sqrt{493}}{15}$.
D. $\dfrac{\sqrt{493}}{30}$.",D. $\dfrac{\sqrt{493}}{30}$.,"Đặt $\dfrac{z}{w}=x+yi$. Từ $|z|=|w|$ và $|z-w|=\sqrt{2}$ suy ra $x=0, y=\pm1$, tức $z=iw$ hoặc $z=-iw$. Xét từng trường hợp, dùng bất đẳng thức tam giác $|w-C_1|+|w-C_2|\ge|C_1-C_2|$, ta được hai giá trị chặn dưới $\dfrac{\sqrt{15013}}{30}$ và $\dfrac{\sqrt{493}}{30}$; giá trị nhỏ nhất của $P$ là $\dfrac{\sqrt{493}}{30}$.",Đạt,
742,Dạng 7 - Cực trị & vận dụng cao,Nhân bản,60,Số hữu tỉ,"Xét các số phức $z$ và $w$ thay đổi thỏa mãn $|z|=|w|=\dfrac{3}{2}$ và $|z-w|=\dfrac{3 \sqrt{2}}{2}$. Giá trị nhỏ nhất của $P=|z-\dfrac{9}{5}-\dfrac{11}{2}i|+|w-\dfrac{4}{5}-\dfrac{7}{5}i|$ bằng

A. $\dfrac{\sqrt{3985}}{10}$.
B. $\dfrac{\sqrt{3985}}{20}$.
C. $1 + \dfrac{\sqrt{3233}}{5}$.
D. $\dfrac{\sqrt{3233}}{10}$.",D. $\dfrac{\sqrt{3233}}{10}$.,"Đặt $\dfrac{z}{w}=x+yi$. Từ $|z|=|w|$ và $|z-w|=\dfrac{3 \sqrt{2}}{2}$ suy ra $x=0, y=\pm1$, tức $z=iw$ hoặc $z=-iw$. Xét từng trường hợp, dùng bất đẳng thức tam giác $|w-C_1|+|w-C_2|\ge|C_1-C_2|$, ta được hai giá trị chặn dưới $\dfrac{\sqrt{3233}}{10}$ và $\dfrac{\sqrt{3985}}{10}$; giá trị nhỏ nhất của $P$ là $\dfrac{\sqrt{3233}}{10}$.",Đạt,
743,Dạng 7 - Cực trị & vận dụng cao,Nhân bản,60,Số vô tỉ,"Xét các số phức $z$ và $w$ thay đổi thỏa mãn $|z|=|w|=3 \sqrt{5}$ và $|z-w|=3 \sqrt{10}$. Giá trị nhỏ nhất của $P=|z-6-4 \sqrt{3}i|+|w+3-4 \sqrt{5}i|$ bằng

A. $\sqrt{24 \sqrt{3} + 48 \sqrt{5} + 173}$.
B. $\dfrac{\sqrt{24 \sqrt{3} + 48 \sqrt{5} + 173}}{2}$.
C. $1 + 2 \sqrt{- 48 \sqrt{5} - 24 \sqrt{3} + 173}$.
D. $\sqrt{- 48 \sqrt{5} - 24 \sqrt{3} + 173}$.",D. $\sqrt{- 48 \sqrt{5} - 24 \sqrt{3} + 173}$.,"Đặt $\dfrac{z}{w}=x+yi$. Từ $|z|=|w|$ và $|z-w|=3 \sqrt{10}$ suy ra $x=0, y=\pm1$, tức $z=iw$ hoặc $z=-iw$. Xét từng trường hợp, dùng bất đẳng thức tam giác $|w-C_1|+|w-C_2|\ge|C_1-C_2|$, ta được hai giá trị chặn dưới $\sqrt{24 \sqrt{3} + 48 \sqrt{5} + 173}$ và $\sqrt{- 48 \sqrt{5} - 24 \sqrt{3} + 173}$; giá trị nhỏ nhất của $P$ là $\sqrt{- 48 \sqrt{5} - 24 \sqrt{3} + 173}$.",Đạt,
744,Dạng 7 - Cực trị & vận dụng cao,Nhân bản,60,Số vô tỉ,"Xét các số phức $z$ và $w$ thay đổi thỏa mãn $|z|=|w|=\sqrt{5}$ và $|z-w|=\sqrt{10}$. Giá trị nhỏ nhất của $P=|z+2 \sqrt{10}+\sqrt{11}i|+|w-3 \sqrt{10}-4i|$ bằng

A. $\sqrt{- 16 \sqrt{10} + 6 \sqrt{110} + 157}$.
B. $\dfrac{\sqrt{- 16 \sqrt{10} + 6 \sqrt{110} + 157}}{2}$.
C. $1 + 2 \sqrt{- 6 \sqrt{110} + 16 \sqrt{10} + 157}$.
D. $\sqrt{- 6 \sqrt{110} + 16 \sqrt{10} + 157}$.",D. $\sqrt{- 6 \sqrt{110} + 16 \sqrt{10} + 157}$.,"Đặt $\dfrac{z}{w}=x+yi$. Từ $|z|=|w|$ và $|z-w|=\sqrt{10}$ suy ra $x=0, y=\pm1$, tức $z=iw$ hoặc $z=-iw$. Xét từng trường hợp, dùng bất đẳng thức tam giác $|w-C_1|+|w-C_2|\ge|C_1-C_2|$, ta được hai giá trị chặn dưới $\sqrt{- 16 \sqrt{10} + 6 \sqrt{110} + 157}$ và $\sqrt{- 6 \sqrt{110} + 16 \sqrt{10} + 157}$; giá trị nhỏ nhất của $P$ là $\sqrt{- 6 \sqrt{110} + 16 \sqrt{10} + 157}$.",Đạt,
745,Dạng 7 - Cực trị & vận dụng cao,Nhân bản,60,Số vô tỉ,"Xét các số phức $z$ và $w$ thay đổi thỏa mãn $|z|=|w|=2 \sqrt{3}$ và $|z-w|=2 \sqrt{6}$. Giá trị nhỏ nhất của $P=|z+2 \sqrt{2}-3 \sqrt{7}i|+|w-6-4 \sqrt{6}i|$ bằng

A. $\sqrt{32 \sqrt{3} + 36 \sqrt{7} + 203}$.
B. $\dfrac{\sqrt{32 \sqrt{3} + 36 \sqrt{7} + 203}}{2}$.
C. $1 + 2 \sqrt{- 36 \sqrt{7} - 32 \sqrt{3} + 203}$.
D. $\sqrt{- 36 \sqrt{7} - 32 \sqrt{3} + 203}$.",D. $\sqrt{- 36 \sqrt{7} - 32 \sqrt{3} + 203}$.,"Đặt $\dfrac{z}{w}=x+yi$. Từ $|z|=|w|$ và $|z-w|=2 \sqrt{6}$ suy ra $x=0, y=\pm1$, tức $z=iw$ hoặc $z=-iw$. Xét từng trường hợp, dùng bất đẳng thức tam giác $|w-C_1|+|w-C_2|\ge|C_1-C_2|$, ta được hai giá trị chặn dưới $\sqrt{- 36 \sqrt{7} - 32 \sqrt{3} + 203}$ và $\sqrt{32 \sqrt{3} + 36 \sqrt{7} + 203}$; giá trị nhỏ nhất của $P$ là $\sqrt{- 36 \sqrt{7} - 32 \sqrt{3} + 203}$.",Đạt,
746,Dạng 7 - Cực trị & vận dụng cao,Nhân bản,60,Số vô tỉ,"Xét các số phức $z$ và $w$ thay đổi thỏa mãn $|z|=|w|=2 \sqrt{3}$ và $|z-w|=2 \sqrt{6}$. Giá trị nhỏ nhất của $P=|z-8+3 \sqrt{7}i|+|w+\sqrt{6}-7i|$ bằng

A. $\sqrt{294 - 6 \sqrt{42}}$.
B. $\dfrac{\sqrt{294 - 6 \sqrt{42}}}{2}$.
C. $1 + 2 \sqrt{6 \sqrt{42} + 70}$.
D. $\sqrt{6 \sqrt{42} + 70}$.",D. $\sqrt{6 \sqrt{42} + 70}$.,"Đặt $\dfrac{z}{w}=x+yi$. Từ $|z|=|w|$ và $|z-w|=2 \sqrt{6}$ suy ra $x=0, y=\pm1$, tức $z=iw$ hoặc $z=-iw$. Xét từng trường hợp, dùng bất đẳng thức tam giác $|w-C_1|+|w-C_2|\ge|C_1-C_2|$, ta được hai giá trị chặn dưới $\sqrt{294 - 6 \sqrt{42}}$ và $\sqrt{6 \sqrt{42} + 70}$; giá trị nhỏ nhất của $P$ là $\sqrt{6 \sqrt{42} + 70}$.",Đạt,
747,Dạng 7 - Cực trị & vận dụng cao,Nhân bản,60,Số vô tỉ,"Xét các số phức $z$ và $w$ thay đổi thỏa mãn $|z|=|w|=2 \sqrt{2}$ và $|z-w|=4$. Giá trị nhỏ nhất của $P=|z-6-2 \sqrt{2}i|+|w+4 \sqrt{11}+7i|$ bằng

A. $\sqrt{353 - 16 \sqrt{22}}$.
B. $\dfrac{\sqrt{353 - 16 \sqrt{22}}}{2}$.
C. $1 + 2 \sqrt{16 \sqrt{22} + 185}$.
D. $\sqrt{16 \sqrt{22} + 185}$.",D. $\sqrt{16 \sqrt{22} + 185}$.,"Đặt $\dfrac{z}{w}=x+yi$. Từ $|z|=|w|$ và $|z-w|=4$ suy ra $x=0, y=\pm1$, tức $z=iw$ hoặc $z=-iw$. Xét từng trường hợp, dùng bất đẳng thức tam giác $|w-C_1|+|w-C_2|\ge|C_1-C_2|$, ta được hai giá trị chặn dưới $\sqrt{16 \sqrt{22} + 185}$ và $\sqrt{353 - 16 \sqrt{22}}$; giá trị nhỏ nhất của $P$ là $\sqrt{16 \sqrt{22} + 185}$.",Đạt,
748,Dạng 7 - Cực trị & vận dụng cao,Nhân bản,65,Số nguyên,"Cho các số phức $z_1, z_2, z_3$ thỏa mãn $|z_1|=|z_2|=3|z_3|=3$ và $10(z_1+z_2)z_3=2z_1z_2$. Gọi $A, B, C$ lần lượt là các điểm biểu diễn của $z_1, z_2, z_3$ trên mặt phẳng tọa độ. Diện tích tam giác $ABC$ bằng

A. $\dfrac{3 \sqrt{91}}{10}$.
B. $\dfrac{3 \sqrt{91}}{100}$.
C. $\dfrac{3 \sqrt{91}}{50}$.
D. $\dfrac{3 \sqrt{91}}{200}$.",B. $\dfrac{3 \sqrt{91}}{100}$.,"Ta có $10(z_1+z_2)z_3=2z_1z_2 \Leftrightarrow \dfrac{10}{z_2}+\dfrac{10}{z_1}=\dfrac{2}{z_3} \Leftrightarrow \dfrac{10\overline{z_2}}{|z_2|^2}+\dfrac{10\overline{z_1}}{|z_1|^2}=\dfrac{2\overline{z_3}}{|z_3|^2} \Leftrightarrow \dfrac{10\overline{z_2}}{3^2}+\dfrac{10\overline{z_1}}{3^2}=\dfrac{2\overline{z_3}}{1} \Leftrightarrow \overline{z_1}+\overline{z_2}=K\overline{z_3}$ với $K=\dfrac{2\cdot 3^2}{10}=\dfrac{9}{5}$. (1)

Gọi $A', B', C'$ lần lượt là các điểm biểu diễn của $\overline{z_1}, \overline{z_2}, \overline{z_3}$, suy ra $A', B', C'$ lần lượt đối xứng với $A, B, C$ qua trục $Ox \Rightarrow S_{\triangle ABC}=S_{\triangle A'B'C'}$.

Ta có $(1) \Leftrightarrow \overrightarrow{OA'}+\overrightarrow{OB'}=K\overrightarrow{OC'}=\overrightarrow{OD}$, trong đó $OA'=OB'=3, OC'=1$, suy ra tứ giác $OA'DB'$ là hình thoi có $OA'=OB'=3$, $OD=\dfrac{9}{5}$ và $C'\in OD: OC'=1$.

Gọi $I$ là giao điểm hai đường chéo $OD$ và $A'B'$, ta có $OI=\dfrac{K}{2}=\dfrac{9}{10}$. Suy ra $IC'=|OC'-OI|=\left|1-\dfrac{K}{2}\right|=\dfrac{1}{10}$, nên $S_{\triangle A'B'C'}=\dfrac{IC'}{OI}S_{\triangle OA'B'}$.

$S_{\triangle OA'B'}=OI\cdot\sqrt{OA'^2-OI^2}=\dfrac{9}{10}\cdot\sqrt{3^2-\left(\dfrac{K}{2}\right)^2}=\dfrac{27 \sqrt{91}}{100}$.

Vậy $S_{ABC}=S_{\triangle A'B'C'}=\left|1-\dfrac{K}{2}\right|\cdot\dfrac{3 \sqrt{91}}{10}=\dfrac{3 \sqrt{91}}{100}$.",Đạt,
749,Dạng 7 - Cực trị & vận dụng cao,Nhân bản,65,Số nguyên,"Cho các số phức $z_1, z_2, z_3$ thỏa mãn $|z_1|=|z_2|=4|z_3|=4$ và $10(z_1+z_2)z_3=3z_1z_2$. Gọi $A, B, C$ lần lượt là các điểm biểu diễn của $z_1, z_2, z_3$ trên mặt phẳng tọa độ. Diện tích tam giác $ABC$ bằng

A. $\dfrac{16}{5}$.
B. $\dfrac{112}{25}$.
C. $\dfrac{224}{25}$.
D. $\dfrac{56}{25}$.",B. $\dfrac{112}{25}$.,"Ta có $10(z_1+z_2)z_3=3z_1z_2 \Leftrightarrow \dfrac{10}{z_2}+\dfrac{10}{z_1}=\dfrac{3}{z_3} \Leftrightarrow \dfrac{10\overline{z_2}}{|z_2|^2}+\dfrac{10\overline{z_1}}{|z_1|^2}=\dfrac{3\overline{z_3}}{|z_3|^2} \Leftrightarrow \dfrac{10\overline{z_2}}{4^2}+\dfrac{10\overline{z_1}}{4^2}=\dfrac{3\overline{z_3}}{1} \Leftrightarrow \overline{z_1}+\overline{z_2}=K\overline{z_3}$ với $K=\dfrac{3\cdot 4^2}{10}=\dfrac{24}{5}$. (1)

Gọi $A', B', C'$ lần lượt là các điểm biểu diễn của $\overline{z_1}, \overline{z_2}, \overline{z_3}$, suy ra $A', B', C'$ lần lượt đối xứng với $A, B, C$ qua trục $Ox \Rightarrow S_{\triangle ABC}=S_{\triangle A'B'C'}$.

Ta có $(1) \Leftrightarrow \overrightarrow{OA'}+\overrightarrow{OB'}=K\overrightarrow{OC'}=\overrightarrow{OD}$, trong đó $OA'=OB'=4, OC'=1$, suy ra tứ giác $OA'DB'$ là hình thoi có $OA'=OB'=4$, $OD=\dfrac{24}{5}$ và $C'\in OD: OC'=1$.

Gọi $I$ là giao điểm hai đường chéo $OD$ và $A'B'$, ta có $OI=\dfrac{K}{2}=\dfrac{12}{5}$. Suy ra $IC'=|OC'-OI|=\left|1-\dfrac{K}{2}\right|=\dfrac{7}{5}$, nên $S_{\triangle A'B'C'}=\dfrac{IC'}{OI}S_{\triangle OA'B'}$.

$S_{\triangle OA'B'}=OI\cdot\sqrt{OA'^2-OI^2}=\dfrac{12}{5}\cdot\sqrt{4^2-\left(\dfrac{K}{2}\right)^2}=\dfrac{192}{25}$.

Vậy $S_{ABC}=S_{\triangle A'B'C'}=\left|1-\dfrac{K}{2}\right|\cdot\dfrac{16}{5}=\dfrac{112}{25}$.",Đạt,
750,Dạng 7 - Cực trị & vận dụng cao,Nhân bản,65,Số nguyên,"Cho các số phức $z_1, z_2, z_3$ thỏa mãn $|z_1|=|z_2|=4|z_3|=4$ và $10(z_1+z_2)z_3=2z_1z_2$. Gọi $A, B, C$ lần lượt là các điểm biểu diễn của $z_1, z_2, z_3$ trên mặt phẳng tọa độ. Diện tích tam giác $ABC$ bằng

A. $\dfrac{4 \sqrt{21}}{5}$.
B. $\dfrac{12 \sqrt{21}}{25}$.
C. $\dfrac{24 \sqrt{21}}{25}$.
D. $\dfrac{6 \sqrt{21}}{25}$.",B. $\dfrac{12 \sqrt{21}}{25}$.,"Ta có $10(z_1+z_2)z_3=2z_1z_2 \Leftrightarrow \dfrac{10}{z_2}+\dfrac{10}{z_1}=\dfrac{2}{z_3} \Leftrightarrow \dfrac{10\overline{z_2}}{|z_2|^2}+\dfrac{10\overline{z_1}}{|z_1|^2}=\dfrac{2\overline{z_3}}{|z_3|^2} \Leftrightarrow \dfrac{10\overline{z_2}}{4^2}+\dfrac{10\overline{z_1}}{4^2}=\dfrac{2\overline{z_3}}{1} \Leftrightarrow \overline{z_1}+\overline{z_2}=K\overline{z_3}$ với $K=\dfrac{2\cdot 4^2}{10}=\dfrac{16}{5}$. (1)

Gọi $A', B', C'$ lần lượt là các điểm biểu diễn của $\overline{z_1}, \overline{z_2}, \overline{z_3}$, suy ra $A', B', C'$ lần lượt đối xứng với $A, B, C$ qua trục $Ox \Rightarrow S_{\triangle ABC}=S_{\triangle A'B'C'}$.

Ta có $(1) \Leftrightarrow \overrightarrow{OA'}+\overrightarrow{OB'}=K\overrightarrow{OC'}=\overrightarrow{OD}$, trong đó $OA'=OB'=4, OC'=1$, suy ra tứ giác $OA'DB'$ là hình thoi có $OA'=OB'=4$, $OD=\dfrac{16}{5}$ và $C'\in OD: OC'=1$.

Gọi $I$ là giao điểm hai đường chéo $OD$ và $A'B'$, ta có $OI=\dfrac{K}{2}=\dfrac{8}{5}$. Suy ra $IC'=|OC'-OI|=\left|1-\dfrac{K}{2}\right|=\dfrac{3}{5}$, nên $S_{\triangle A'B'C'}=\dfrac{IC'}{OI}S_{\triangle OA'B'}$.

$S_{\triangle OA'B'}=OI\cdot\sqrt{OA'^2-OI^2}=\dfrac{8}{5}\cdot\sqrt{4^2-\left(\dfrac{K}{2}\right)^2}=\dfrac{32 \sqrt{21}}{25}$.

Vậy $S_{ABC}=S_{\triangle A'B'C'}=\left|1-\dfrac{K}{2}\right|\cdot\dfrac{4 \sqrt{21}}{5}=\dfrac{12 \sqrt{21}}{25}$.",Đạt,
751,Dạng 7 - Cực trị & vận dụng cao,Nhân bản,65,Số nguyên,"Cho các số phức $z_1, z_2, z_3$ thỏa mãn $|z_1|=|z_2|=4|z_3|=4$ và $8(z_1+z_2)z_3=2z_1z_2$. Gọi $A, B, C$ lần lượt là các điểm biểu diễn của $z_1, z_2, z_3$ trên mặt phẳng tọa độ. Diện tích tam giác $ABC$ bằng

A. $1 + 2 \sqrt{3}$.
B. $2 \sqrt{3}$.
C. $4 \sqrt{3}$.
D. $\sqrt{3}$.",B. $2 \sqrt{3}$.,"Ta có $8(z_1+z_2)z_3=2z_1z_2 \Leftrightarrow \dfrac{8}{z_2}+\dfrac{8}{z_1}=\dfrac{2}{z_3} \Leftrightarrow \dfrac{8\overline{z_2}}{|z_2|^2}+\dfrac{8\overline{z_1}}{|z_1|^2}=\dfrac{2\overline{z_3}}{|z_3|^2} \Leftrightarrow \dfrac{8\overline{z_2}}{4^2}+\dfrac{8\overline{z_1}}{4^2}=\dfrac{2\overline{z_3}}{1} \Leftrightarrow \overline{z_1}+\overline{z_2}=K\overline{z_3}$ với $K=\dfrac{2\cdot 4^2}{8}=4$. (1)

Gọi $A', B', C'$ lần lượt là các điểm biểu diễn của $\overline{z_1}, \overline{z_2}, \overline{z_3}$, suy ra $A', B', C'$ lần lượt đối xứng với $A, B, C$ qua trục $Ox \Rightarrow S_{\triangle ABC}=S_{\triangle A'B'C'}$.

Ta có $(1) \Leftrightarrow \overrightarrow{OA'}+\overrightarrow{OB'}=K\overrightarrow{OC'}=\overrightarrow{OD}$, trong đó $OA'=OB'=4, OC'=1$, suy ra tứ giác $OA'DB'$ là hình thoi có $OA'=OB'=4$, $OD=4$ và $C'\in OD: OC'=1$.

Gọi $I$ là giao điểm hai đường chéo $OD$ và $A'B'$, ta có $OI=\dfrac{K}{2}=2$. Suy ra $IC'=|OC'-OI|=\left|1-\dfrac{K}{2}\right|=1$, nên $S_{\triangle A'B'C'}=\dfrac{IC'}{OI}S_{\triangle OA'B'}$.

$S_{\triangle OA'B'}=OI\cdot\sqrt{OA'^2-OI^2}=2\cdot\sqrt{4^2-\left(\dfrac{K}{2}\right)^2}=4 \sqrt{3}$.

Vậy $S_{ABC}=S_{\triangle A'B'C'}=\left|1-\dfrac{K}{2}\right|\cdot2 \sqrt{3}=2 \sqrt{3}$.",Đạt,
752,Dạng 7 - Cực trị & vận dụng cao,Nhân bản,65,Số nguyên,"Cho các số phức $z_1, z_2, z_3$ thỏa mãn $|z_1|=|z_2|=4|z_3|=4$ và $8(z_1+z_2)z_3=2z_1z_2$. Gọi $A, B, C$ lần lượt là các điểm biểu diễn của $z_1, z_2, z_3$ trên mặt phẳng tọa độ. Diện tích tam giác $ABC$ bằng

A. $1 + 2 \sqrt{3}$.
B. $2 \sqrt{3}$.
C. $4 \sqrt{3}$.
D. $\sqrt{3}$.",B. $2 \sqrt{3}$.,"Ta có $8(z_1+z_2)z_3=2z_1z_2 \Leftrightarrow \dfrac{8}{z_2}+\dfrac{8}{z_1}=\dfrac{2}{z_3} \Leftrightarrow \dfrac{8\overline{z_2}}{|z_2|^2}+\dfrac{8\overline{z_1}}{|z_1|^2}=\dfrac{2\overline{z_3}}{|z_3|^2} \Leftrightarrow \dfrac{8\overline{z_2}}{4^2}+\dfrac{8\overline{z_1}}{4^2}=\dfrac{2\overline{z_3}}{1} \Leftrightarrow \overline{z_1}+\overline{z_2}=K\overline{z_3}$ với $K=\dfrac{2\cdot 4^2}{8}=4$. (1)

Gọi $A', B', C'$ lần lượt là các điểm biểu diễn của $\overline{z_1}, \overline{z_2}, \overline{z_3}$, suy ra $A', B', C'$ lần lượt đối xứng với $A, B, C$ qua trục $Ox \Rightarrow S_{\triangle ABC}=S_{\triangle A'B'C'}$.

Ta có $(1) \Leftrightarrow \overrightarrow{OA'}+\overrightarrow{OB'}=K\overrightarrow{OC'}=\overrightarrow{OD}$, trong đó $OA'=OB'=4, OC'=1$, suy ra tứ giác $OA'DB'$ là hình thoi có $OA'=OB'=4$, $OD=4$ và $C'\in OD: OC'=1$.

Gọi $I$ là giao điểm hai đường chéo $OD$ và $A'B'$, ta có $OI=\dfrac{K}{2}=2$. Suy ra $IC'=|OC'-OI|=\left|1-\dfrac{K}{2}\right|=1$, nên $S_{\triangle A'B'C'}=\dfrac{IC'}{OI}S_{\triangle OA'B'}$.

$S_{\triangle OA'B'}=OI\cdot\sqrt{OA'^2-OI^2}=2\cdot\sqrt{4^2-\left(\dfrac{K}{2}\right)^2}=4 \sqrt{3}$.

Vậy $S_{ABC}=S_{\triangle A'B'C'}=\left|1-\dfrac{K}{2}\right|\cdot2 \sqrt{3}=2 \sqrt{3}$.",Đạt,
753,Dạng 7 - Cực trị & vận dụng cao,Nhân bản,65,Số hữu tỉ,"Cho các số phức $z_1, z_2, z_3$ thỏa mãn $|z_1|=|z_2|=|z_3|=1$ và $8(z_1+z_2)z_3=2z_1z_2$. Gọi $A, B, C$ lần lượt là các điểm biểu diễn của $z_1, z_2, z_3$ trên mặt phẳng tọa độ. Diện tích tam giác $ABC$ bằng

A. $\dfrac{3 \sqrt{7}}{8}$.
B. $\dfrac{21 \sqrt{7}}{64}$.
C. $\dfrac{21 \sqrt{7}}{32}$.
D. $\dfrac{21 \sqrt{7}}{128}$.",B. $\dfrac{21 \sqrt{7}}{64}$.,"Ta có $8(z_1+z_2)z_3=2z_1z_2 \Leftrightarrow \dfrac{8}{z_2}+\dfrac{8}{z_1}=\dfrac{2}{z_3} \Leftrightarrow \dfrac{8\overline{z_2}}{|z_2|^2}+\dfrac{8\overline{z_1}}{|z_1|^2}=\dfrac{2\overline{z_3}}{|z_3|^2} \Leftrightarrow \dfrac{8\overline{z_2}}{1^2}+\dfrac{8\overline{z_1}}{1^2}=\dfrac{2\overline{z_3}}{1} \Leftrightarrow \overline{z_1}+\overline{z_2}=K\overline{z_3}$ với $K=\dfrac{2\cdot 1^2}{8}=\dfrac{1}{4}$. (1)

Gọi $A', B', C'$ lần lượt là các điểm biểu diễn của $\overline{z_1}, \overline{z_2}, \overline{z_3}$, suy ra $A', B', C'$ lần lượt đối xứng với $A, B, C$ qua trục $Ox \Rightarrow S_{\triangle ABC}=S_{\triangle A'B'C'}$.

Ta có $(1) \Leftrightarrow \overrightarrow{OA'}+\overrightarrow{OB'}=K\overrightarrow{OC'}=\overrightarrow{OD}$, trong đó $OA'=OB'=1, OC'=1$, suy ra tứ giác $OA'DB'$ là hình thoi có $OA'=OB'=1$, $OD=\dfrac{1}{4}$ và $C'\in OD: OC'=1$.

Gọi $I$ là giao điểm hai đường chéo $OD$ và $A'B'$, ta có $OI=\dfrac{K}{2}=\dfrac{1}{8}$. Suy ra $IC'=|OC'-OI|=\left|1-\dfrac{K}{2}\right|=\dfrac{7}{8}$, nên $S_{\triangle A'B'C'}=\dfrac{IC'}{OI}S_{\triangle OA'B'}$.

$S_{\triangle OA'B'}=OI\cdot\sqrt{OA'^2-OI^2}=\dfrac{1}{8}\cdot\sqrt{1^2-\left(\dfrac{K}{2}\right)^2}=\dfrac{3 \sqrt{7}}{64}$.

Vậy $S_{ABC}=S_{\triangle A'B'C'}=\left|1-\dfrac{K}{2}\right|\cdot\dfrac{3 \sqrt{7}}{8}=\dfrac{21 \sqrt{7}}{64}$.",Đạt,
754,Dạng 7 - Cực trị & vận dụng cao,Nhân bản,65,Số hữu tỉ,"Cho các số phức $z_1, z_2, z_3$ thỏa mãn $|z_1|=|z_2|=\dfrac{5}{2}|z_3|=\dfrac{5}{2}$ và $4(z_1+z_2)z_3=2z_1z_2$. Gọi $A, B, C$ lần lượt là các điểm biểu diễn của $z_1, z_2, z_3$ trên mặt phẳng tọa độ. Diện tích tam giác $ABC$ bằng

A. $\dfrac{5 \sqrt{39}}{16}$.
B. $\dfrac{45 \sqrt{39}}{256}$.
C. $\dfrac{45 \sqrt{39}}{128}$.
D. $\dfrac{45 \sqrt{39}}{512}$.",B. $\dfrac{45 \sqrt{39}}{256}$.,"Ta có $4(z_1+z_2)z_3=2z_1z_2 \Leftrightarrow \dfrac{4}{z_2}+\dfrac{4}{z_1}=\dfrac{2}{z_3} \Leftrightarrow \dfrac{4\overline{z_2}}{|z_2|^2}+\dfrac{4\overline{z_1}}{|z_1|^2}=\dfrac{2\overline{z_3}}{|z_3|^2} \Leftrightarrow \dfrac{4\overline{z_2}}{\dfrac{5}{2}^2}+\dfrac{4\overline{z_1}}{\dfrac{5}{2}^2}=\dfrac{2\overline{z_3}}{1} \Leftrightarrow \overline{z_1}+\overline{z_2}=K\overline{z_3}$ với $K=\dfrac{2\cdot \dfrac{5}{2}^2}{4}=\dfrac{25}{8}$. (1)

Gọi $A', B', C'$ lần lượt là các điểm biểu diễn của $\overline{z_1}, \overline{z_2}, \overline{z_3}$, suy ra $A', B', C'$ lần lượt đối xứng với $A, B, C$ qua trục $Ox \Rightarrow S_{\triangle ABC}=S_{\triangle A'B'C'}$.

Ta có $(1) \Leftrightarrow \overrightarrow{OA'}+\overrightarrow{OB'}=K\overrightarrow{OC'}=\overrightarrow{OD}$, trong đó $OA'=OB'=\dfrac{5}{2}, OC'=1$, suy ra tứ giác $OA'DB'$ là hình thoi có $OA'=OB'=\dfrac{5}{2}$, $OD=\dfrac{25}{8}$ và $C'\in OD: OC'=1$.

Gọi $I$ là giao điểm hai đường chéo $OD$ và $A'B'$, ta có $OI=\dfrac{K}{2}=\dfrac{25}{16}$. Suy ra $IC'=|OC'-OI|=\left|1-\dfrac{K}{2}\right|=\dfrac{9}{16}$, nên $S_{\triangle A'B'C'}=\dfrac{IC'}{OI}S_{\triangle OA'B'}$.

$S_{\triangle OA'B'}=OI\cdot\sqrt{OA'^2-OI^2}=\dfrac{25}{16}\cdot\sqrt{\dfrac{5}{2}^2-\left(\dfrac{K}{2}\right)^2}=\dfrac{125 \sqrt{39}}{256}$.

Vậy $S_{ABC}=S_{\triangle A'B'C'}=\left|1-\dfrac{K}{2}\right|\cdot\dfrac{5 \sqrt{39}}{16}=\dfrac{45 \sqrt{39}}{256}$.",Đạt,
755,Dạng 7 - Cực trị & vận dụng cao,Nhân bản,65,Số hữu tỉ,"Cho các số phức $z_1, z_2, z_3$ thỏa mãn $|z_1|=|z_2|=\dfrac{7}{3}|z_3|=\dfrac{7}{3}$ và $6(z_1+z_2)z_3=2z_1z_2$. Gọi $A, B, C$ lần lượt là các điểm biểu diễn của $z_1, z_2, z_3$ trên mặt phẳng tọa độ. Diện tích tam giác $ABC$ bằng

A. $\dfrac{35 \sqrt{11}}{54}$.
B. $\dfrac{175 \sqrt{11}}{2916}$.
C. $\dfrac{175 \sqrt{11}}{1458}$.
D. $\dfrac{175 \sqrt{11}}{5832}$.",B. $\dfrac{175 \sqrt{11}}{2916}$.,"Ta có $6(z_1+z_2)z_3=2z_1z_2 \Leftrightarrow \dfrac{6}{z_2}+\dfrac{6}{z_1}=\dfrac{2}{z_3} \Leftrightarrow \dfrac{6\overline{z_2}}{|z_2|^2}+\dfrac{6\overline{z_1}}{|z_1|^2}=\dfrac{2\overline{z_3}}{|z_3|^2} \Leftrightarrow \dfrac{6\overline{z_2}}{\dfrac{7}{3}^2}+\dfrac{6\overline{z_1}}{\dfrac{7}{3}^2}=\dfrac{2\overline{z_3}}{1} \Leftrightarrow \overline{z_1}+\overline{z_2}=K\overline{z_3}$ với $K=\dfrac{2\cdot \dfrac{7}{3}^2}{6}=\dfrac{49}{27}$. (1)

Gọi $A', B', C'$ lần lượt là các điểm biểu diễn của $\overline{z_1}, \overline{z_2}, \overline{z_3}$, suy ra $A', B', C'$ lần lượt đối xứng với $A, B, C$ qua trục $Ox \Rightarrow S_{\triangle ABC}=S_{\triangle A'B'C'}$.

Ta có $(1) \Leftrightarrow \overrightarrow{OA'}+\overrightarrow{OB'}=K\overrightarrow{OC'}=\overrightarrow{OD}$, trong đó $OA'=OB'=\dfrac{7}{3}, OC'=1$, suy ra tứ giác $OA'DB'$ là hình thoi có $OA'=OB'=\dfrac{7}{3}$, $OD=\dfrac{49}{27}$ và $C'\in OD: OC'=1$.

Gọi $I$ là giao điểm hai đường chéo $OD$ và $A'B'$, ta có $OI=\dfrac{K}{2}=\dfrac{49}{54}$. Suy ra $IC'=|OC'-OI|=\left|1-\dfrac{K}{2}\right|=\dfrac{5}{54}$, nên $S_{\triangle A'B'C'}=\dfrac{IC'}{OI}S_{\triangle OA'B'}$.

$S_{\triangle OA'B'}=OI\cdot\sqrt{OA'^2-OI^2}=\dfrac{49}{54}\cdot\sqrt{\dfrac{7}{3}^2-\left(\dfrac{K}{2}\right)^2}=\dfrac{1715 \sqrt{11}}{2916}$.

Vậy $S_{ABC}=S_{\triangle A'B'C'}=\left|1-\dfrac{K}{2}\right|\cdot\dfrac{35 \sqrt{11}}{54}=\dfrac{175 \sqrt{11}}{2916}$.",Đạt,
756,Dạng 7 - Cực trị & vận dụng cao,Nhân bản,65,Số hữu tỉ,"Cho các số phức $z_1, z_2, z_3$ thỏa mãn $|z_1|=|z_2|=\dfrac{7}{3}|z_3|=\dfrac{7}{3}$ và $8(z_1+z_2)z_3=2z_1z_2$. Gọi $A, B, C$ lần lượt là các điểm biểu diễn của $z_1, z_2, z_3$ trên mặt phẳng tọa độ. Diện tích tam giác $ABC$ bằng

A. $\dfrac{7 \sqrt{527}}{72}$.
B. $\dfrac{161 \sqrt{527}}{5184}$.
C. $\dfrac{161 \sqrt{527}}{2592}$.
D. $\dfrac{161 \sqrt{527}}{10368}$.",B. $\dfrac{161 \sqrt{527}}{5184}$.,"Ta có $8(z_1+z_2)z_3=2z_1z_2 \Leftrightarrow \dfrac{8}{z_2}+\dfrac{8}{z_1}=\dfrac{2}{z_3} \Leftrightarrow \dfrac{8\overline{z_2}}{|z_2|^2}+\dfrac{8\overline{z_1}}{|z_1|^2}=\dfrac{2\overline{z_3}}{|z_3|^2} \Leftrightarrow \dfrac{8\overline{z_2}}{\dfrac{7}{3}^2}+\dfrac{8\overline{z_1}}{\dfrac{7}{3}^2}=\dfrac{2\overline{z_3}}{1} \Leftrightarrow \overline{z_1}+\overline{z_2}=K\overline{z_3}$ với $K=\dfrac{2\cdot \dfrac{7}{3}^2}{8}=\dfrac{49}{36}$. (1)

Gọi $A', B', C'$ lần lượt là các điểm biểu diễn của $\overline{z_1}, \overline{z_2}, \overline{z_3}$, suy ra $A', B', C'$ lần lượt đối xứng với $A, B, C$ qua trục $Ox \Rightarrow S_{\triangle ABC}=S_{\triangle A'B'C'}$.

Ta có $(1) \Leftrightarrow \overrightarrow{OA'}+\overrightarrow{OB'}=K\overrightarrow{OC'}=\overrightarrow{OD}$, trong đó $OA'=OB'=\dfrac{7}{3}, OC'=1$, suy ra tứ giác $OA'DB'$ là hình thoi có $OA'=OB'=\dfrac{7}{3}$, $OD=\dfrac{49}{36}$ và $C'\in OD: OC'=1$.

Gọi $I$ là giao điểm hai đường chéo $OD$ và $A'B'$, ta có $OI=\dfrac{K}{2}=\dfrac{49}{72}$. Suy ra $IC'=|OC'-OI|=\left|1-\dfrac{K}{2}\right|=\dfrac{23}{72}$, nên $S_{\triangle A'B'C'}=\dfrac{IC'}{OI}S_{\triangle OA'B'}$.

$S_{\triangle OA'B'}=OI\cdot\sqrt{OA'^2-OI^2}=\dfrac{49}{72}\cdot\sqrt{\dfrac{7}{3}^2-\left(\dfrac{K}{2}\right)^2}=\dfrac{343 \sqrt{527}}{5184}$.

Vậy $S_{ABC}=S_{\triangle A'B'C'}=\left|1-\dfrac{K}{2}\right|\cdot\dfrac{7 \sqrt{527}}{72}=\dfrac{161 \sqrt{527}}{5184}$.",Đạt,
757,Dạng 7 - Cực trị & vận dụng cao,Nhân bản,65,Số hữu tỉ,"Cho các số phức $z_1, z_2, z_3$ thỏa mãn $|z_1|=|z_2|=\dfrac{7}{3}|z_3|=\dfrac{7}{3}$ và $8(z_1+z_2)z_3=3z_1z_2$. Gọi $A, B, C$ lần lượt là các điểm biểu diễn của $z_1, z_2, z_3$ trên mặt phẳng tọa độ. Diện tích tam giác $ABC$ bằng

A. $\dfrac{7 \sqrt{23}}{16}$.
B. $\dfrac{7 \sqrt{23}}{768}$.
C. $\dfrac{7 \sqrt{23}}{384}$.
D. $\dfrac{7 \sqrt{23}}{1536}$.",B. $\dfrac{7 \sqrt{23}}{768}$.,"Ta có $8(z_1+z_2)z_3=3z_1z_2 \Leftrightarrow \dfrac{8}{z_2}+\dfrac{8}{z_1}=\dfrac{3}{z_3} \Leftrightarrow \dfrac{8\overline{z_2}}{|z_2|^2}+\dfrac{8\overline{z_1}}{|z_1|^2}=\dfrac{3\overline{z_3}}{|z_3|^2} \Leftrightarrow \dfrac{8\overline{z_2}}{\dfrac{7}{3}^2}+\dfrac{8\overline{z_1}}{\dfrac{7}{3}^2}=\dfrac{3\overline{z_3}}{1} \Leftrightarrow \overline{z_1}+\overline{z_2}=K\overline{z_3}$ với $K=\dfrac{3\cdot \dfrac{7}{3}^2}{8}=\dfrac{49}{24}$. (1)

Gọi $A', B', C'$ lần lượt là các điểm biểu diễn của $\overline{z_1}, \overline{z_2}, \overline{z_3}$, suy ra $A', B', C'$ lần lượt đối xứng với $A, B, C$ qua trục $Ox \Rightarrow S_{\triangle ABC}=S_{\triangle A'B'C'}$.

Ta có $(1) \Leftrightarrow \overrightarrow{OA'}+\overrightarrow{OB'}=K\overrightarrow{OC'}=\overrightarrow{OD}$, trong đó $OA'=OB'=\dfrac{7}{3}, OC'=1$, suy ra tứ giác $OA'DB'$ là hình thoi có $OA'=OB'=\dfrac{7}{3}$, $OD=\dfrac{49}{24}$ và $C'\in OD: OC'=1$.

Gọi $I$ là giao điểm hai đường chéo $OD$ và $A'B'$, ta có $OI=\dfrac{K}{2}=\dfrac{49}{48}$. Suy ra $IC'=|OC'-OI|=\left|1-\dfrac{K}{2}\right|=\dfrac{1}{48}$, nên $S_{\triangle A'B'C'}=\dfrac{IC'}{OI}S_{\triangle OA'B'}$.

$S_{\triangle OA'B'}=OI\cdot\sqrt{OA'^2-OI^2}=\dfrac{49}{48}\cdot\sqrt{\dfrac{7}{3}^2-\left(\dfrac{K}{2}\right)^2}=\dfrac{343 \sqrt{23}}{768}$.

Vậy $S_{ABC}=S_{\triangle A'B'C'}=\left|1-\dfrac{K}{2}\right|\cdot\dfrac{7 \sqrt{23}}{16}=\dfrac{7 \sqrt{23}}{768}$.",Đạt,
758,Dạng 7 - Cực trị & vận dụng cao,Nhân bản,65,Số vô tỉ,"Cho các số phức $z_1, z_2, z_3$ thỏa mãn $|z_1|=|z_2|=\sqrt{3}|z_3|=\sqrt{3}$ và $6(z_1+z_2)z_3=5z_1z_2$. Gọi $A, B, C$ lần lượt là các điểm biểu diễn của $z_1, z_2, z_3$ trên mặt phẳng tọa độ. Diện tích tam giác $ABC$ bằng

A. $\dfrac{\sqrt{23}}{4}$.
B. $\dfrac{\sqrt{23}}{16}$.
C. $\dfrac{\sqrt{23}}{8}$.
D. $\dfrac{\sqrt{23}}{32}$.",B. $\dfrac{\sqrt{23}}{16}$.,"Ta có $6(z_1+z_2)z_3=5z_1z_2 \Leftrightarrow \dfrac{6}{z_2}+\dfrac{6}{z_1}=\dfrac{5}{z_3} \Leftrightarrow \dfrac{6\overline{z_2}}{|z_2|^2}+\dfrac{6\overline{z_1}}{|z_1|^2}=\dfrac{5\overline{z_3}}{|z_3|^2} \Leftrightarrow \dfrac{6\overline{z_2}}{\sqrt{3}^2}+\dfrac{6\overline{z_1}}{\sqrt{3}^2}=\dfrac{5\overline{z_3}}{1} \Leftrightarrow \overline{z_1}+\overline{z_2}=K\overline{z_3}$ với $K=\dfrac{5\cdot \sqrt{3}^2}{6}=\dfrac{5}{2}$. (1)

Gọi $A', B', C'$ lần lượt là các điểm biểu diễn của $\overline{z_1}, \overline{z_2}, \overline{z_3}$, suy ra $A', B', C'$ lần lượt đối xứng với $A, B, C$ qua trục $Ox \Rightarrow S_{\triangle ABC}=S_{\triangle A'B'C'}$.

Ta có $(1) \Leftrightarrow \overrightarrow{OA'}+\overrightarrow{OB'}=K\overrightarrow{OC'}=\overrightarrow{OD}$, trong đó $OA'=OB'=\sqrt{3}, OC'=1$, suy ra tứ giác $OA'DB'$ là hình thoi có $OA'=OB'=\sqrt{3}$, $OD=\dfrac{5}{2}$ và $C'\in OD: OC'=1$.

Gọi $I$ là giao điểm hai đường chéo $OD$ và $A'B'$, ta có $OI=\dfrac{K}{2}=\dfrac{5}{4}$. Suy ra $IC'=|OC'-OI|=\left|1-\dfrac{K}{2}\right|=\dfrac{1}{4}$, nên $S_{\triangle A'B'C'}=\dfrac{IC'}{OI}S_{\triangle OA'B'}$.

$S_{\triangle OA'B'}=OI\cdot\sqrt{OA'^2-OI^2}=\dfrac{5}{4}\cdot\sqrt{\sqrt{3}^2-\left(\dfrac{K}{2}\right)^2}=\dfrac{5 \sqrt{23}}{16}$.

Vậy $S_{ABC}=S_{\triangle A'B'C'}=\left|1-\dfrac{K}{2}\right|\cdot\dfrac{\sqrt{23}}{4}=\dfrac{\sqrt{23}}{16}$.",Đạt,
759,Dạng 7 - Cực trị & vận dụng cao,Nhân bản,65,Số vô tỉ,"Cho các số phức $z_1, z_2, z_3$ thỏa mãn $|z_1|=|z_2|=\sqrt{3}|z_3|=\sqrt{3}$ và $10(z_1+z_2)z_3=3z_1z_2$. Gọi $A, B, C$ lần lượt là các điểm biểu diễn của $z_1, z_2, z_3$ trên mặt phẳng tọa độ. Diện tích tam giác $ABC$ bằng

A. $\dfrac{\sqrt{1119}}{20}$.
B. $\dfrac{11 \sqrt{1119}}{400}$.
C. $\dfrac{11 \sqrt{1119}}{200}$.
D. $\dfrac{11 \sqrt{1119}}{800}$.",B. $\dfrac{11 \sqrt{1119}}{400}$.,"Ta có $10(z_1+z_2)z_3=3z_1z_2 \Leftrightarrow \dfrac{10}{z_2}+\dfrac{10}{z_1}=\dfrac{3}{z_3} \Leftrightarrow \dfrac{10\overline{z_2}}{|z_2|^2}+\dfrac{10\overline{z_1}}{|z_1|^2}=\dfrac{3\overline{z_3}}{|z_3|^2} \Leftrightarrow \dfrac{10\overline{z_2}}{\sqrt{3}^2}+\dfrac{10\overline{z_1}}{\sqrt{3}^2}=\dfrac{3\overline{z_3}}{1} \Leftrightarrow \overline{z_1}+\overline{z_2}=K\overline{z_3}$ với $K=\dfrac{3\cdot \sqrt{3}^2}{10}=\dfrac{9}{10}$. (1)

Gọi $A', B', C'$ lần lượt là các điểm biểu diễn của $\overline{z_1}, \overline{z_2}, \overline{z_3}$, suy ra $A', B', C'$ lần lượt đối xứng với $A, B, C$ qua trục $Ox \Rightarrow S_{\triangle ABC}=S_{\triangle A'B'C'}$.

Ta có $(1) \Leftrightarrow \overrightarrow{OA'}+\overrightarrow{OB'}=K\overrightarrow{OC'}=\overrightarrow{OD}$, trong đó $OA'=OB'=\sqrt{3}, OC'=1$, suy ra tứ giác $OA'DB'$ là hình thoi có $OA'=OB'=\sqrt{3}$, $OD=\dfrac{9}{10}$ và $C'\in OD: OC'=1$.

Gọi $I$ là giao điểm hai đường chéo $OD$ và $A'B'$, ta có $OI=\dfrac{K}{2}=\dfrac{9}{20}$. Suy ra $IC'=|OC'-OI|=\left|1-\dfrac{K}{2}\right|=\dfrac{11}{20}$, nên $S_{\triangle A'B'C'}=\dfrac{IC'}{OI}S_{\triangle OA'B'}$.

$S_{\triangle OA'B'}=OI\cdot\sqrt{OA'^2-OI^2}=\dfrac{9}{20}\cdot\sqrt{\sqrt{3}^2-\left(\dfrac{K}{2}\right)^2}=\dfrac{9 \sqrt{1119}}{400}$.

Vậy $S_{ABC}=S_{\triangle A'B'C'}=\left|1-\dfrac{K}{2}\right|\cdot\dfrac{\sqrt{1119}}{20}=\dfrac{11 \sqrt{1119}}{400}$.",Đạt,
760,Dạng 7 - Cực trị & vận dụng cao,Nhân bản,65,Số vô tỉ,"Cho các số phức $z_1, z_2, z_3$ thỏa mãn $|z_1|=|z_2|=\sqrt{5}|z_3|=\sqrt{5}$ và $6(z_1+z_2)z_3=5z_1z_2$. Gọi $A, B, C$ lần lượt là các điểm biểu diễn của $z_1, z_2, z_3$ trên mặt phẳng tọa độ. Diện tích tam giác $ABC$ bằng

A. $\dfrac{\sqrt{95}}{12}$.
B. $\dfrac{13 \sqrt{95}}{144}$.
C. $\dfrac{13 \sqrt{95}}{72}$.
D. $\dfrac{13 \sqrt{95}}{288}$.",B. $\dfrac{13 \sqrt{95}}{144}$.,"Ta có $6(z_1+z_2)z_3=5z_1z_2 \Leftrightarrow \dfrac{6}{z_2}+\dfrac{6}{z_1}=\dfrac{5}{z_3} \Leftrightarrow \dfrac{6\overline{z_2}}{|z_2|^2}+\dfrac{6\overline{z_1}}{|z_1|^2}=\dfrac{5\overline{z_3}}{|z_3|^2} \Leftrightarrow \dfrac{6\overline{z_2}}{\sqrt{5}^2}+\dfrac{6\overline{z_1}}{\sqrt{5}^2}=\dfrac{5\overline{z_3}}{1} \Leftrightarrow \overline{z_1}+\overline{z_2}=K\overline{z_3}$ với $K=\dfrac{5\cdot \sqrt{5}^2}{6}=\dfrac{25}{6}$. (1)

Gọi $A', B', C'$ lần lượt là các điểm biểu diễn của $\overline{z_1}, \overline{z_2}, \overline{z_3}$, suy ra $A', B', C'$ lần lượt đối xứng với $A, B, C$ qua trục $Ox \Rightarrow S_{\triangle ABC}=S_{\triangle A'B'C'}$.

Ta có $(1) \Leftrightarrow \overrightarrow{OA'}+\overrightarrow{OB'}=K\overrightarrow{OC'}=\overrightarrow{OD}$, trong đó $OA'=OB'=\sqrt{5}, OC'=1$, suy ra tứ giác $OA'DB'$ là hình thoi có $OA'=OB'=\sqrt{5}$, $OD=\dfrac{25}{6}$ và $C'\in OD: OC'=1$.

Gọi $I$ là giao điểm hai đường chéo $OD$ và $A'B'$, ta có $OI=\dfrac{K}{2}=\dfrac{25}{12}$. Suy ra $IC'=|OC'-OI|=\left|1-\dfrac{K}{2}\right|=\dfrac{13}{12}$, nên $S_{\triangle A'B'C'}=\dfrac{IC'}{OI}S_{\triangle OA'B'}$.

$S_{\triangle OA'B'}=OI\cdot\sqrt{OA'^2-OI^2}=\dfrac{25}{12}\cdot\sqrt{\sqrt{5}^2-\left(\dfrac{K}{2}\right)^2}=\dfrac{25 \sqrt{95}}{144}$.

Vậy $S_{ABC}=S_{\triangle A'B'C'}=\left|1-\dfrac{K}{2}\right|\cdot\dfrac{\sqrt{95}}{12}=\dfrac{13 \sqrt{95}}{144}$.",Đạt,
761,Dạng 7 - Cực trị & vận dụng cao,Nhân bản,65,Số vô tỉ,"Cho các số phức $z_1, z_2, z_3$ thỏa mãn $|z_1|=|z_2|=2 \sqrt{3}|z_3|=2 \sqrt{3}$ và $8(z_1+z_2)z_3=3z_1z_2$. Gọi $A, B, C$ lần lượt là các điểm biểu diễn của $z_1, z_2, z_3$ trên mặt phẳng tọa độ. Diện tích tam giác $ABC$ bằng

A. $\dfrac{\sqrt{111}}{4}$.
B. $\dfrac{5 \sqrt{111}}{16}$.
C. $\dfrac{5 \sqrt{111}}{8}$.
D. $\dfrac{5 \sqrt{111}}{32}$.",B. $\dfrac{5 \sqrt{111}}{16}$.,"Ta có $8(z_1+z_2)z_3=3z_1z_2 \Leftrightarrow \dfrac{8}{z_2}+\dfrac{8}{z_1}=\dfrac{3}{z_3} \Leftrightarrow \dfrac{8\overline{z_2}}{|z_2|^2}+\dfrac{8\overline{z_1}}{|z_1|^2}=\dfrac{3\overline{z_3}}{|z_3|^2} \Leftrightarrow \dfrac{8\overline{z_2}}{2 \sqrt{3}^2}+\dfrac{8\overline{z_1}}{2 \sqrt{3}^2}=\dfrac{3\overline{z_3}}{1} \Leftrightarrow \overline{z_1}+\overline{z_2}=K\overline{z_3}$ với $K=\dfrac{3\cdot 2 \sqrt{3}^2}{8}=\dfrac{9}{2}$. (1)

Gọi $A', B', C'$ lần lượt là các điểm biểu diễn của $\overline{z_1}, \overline{z_2}, \overline{z_3}$, suy ra $A', B', C'$ lần lượt đối xứng với $A, B, C$ qua trục $Ox \Rightarrow S_{\triangle ABC}=S_{\triangle A'B'C'}$.

Ta có $(1) \Leftrightarrow \overrightarrow{OA'}+\overrightarrow{OB'}=K\overrightarrow{OC'}=\overrightarrow{OD}$, trong đó $OA'=OB'=2 \sqrt{3}, OC'=1$, suy ra tứ giác $OA'DB'$ là hình thoi có $OA'=OB'=2 \sqrt{3}$, $OD=\dfrac{9}{2}$ và $C'\in OD: OC'=1$.

Gọi $I$ là giao điểm hai đường chéo $OD$ và $A'B'$, ta có $OI=\dfrac{K}{2}=\dfrac{9}{4}$. Suy ra $IC'=|OC'-OI|=\left|1-\dfrac{K}{2}\right|=\dfrac{5}{4}$, nên $S_{\triangle A'B'C'}=\dfrac{IC'}{OI}S_{\triangle OA'B'}$.

$S_{\triangle OA'B'}=OI\cdot\sqrt{OA'^2-OI^2}=\dfrac{9}{4}\cdot\sqrt{2 \sqrt{3}^2-\left(\dfrac{K}{2}\right)^2}=\dfrac{9 \sqrt{111}}{16}$.

Vậy $S_{ABC}=S_{\triangle A'B'C'}=\left|1-\dfrac{K}{2}\right|\cdot\dfrac{\sqrt{111}}{4}=\dfrac{5 \sqrt{111}}{16}$.",Đạt,
762,Dạng 7 - Cực trị & vận dụng cao,Nhân bản,65,Số vô tỉ,"Cho các số phức $z_1, z_2, z_3$ thỏa mãn $|z_1|=|z_2|=2 \sqrt{2}|z_3|=2 \sqrt{2}$ và $10(z_1+z_2)z_3=5z_1z_2$. Gọi $A, B, C$ lần lượt là các điểm biểu diễn của $z_1, z_2, z_3$ trên mặt phẳng tọa độ. Diện tích tam giác $ABC$ bằng

A. $3$.
B. $2$.
C. $4$.
D. $1$.",B. $2$.,"Ta có $10(z_1+z_2)z_3=5z_1z_2 \Leftrightarrow \dfrac{10}{z_2}+\dfrac{10}{z_1}=\dfrac{5}{z_3} \Leftrightarrow \dfrac{10\overline{z_2}}{|z_2|^2}+\dfrac{10\overline{z_1}}{|z_1|^2}=\dfrac{5\overline{z_3}}{|z_3|^2} \Leftrightarrow \dfrac{10\overline{z_2}}{2 \sqrt{2}^2}+\dfrac{10\overline{z_1}}{2 \sqrt{2}^2}=\dfrac{5\overline{z_3}}{1} \Leftrightarrow \overline{z_1}+\overline{z_2}=K\overline{z_3}$ với $K=\dfrac{5\cdot 2 \sqrt{2}^2}{10}=4$. (1)

Gọi $A', B', C'$ lần lượt là các điểm biểu diễn của $\overline{z_1}, \overline{z_2}, \overline{z_3}$, suy ra $A', B', C'$ lần lượt đối xứng với $A, B, C$ qua trục $Ox \Rightarrow S_{\triangle ABC}=S_{\triangle A'B'C'}$.

Ta có $(1) \Leftrightarrow \overrightarrow{OA'}+\overrightarrow{OB'}=K\overrightarrow{OC'}=\overrightarrow{OD}$, trong đó $OA'=OB'=2 \sqrt{2}, OC'=1$, suy ra tứ giác $OA'DB'$ là hình thoi có $OA'=OB'=2 \sqrt{2}$, $OD=4$ và $C'\in OD: OC'=1$.

Gọi $I$ là giao điểm hai đường chéo $OD$ và $A'B'$, ta có $OI=\dfrac{K}{2}=2$. Suy ra $IC'=|OC'-OI|=\left|1-\dfrac{K}{2}\right|=1$, nên $S_{\triangle A'B'C'}=\dfrac{IC'}{OI}S_{\triangle OA'B'}$.

$S_{\triangle OA'B'}=OI\cdot\sqrt{OA'^2-OI^2}=2\cdot\sqrt{2 \sqrt{2}^2-\left(\dfrac{K}{2}\right)^2}=4$.

Vậy $S_{ABC}=S_{\triangle A'B'C'}=\left|1-\dfrac{K}{2}\right|\cdot2=2$.",Đạt,
